#
# There is insufficient memory for the Java Runtime Environment to continue.
# Native memory allocation (mmap) failed to map 427819008 bytes. Error detail: G1 virtual space
# Possible reasons:
#   The system is out of physical RAM or swap space
#   This process is running with CompressedOops enabled, and the Java Heap may be blocking the growth of the native heap
# Possible solutions:
#   Reduce memory load on the system
#   Increase physical memory or swap space
#   Check if swap backing store is full
#   Decrease Java heap size (-Xmx/-Xms)
#   Decrease number of Java threads
#   Decrease Java thread stack sizes (-Xss)
#   Set larger code cache with -XX:ReservedCodeCacheSize=
#   JVM is running with Unscaled Compressed Oops mode in which the Java heap is
#     placed in the first 4GB address space. The Java Heap base address is the
#     maximum limit for the native heap growth. Please use -XX:HeapBaseMinAddress
#     to set the Java Heap base and to place the Java Heap above 4GB virtual address.
# This output file may be truncated or incomplete.
#
#  Out of Memory Error (os_windows.cpp:3830), pid=32364, tid=21688
#
# JRE version: OpenJDK Runtime Environment JBR-17.0.14+1-1367.22-nomod (17.0.14+1) (build 17.0.14+1-b1367.22)
# Java VM: OpenJDK 64-Bit Server VM JBR-17.0.14+1-1367.22-nomod (17.0.14+1-b1367.22, mixed mode, sharing, tiered, compressed oops, compressed class ptrs, g1 gc, windows-amd64)
# No core dump will be written. Minidumps are not enabled by default on client versions of Windows
#

---------------  S U M M A R Y ------------

Command Line: --add-opens=java.base/java.lang=ALL-UNNAMED --add-opens=java.base/java.lang.invoke=ALL-UNNAMED --add-opens=java.base/java.util=ALL-UNNAMED --add-opens=java.prefs/java.util.prefs=ALL-UNNAMED --add-exports=jdk.compiler/com.sun.tools.javac.api=ALL-UNNAMED --add-exports=jdk.compiler/com.sun.tools.javac.util=ALL-UNNAMED --add-opens=java.base/java.util=ALL-UNNAMED --add-opens=java.prefs/java.util.prefs=ALL-UNNAMED --add-opens=java.base/java.nio.charset=ALL-UNNAMED --add-opens=java.base/java.net=ALL-UNNAMED --add-opens=java.base/java.util.concurrent.atomic=ALL-UNNAMED --add-opens=java.xml/javax.xml.namespace=ALL-UNNAMED -Xmx2048m -Dfile.encoding=UTF-8 -Duser.country=US -Duser.language=en -Duser.variant -javaagent:C:\Users\Wire\.gradle\wrapper\dists\gradle-8.13-bin\5xuhj0ry160q40clulazy9h7d\gradle-8.13\lib\agents\gradle-instrumentation-agent-8.13.jar org.gradle.launcher.daemon.bootstrap.GradleDaemon 8.13

Host: AMD Ryzen 9 5900X 12-Core Processor            , 24 cores, 31G,  Windows 11 , 64 bit Build 26100 (10.0.26100.8875)
Time: Tue Jul 21 20:59:31 2026 Pacific Daylight Time elapsed time: 11178.525305 seconds (0d 3h 6m 18s)

---------------  T H R E A D  ---------------

Current thread (0x000001f26d27d970):  VMThread "VM Thread" [stack: 0x0000000cfc100000,0x0000000cfc200000] [id=21688]

Stack: [0x0000000cfc100000,0x0000000cfc200000]
Native frames: (J=compiled Java code, j=interpreted, Vv=VM code, C=native code)
V  [jvm.dll+0x68b969]  os::platform_print_native_stack+0xd9  (os_windows_x86.cpp:235)
V  [jvm.dll+0x84572a]  VMError::report+0xc6a  (vmError.cpp:868)
V  [jvm.dll+0x8473ae]  VMError::report_and_die+0x78e  (vmError.cpp:1766)
V  [jvm.dll+0x847a13]  VMError::report_and_die+0x43  (vmError.cpp:1552)
V  [jvm.dll+0x24a83f]  report_vm_out_of_memory+0x8f  (debug.cpp:321)
V  [jvm.dll+0x688629]  os::pd_commit_memory_or_exit+0xc9  (os_windows.cpp:3838)
V  [jvm.dll+0x67cf3a]  os::commit_memory_or_exit+0x2a  (os.cpp:1768)
V  [jvm.dll+0x30b83b]  G1PageBasedVirtualSpace::commit+0x19b  (g1PageBasedVirtualSpace.cpp:204)
V  [jvm.dll+0x312d26]  G1RegionsLargerThanCommitSizeMapper::commit_regions+0x96  (g1RegionToSpaceMapper.cpp:100)
V  [jvm.dll+0x3630fe]  HeapRegionManager::expand_any+0xee  (heapRegionManager.cpp:363)
V  [jvm.dll+0x36333f]  HeapRegionManager::expand_by+0x7f  (heapRegionManager.cpp:380)
V  [jvm.dll+0x2e18cc]  G1CollectedHeap::expand+0xbc  (g1CollectedHeap.cpp:1292)
V  [jvm.dll+0x2dfc8f]  G1CollectedHeap::do_collection_pause_at_safepoint_helper+0x8bf  (g1CollectedHeap.cpp:3094)
V  [jvm.dll+0x2df3bc]  G1CollectedHeap::do_collection_pause_at_safepoint+0x5c  (g1CollectedHeap.cpp:2898)
V  [jvm.dll+0x323a7b]  VM_G1CollectForAllocation::doit+0x6b  (g1VMOperations.cpp:147)
V  [jvm.dll+0x84c11d]  VM_Operation::evaluate+0xfd  (vmOperations.cpp:73)
V  [jvm.dll+0x84ce62]  VMThread::evaluate_operation+0xd2  (vmThread.cpp:269)
V  [jvm.dll+0x84d38f]  VMThread::inner_execute+0x1af  (vmThread.cpp:417)
V  [jvm.dll+0x84d774]  VMThread::loop+0x254  (vmThread.cpp:481)
V  [jvm.dll+0x84d840]  VMThread::run+0x70  (vmThread.cpp:167)
V  [jvm.dll+0x7f3a1c]  Thread::call_run+0x8c  (thread.cpp:405)
V  [jvm.dll+0x68a7c7]  thread_native_entry+0x77  (os_windows.cpp:551)
C  [ucrtbase.dll+0x2cd30]
C  [KERNEL32.DLL+0x2e957]
C  [ntdll.dll+0xaad6c]

VM_Operation (0x0000000c8c7fc910): G1CollectForAllocation, mode: safepoint, requested by thread 0x000001f24939aaf0


---------------  P R O C E S S  ---------------

Threads class SMR info:
_java_thread_list=0x000001f276365890, length=298, elements={
0x000001f251949540, 0x000001f26ce038e0, 0x000001f26ce04e20, 0x000001f26ce22c70,
0x000001f26ce25550, 0x000001f26ce279a0, 0x000001f26ce28de0, 0x000001f26ce2da50,
0x000001f26d2896a0, 0x000001f26d289fb0, 0x000001f26d391ab0, 0x000001f26d5208e0,
0x000001f2724410f0, 0x000001f2738ff110, 0x000001f27345e070, 0x000001f273ad3000,
0x000001f273c1ddf0, 0x000001f273c1b570, 0x000001f273c1d8e0, 0x000001f273c1e810,
0x000001f273c1d3d0, 0x000001f273c1ba80, 0x000001f273c1f230, 0x000001f273c1f740,
0x000001f27457d680, 0x000001f27457eac0, 0x000001f276bc19a0, 0x000001f276bc4730,
0x000001f276bc1490, 0x000001f276bc32f0, 0x000001f277419440, 0x000001f277418a20,
0x000001f272fd9500, 0x000001f272fd9f20, 0x000001f272fdae50, 0x000001f272fde0f0,
0x000001f26d863140, 0x000001f26d863b60, 0x000001f26d8654b0, 0x000001f245a005f0,
0x000001f278d47460, 0x000001f2476af220, 0x000001f2470a01d0, 0x000001f2476af730,
0x000001f248235dc0, 0x000001f247548350, 0x000001f248234980, 0x000001f246e2f370,
0x000001f24939a0d0, 0x000001f2476afc40, 0x000001f2476adde0, 0x000001f245ec5d20,
0x000001f24939b510, 0x000001f24e6f4080, 0x000001f24939ba20, 0x000001f247e6d7b0,
0x000001f2749df7d0, 0x000001f247e6e1d0, 0x000001f27b7deed0, 0x000001f2459e76c0,
0x000001f2459e9a30, 0x000001f2459e71b0, 0x000001f2749dedb0, 0x000001f2749e0700,
0x000001f2749df2c0, 0x000001f2749dd460, 0x000001f2749dde80, 0x000001f27cec9cb0,
0x000001f27ceca1c0, 0x000001f27cec8d80, 0x000001f27cec8870, 0x000001f27cec9290,
0x000001f27cec97a0, 0x000001f27cec6a10, 0x000001f27cec8360, 0x000001f27cec6f20,
0x000001f27cec7430, 0x000001f27cec7940, 0x000001f27cec7e50, 0x000001f27512a020,
0x000001f27512a530, 0x000001f275126d80, 0x000001f2751281c0, 0x000001f275127cb0,
0x000001f2751286d0, 0x000001f2751290f0, 0x000001f275128be0, 0x000001f275129b10,
0x000001f275129600, 0x000001f2751277a0, 0x000001f275127290, 0x000001f27f210e10,
0x000001f27f211320, 0x000001f27f212250, 0x000001f27f210900, 0x000001f27f211d40,
0x000001f27f20f4c0, 0x000001f2749dcf50, 0x000001f2749e01f0, 0x000001f2749dd970,
0x000001f2749de390, 0x000001f2749dfce0, 0x000001f249601b80, 0x000001f2495ff300,
0x000001f249600230, 0x000001f249602ab0, 0x000001f249600740, 0x000001f249602090,
0x000001f2496025a0, 0x000001f249601160, 0x000001f249601670, 0x000001f2495ff810,
0x000001f2495ffd20, 0x000001f246e2fd90, 0x000001f246e2f880, 0x000001f246e2e440,
0x000001f246e2e950, 0x000001f246e311d0, 0x000001f246e30cc0, 0x000001f246e302a0,
0x000001f246e2da20, 0x000001f246e307b0, 0x000001f246e2df30, 0x000001f245a01a30,
0x000001f245a01520, 0x000001f2459ffbd0, 0x000001f2459fe280, 0x000001f2459ff6c0,
0x000001f2459fe790, 0x000001f2459feca0, 0x000001f245a000e0, 0x000001f278d47e80,
0x000001f278d44be0, 0x000001f278d46a40, 0x000001f2459e7bd0, 0x000001f278d48390,
0x000001f278d46020, 0x000001f278d46f50, 0x000001f278d450f0, 0x000001f249230960,
0x000001f24922f520, 0x000001f2492322b0, 0x000001f24922fa30, 0x000001f249230e70,
0x000001f24922ff40, 0x000001f249231380, 0x000001f249231890, 0x000001f2459e80e0,
0x000001f2459e8b00, 0x000001f249230450, 0x000001f249231da0, 0x000001f24922f010,
0x000001f247909740, 0x000001f24790b090, 0x000001f247908300, 0x000001f247909c50,
0x000001f24790a160, 0x000001f24790a670, 0x000001f24790ab80, 0x000001f24790b5a0,
0x000001f247907df0, 0x000001f247908810, 0x000001f247908d20, 0x000001f247909230,
0x000001f24922eb00, 0x000001f27cb163d0, 0x000001f27cb18740, 0x000001f27cb168e0,
0x000001f27cb16df0, 0x000001f27cb159b0, 0x000001f27cb14f90, 0x000001f27cb17300,
0x000001f27cb17d20, 0x000001f27cb17810, 0x000001f27cb18230, 0x000001f27cb154a0,
0x000001f27cb15ec0, 0x000001f2476b0150, 0x000001f24e7d7be0, 0x000001f24e7d9a40,
0x000001f24e7d76d0, 0x000001f24e7d9f50, 0x000001f24e7d8b10, 0x000001f24e7da460,
0x000001f24599d740, 0x000001f24599eb80, 0x000001f24599e670, 0x000001f24599e160,
0x000001f24599d230, 0x000001f24599dc50, 0x000001f27dcf6070, 0x000001f27dcf5650,
0x000001f27dcf5b60, 0x000001f27dcf6580, 0x000001f27dcf4c30, 0x000001f27dcf5140,
0x000001f27afd2360, 0x000001f27afd2870, 0x000001f27afd2d80, 0x000001f27afd3290,
0x000001f27afd1940, 0x000001f27afd1e50, 0x000001f27872a0c0, 0x000001f27b7df8f0,
0x000001f27b7df3e0, 0x000001f27b7dcb60, 0x000001f27b7dc140, 0x000001f27b7dd070,
0x000001f27b7de9c0, 0x000001f27b7dc650, 0x000001f27b7dd580, 0x000001f27b7dda90,
0x000001f24effc440, 0x000001f24effb510, 0x000001f24effbf30, 0x000001f24eff91a0,
0x000001f247ec6a00, 0x000001f247ec50b0, 0x000001f247ec5ad0, 0x000001f247ec5fe0,
0x000001f27ad6b350, 0x000001f27ad6b860, 0x000001f27ad6ae40, 0x000001f27ad6a420,
0x000001f27ad69f10, 0x000001f27ad6a930, 0x000001f24ea40470, 0x000001f274972dd0,
0x000001f24939aaf0, 0x000001f2490eb490, 0x000001f2490ec3c0, 0x000001f2490eaa70,
0x000001f2490eb9a0, 0x000001f278f6b7a0, 0x000001f278f6c1c0, 0x000001f278f6c6d0,
0x000001f278f6a870, 0x000001f278f6ad80, 0x000001f278f6b290, 0x000001f278f6a360,
0x000001f278f6bcb0, 0x000001f278f6cbe0, 0x000001f278f6d0f0, 0x000001f278f6d600,
0x000001f278f6db10, 0x000001f274971ea0, 0x000001f2478dafc0, 0x000001f27d143410,
0x000001f27d142f00, 0x000001f246ce5b20, 0x000001f245ec6230, 0x000001f2459e85f0,
0x000001f24e6f2220, 0x000001f2458b50d0, 0x000001f272a254f0, 0x000001f2459e9010,
0x000001f24ea40980, 0x000001f247e6cd90, 0x000001f246ce6a50, 0x000001f2459e9f40,
0x000001f2490ec8d0, 0x000001f2459e6790, 0x000001f2478db9e0, 0x000001f2476aed10,
0x000001f247e6e6e0, 0x000001f274971990, 0x000001f2476ae2f0, 0x000001f2459ea450,
0x000001f24ea3ff60, 0x000001f2459e6ca0, 0x000001f2459ec7c0, 0x000001f2459eccd0,
0x000001f2459ed6f0, 0x000001f2459edc00, 0x000001f2459ed1e0, 0x000001f2459ea960,
0x000001f2459ec2b0, 0x000001f2459ee620, 0x000001f2459eae70, 0x000001f2459eeb30,
0x000001f24effb000, 0x000001f24effa5e0, 0x000001f2749723b0, 0x000001f2749728c0,
0x000001f24effa0d0, 0x000001f24effba20, 0x000001f24effc950, 0x000001f2749732e0,
0x000001f27c223850, 0x000001f27c222db0, 0x000001f27c2242f0, 0x000001f27ae167f0,
0x000001f27b8b62a0, 0x000001f27b8b5800, 0x000001f27c7dbea0, 0x000001f2457ba540,
0x000001f2457bb530, 0x000001f2457baa90
}

Java Threads: ( => current thread )
  0x000001f251949540 JavaThread "main" [_thread_blocked, id=46624, stack(0x0000000cfbb00000,0x0000000cfbc00000)]
  0x000001f26ce038e0 JavaThread "Reference Handler" daemon [_thread_blocked, id=43012, stack(0x0000000cfc200000,0x0000000cfc300000)]
  0x000001f26ce04e20 JavaThread "Finalizer" daemon [_thread_blocked, id=21456, stack(0x0000000cfc300000,0x0000000cfc400000)]
  0x000001f26ce22c70 JavaThread "Signal Dispatcher" daemon [_thread_blocked, id=47716, stack(0x0000000cfc400000,0x0000000cfc500000)]
  0x000001f26ce25550 JavaThread "Attach Listener" daemon [_thread_blocked, id=10780, stack(0x0000000cfc500000,0x0000000cfc600000)]
  0x000001f26ce279a0 JavaThread "Service Thread" daemon [_thread_blocked, id=36376, stack(0x0000000cfc600000,0x0000000cfc700000)]
  0x000001f26ce28de0 JavaThread "Monitor Deflation Thread" daemon [_thread_blocked, id=22128, stack(0x0000000cfc700000,0x0000000cfc800000)]
  0x000001f26ce2da50 JavaThread "C2 CompilerThread0" daemon [_thread_blocked, id=14816, stack(0x0000000cfc800000,0x0000000cfc900000)]
  0x000001f26d2896a0 JavaThread "C1 CompilerThread0" daemon [_thread_blocked, id=40004, stack(0x0000000cfc900000,0x0000000cfca00000)]
  0x000001f26d289fb0 JavaThread "Sweeper thread" daemon [_thread_blocked, id=48836, stack(0x0000000cfca00000,0x0000000cfcb00000)]
  0x000001f26d391ab0 JavaThread "Common-Cleaner" daemon [_thread_blocked, id=50068, stack(0x0000000cfcb00000,0x0000000cfcc00000)]
  0x000001f26d5208e0 JavaThread "Notification Thread" daemon [_thread_blocked, id=41208, stack(0x0000000cfd000000,0x0000000cfd100000)]
  0x000001f2724410f0 JavaThread "Daemon health stats" [_thread_blocked, id=32088, stack(0x0000000cfe000000,0x0000000cfe100000)]
  0x000001f2738ff110 JavaThread "Incoming local TCP Connector on port 53720" [_thread_in_native, id=45508, stack(0x0000000cfe100000,0x0000000cfe200000)]
  0x000001f27345e070 JavaThread "Daemon periodic checks" [_thread_blocked, id=17244, stack(0x0000000cfe200000,0x0000000cfe300000)]
  0x000001f273ad3000 JavaThread "Cache worker for journal cache (C:\Users\Wire\.gradle\caches\journal-1)" [_thread_blocked, id=46008, stack(0x0000000cfea00000,0x0000000cfeb00000)]
  0x000001f273c1ddf0 JavaThread "File lock request listener" [_thread_in_native, id=20608, stack(0x0000000cfeb00000,0x0000000cfec00000)]
  0x000001f273c1b570 JavaThread "Cache worker for file hash cache (C:\Users\Wire\.gradle\caches\8.13\fileHashes)" [_thread_blocked, id=23320, stack(0x0000000cfec00000,0x0000000cfed00000)]
  0x000001f273c1d8e0 JavaThread "File watcher server" daemon [_thread_blocked, id=19672, stack(0x0000000cfcd00000,0x0000000cfce00000)]
  0x000001f273c1e810 JavaThread "File watcher consumer" daemon [_thread_blocked, id=29852, stack(0x0000000cfce00000,0x0000000cfcf00000)]
  0x000001f273c1d3d0 JavaThread "jar transforms" [_thread_blocked, id=32104, stack(0x0000000cfd200000,0x0000000cfd300000)]
  0x000001f273c1ba80 JavaThread "jar transforms Thread 2" [_thread_blocked, id=2200, stack(0x0000000cfd300000,0x0000000cfd400000)]
  0x000001f273c1f230 JavaThread "Cache worker for file content cache (C:\Users\Wire\.gradle\caches\8.13\fileContent)" [_thread_blocked, id=36088, stack(0x0000000c80000000,0x0000000c80100000)]
  0x000001f273c1f740 JavaThread "jar transforms Thread 3" [_thread_blocked, id=31628, stack(0x0000000c80100000,0x0000000c80200000)]
  0x000001f27457d680 JavaThread "jar transforms Thread 4" [_thread_blocked, id=5800, stack(0x0000000c81a00000,0x0000000c81b00000)]
  0x000001f27457eac0 JavaThread "jar transforms Thread 5" [_thread_blocked, id=46132, stack(0x0000000c81b00000,0x0000000c81c00000)]
  0x000001f276bc19a0 JavaThread "jar transforms Thread 6" [_thread_blocked, id=45164, stack(0x0000000c82700000,0x0000000c82800000)]
  0x000001f276bc4730 JavaThread "jar transforms Thread 7" [_thread_blocked, id=31800, stack(0x0000000c82800000,0x0000000c82900000)]
  0x000001f276bc1490 JavaThread "jar transforms Thread 8" [_thread_blocked, id=17652, stack(0x0000000c82900000,0x0000000c82a00000)]
  0x000001f276bc32f0 JavaThread "jar transforms Thread 9" [_thread_blocked, id=33748, stack(0x0000000c82a00000,0x0000000c82b00000)]
  0x000001f277419440 JavaThread "jar transforms Thread 10" [_thread_blocked, id=16356, stack(0x0000000c83200000,0x0000000c83300000)]
  0x000001f277418a20 JavaThread "jar transforms Thread 11" [_thread_blocked, id=25312, stack(0x0000000c83300000,0x0000000c83400000)]
  0x000001f272fd9500 JavaThread "jar transforms Thread 12" [_thread_blocked, id=30560, stack(0x0000000c88000000,0x0000000c88100000)]
  0x000001f272fd9f20 JavaThread "jar transforms Thread 13" [_thread_blocked, id=10712, stack(0x0000000c88100000,0x0000000c88200000)]
  0x000001f272fdae50 JavaThread "Memory manager" [_thread_blocked, id=45644, stack(0x0000000c87f00000,0x0000000c88000000)]
  0x000001f272fde0f0 JavaThread "jar transforms Thread 14" [_thread_blocked, id=24492, stack(0x0000000c87e00000,0x0000000c87f00000)]
  0x000001f26d863140 JavaThread "RMI Scheduler(0)" daemon [_thread_blocked, id=23236, stack(0x0000000c83600000,0x0000000c83700000)]
  0x000001f26d863b60 JavaThread "RMI TCP Accept-0" daemon [_thread_in_native, id=16460, stack(0x0000000c88500000,0x0000000c88600000)]
  0x000001f26d8654b0 JavaThread "Cache worker for Java compile cache (C:\Users\Wire\.gradle\caches\8.13\javaCompile)" [_thread_blocked, id=37820, stack(0x0000000c87c00000,0x0000000c87d00000)]
  0x000001f245a005f0 JavaThread "jar transforms Thread 15" [_thread_blocked, id=2152, stack(0x0000000c81c00000,0x0000000c81d00000)]
  0x000001f278d47460 JavaThread "jar transforms Thread 16" [_thread_blocked, id=46588, stack(0x0000000c82f00000,0x0000000c83000000)]
  0x000001f2476af220 JavaThread "jar transforms Thread 17" [_thread_blocked, id=43736, stack(0x0000000c81d00000,0x0000000c81e00000)]
  0x000001f2470a01d0 JavaThread "jar transforms Thread 18" [_thread_blocked, id=43380, stack(0x0000000c82e00000,0x0000000c82f00000)]
  0x000001f2476af730 JavaThread "jar transforms Thread 19" [_thread_blocked, id=21776, stack(0x0000000c81900000,0x0000000c81a00000)]
  0x000001f248235dc0 JavaThread "jar transforms Thread 20" [_thread_blocked, id=43820, stack(0x0000000c82d00000,0x0000000c82e00000)]
  0x000001f247548350 JavaThread "jar transforms Thread 21" [_thread_blocked, id=38468, stack(0x0000000c81f00000,0x0000000c82000000)]
  0x000001f248234980 JavaThread "jar transforms Thread 22" [_thread_blocked, id=18436, stack(0x0000000c83400000,0x0000000c83500000)]
  0x000001f246e2f370 JavaThread "RMI GC Daemon" daemon [_thread_blocked, id=44776, stack(0x0000000c91000000,0x0000000c91100000)]
  0x000001f24939a0d0 JavaThread "RMI Reaper" [_thread_blocked, id=11552, stack(0x0000000c91100000,0x0000000c91200000)]
  0x000001f2476afc40 JavaThread "ForkJoinPool.commonPool-worker-105" daemon [_thread_blocked, id=49112, stack(0x0000000c92200000,0x0000000c92300000)]
  0x000001f2476adde0 JavaThread "ForkJoinPool.commonPool-worker-107" daemon [_thread_blocked, id=21736, stack(0x0000000c92400000,0x0000000c92500000)]
  0x000001f245ec5d20 JavaThread "ForkJoinPool.commonPool-worker-108" daemon [_thread_blocked, id=3416, stack(0x0000000c92500000,0x0000000c92600000)]
  0x000001f24939b510 JavaThread "ForkJoinPool.commonPool-worker-109" daemon [_thread_blocked, id=47540, stack(0x0000000c92600000,0x0000000c92700000)]
  0x000001f24e6f4080 JavaThread "ForkJoinPool.commonPool-worker-113" daemon [_thread_blocked, id=33852, stack(0x0000000c92a00000,0x0000000c92b00000)]
  0x000001f24939ba20 JavaThread "ForkJoinPool.commonPool-worker-114" daemon [_thread_blocked, id=41972, stack(0x0000000c92b00000,0x0000000c92c00000)]
  0x000001f247e6d7b0 JavaThread "ForkJoinPool.commonPool-worker-115" daemon [_thread_blocked, id=34984, stack(0x0000000c92c00000,0x0000000c92d00000)]
  0x000001f2749df7d0 JavaThread "ForkJoinPool.commonPool-worker-116" daemon [_thread_blocked, id=48220, stack(0x0000000c92d00000,0x0000000c92e00000)]
  0x000001f247e6e1d0 JavaThread "ForkJoinPool.commonPool-worker-117" daemon [_thread_blocked, id=30120, stack(0x0000000c92e00000,0x0000000c92f00000)]
  0x000001f27b7deed0 JavaThread "Daemon Thread 13" [_thread_blocked, id=6048, stack(0x0000000c80200000,0x0000000c80300000)]
  0x000001f2459e76c0 JavaThread "Handler for socket connection from /127.0.0.1:53720 to /127.0.0.1:54347" [_thread_in_native, id=47244, stack(0x0000000c80300000,0x0000000c80400000)]
  0x000001f2459e9a30 JavaThread "Cancel handler" [_thread_blocked, id=43876, stack(0x0000000c80400000,0x0000000c80500000)]
  0x000001f2459e71b0 JavaThread "Daemon worker Thread 13" [_thread_blocked, id=45440, stack(0x0000000c80500000,0x0000000c80600000)]
  0x000001f2749dedb0 JavaThread "Asynchronous log dispatcher for DefaultDaemonConnection: socket connection from /127.0.0.1:53720 to /127.0.0.1:54347" [_thread_blocked, id=32116, stack(0x0000000c80600000,0x0000000c80700000)]
  0x000001f2749e0700 JavaThread "Stdin handler" [_thread_blocked, id=6880, stack(0x0000000c80700000,0x0000000c80800000)]
  0x000001f2749df2c0 JavaThread "Daemon client event forwarder" [_thread_blocked, id=21788, stack(0x0000000c80800000,0x0000000c80900000)]
  0x000001f2749dd460 JavaThread "Cache worker for file hash cache (C:\Users\Wire\AndroidStudioProjects\SignalDVR\.gradle\8.13\fileHashes)" [_thread_blocked, id=26448, stack(0x0000000c80900000,0x0000000c80a00000)]
  0x000001f2749dde80 JavaThread "Cache worker for Build Output Cleanup Cache (C:\Users\Wire\AndroidStudioProjects\SignalDVR\.gradle\buildOutputCleanup)" [_thread_blocked, id=40468, stack(0x0000000c80a00000,0x0000000c80b00000)]
  0x000001f27cec9cb0 JavaThread "Cache worker for checksums cache (C:\Users\Wire\AndroidStudioProjects\SignalDVR\.gradle\8.13\checksums)" [_thread_blocked, id=48860, stack(0x0000000c80b00000,0x0000000c80c00000)]
  0x000001f27ceca1c0 JavaThread "Cache worker for cache directory md-supplier (C:\Users\Wire\.gradle\caches\8.13\md-supplier)" [_thread_blocked, id=35748, stack(0x0000000c80c00000,0x0000000c80d00000)]
  0x000001f27cec8d80 JavaThread "Cache worker for cache directory md-rule (C:\Users\Wire\.gradle\caches\8.13\md-rule)" [_thread_blocked, id=12592, stack(0x0000000c80d00000,0x0000000c80e00000)]
  0x000001f27cec8870 JavaThread "Unconstrained build operations" [_thread_blocked, id=41324, stack(0x0000000c80e00000,0x0000000c80f00000)]
  0x000001f27cec9290 JavaThread "Unconstrained build operations Thread 2" [_thread_blocked, id=39100, stack(0x0000000c80f00000,0x0000000c81000000)]
  0x000001f27cec97a0 JavaThread "Unconstrained build operations Thread 3" [_thread_blocked, id=18544, stack(0x0000000c81000000,0x0000000c81100000)]
  0x000001f27cec6a10 JavaThread "Unconstrained build operations Thread 4" [_thread_blocked, id=42628, stack(0x0000000c81100000,0x0000000c81200000)]
  0x000001f27cec8360 JavaThread "Unconstrained build operations Thread 5" [_thread_blocked, id=30384, stack(0x0000000c81200000,0x0000000c81300000)]
  0x000001f27cec6f20 JavaThread "Unconstrained build operations Thread 6" [_thread_blocked, id=30888, stack(0x0000000c81300000,0x0000000c81400000)]
  0x000001f27cec7430 JavaThread "Unconstrained build operations Thread 7" [_thread_blocked, id=32176, stack(0x0000000c81400000,0x0000000c81500000)]
  0x000001f27cec7940 JavaThread "Unconstrained build operations Thread 8" [_thread_blocked, id=12416, stack(0x0000000c81500000,0x0000000c81600000)]
  0x000001f27cec7e50 JavaThread "Unconstrained build operations Thread 9" [_thread_blocked, id=38156, stack(0x0000000c81600000,0x0000000c81700000)]
  0x000001f27512a020 JavaThread "Unconstrained build operations Thread 10" [_thread_blocked, id=44760, stack(0x0000000c81700000,0x0000000c81800000)]
  0x000001f27512a530 JavaThread "Unconstrained build operations Thread 11" [_thread_blocked, id=25304, stack(0x0000000c81800000,0x0000000c81900000)]
  0x000001f275126d80 JavaThread "Unconstrained build operations Thread 12" [_thread_blocked, id=39376, stack(0x0000000c81e00000,0x0000000c81f00000)]
  0x000001f2751281c0 JavaThread "Unconstrained build operations Thread 13" [_thread_blocked, id=44740, stack(0x0000000c82000000,0x0000000c82100000)]
  0x000001f275127cb0 JavaThread "Unconstrained build operations Thread 14" [_thread_blocked, id=41572, stack(0x0000000c82100000,0x0000000c82200000)]
  0x000001f2751286d0 JavaThread "Unconstrained build operations Thread 15" [_thread_blocked, id=11492, stack(0x0000000c82200000,0x0000000c82300000)]
  0x000001f2751290f0 JavaThread "Unconstrained build operations Thread 16" [_thread_blocked, id=30624, stack(0x0000000c82300000,0x0000000c82400000)]
  0x000001f275128be0 JavaThread "Unconstrained build operations Thread 17" [_thread_blocked, id=26936, stack(0x0000000c82400000,0x0000000c82500000)]
  0x000001f275129b10 JavaThread "Unconstrained build operations Thread 18" [_thread_blocked, id=28816, stack(0x0000000c82500000,0x0000000c82600000)]
  0x000001f275129600 JavaThread "Unconstrained build operations Thread 19" [_thread_blocked, id=43036, stack(0x0000000c82600000,0x0000000c82700000)]
  0x000001f2751277a0 JavaThread "Unconstrained build operations Thread 20" [_thread_blocked, id=37668, stack(0x0000000c82b00000,0x0000000c82c00000)]
  0x000001f275127290 JavaThread "Unconstrained build operations Thread 21" [_thread_blocked, id=39064, stack(0x0000000c82c00000,0x0000000c82d00000)]
  0x000001f27f210e10 JavaThread "Unconstrained build operations Thread 22" [_thread_blocked, id=17564, stack(0x0000000c83000000,0x0000000c83100000)]
  0x000001f27f211320 JavaThread "Unconstrained build operations Thread 23" [_thread_blocked, id=19644, stack(0x0000000c83100000,0x0000000c83200000)]
  0x000001f27f212250 JavaThread "Unconstrained build operations Thread 24" [_thread_blocked, id=13612, stack(0x0000000c83500000,0x0000000c83600000)]
  0x000001f27f210900 JavaThread "Unconstrained build operations Thread 25" [_thread_blocked, id=14960, stack(0x0000000c83700000,0x0000000c83800000)]
  0x000001f27f211d40 JavaThread "Unconstrained build operations Thread 26" [_thread_blocked, id=21384, stack(0x0000000c83800000,0x0000000c83900000)]
  0x000001f27f20f4c0 JavaThread "Unconstrained build operations Thread 27" [_thread_blocked, id=28332, stack(0x0000000c83900000,0x0000000c83a00000)]
  0x000001f2749dcf50 JavaThread "Unconstrained build operations Thread 28" [_thread_blocked, id=4000, stack(0x0000000c83a00000,0x0000000c83b00000)]
  0x000001f2749e01f0 JavaThread "Unconstrained build operations Thread 29" [_thread_blocked, id=47568, stack(0x0000000c83b00000,0x0000000c83c00000)]
  0x000001f2749dd970 JavaThread "Unconstrained build operations Thread 30" [_thread_blocked, id=38052, stack(0x0000000c83c00000,0x0000000c83d00000)]
  0x000001f2749de390 JavaThread "Unconstrained build operations Thread 31" [_thread_blocked, id=18744, stack(0x0000000c83d00000,0x0000000c83e00000)]
  0x000001f2749dfce0 JavaThread "Unconstrained build operations Thread 32" [_thread_blocked, id=42616, stack(0x0000000c83e00000,0x0000000c83f00000)]
  0x000001f249601b80 JavaThread "Unconstrained build operations Thread 33" [_thread_blocked, id=49888, stack(0x0000000c83f00000,0x0000000c84000000)]
  0x000001f2495ff300 JavaThread "Unconstrained build operations Thread 34" [_thread_blocked, id=21724, stack(0x0000000c84000000,0x0000000c84100000)]
  0x000001f249600230 JavaThread "Unconstrained build operations Thread 35" [_thread_blocked, id=48704, stack(0x0000000c84100000,0x0000000c84200000)]
  0x000001f249602ab0 JavaThread "Unconstrained build operations Thread 36" [_thread_blocked, id=9160, stack(0x0000000c84200000,0x0000000c84300000)]
  0x000001f249600740 JavaThread "Unconstrained build operations Thread 37" [_thread_blocked, id=35408, stack(0x0000000c84300000,0x0000000c84400000)]
  0x000001f249602090 JavaThread "Unconstrained build operations Thread 38" [_thread_blocked, id=12864, stack(0x0000000c84400000,0x0000000c84500000)]
  0x000001f2496025a0 JavaThread "Unconstrained build operations Thread 39" [_thread_blocked, id=34344, stack(0x0000000c84500000,0x0000000c84600000)]
  0x000001f249601160 JavaThread "Unconstrained build operations Thread 40" [_thread_blocked, id=10620, stack(0x0000000c84600000,0x0000000c84700000)]
  0x000001f249601670 JavaThread "Unconstrained build operations Thread 41" [_thread_blocked, id=18844, stack(0x0000000c84700000,0x0000000c84800000)]
  0x000001f2495ff810 JavaThread "Unconstrained build operations Thread 42" [_thread_blocked, id=29064, stack(0x0000000c84800000,0x0000000c84900000)]
  0x000001f2495ffd20 JavaThread "Unconstrained build operations Thread 43" [_thread_blocked, id=36548, stack(0x0000000c84900000,0x0000000c84a00000)]
  0x000001f246e2fd90 JavaThread "Unconstrained build operations Thread 44" [_thread_blocked, id=30348, stack(0x0000000c84a00000,0x0000000c84b00000)]
  0x000001f246e2f880 JavaThread "Unconstrained build operations Thread 45" [_thread_blocked, id=34780, stack(0x0000000c84b00000,0x0000000c84c00000)]
  0x000001f246e2e440 JavaThread "Unconstrained build operations Thread 46" [_thread_blocked, id=28444, stack(0x0000000c84c00000,0x0000000c84d00000)]
  0x000001f246e2e950 JavaThread "Unconstrained build operations Thread 47" [_thread_blocked, id=18908, stack(0x0000000c84d00000,0x0000000c84e00000)]
  0x000001f246e311d0 JavaThread "Unconstrained build operations Thread 48" [_thread_blocked, id=27744, stack(0x0000000c84e00000,0x0000000c84f00000)]
  0x000001f246e30cc0 JavaThread "Unconstrained build operations Thread 49" [_thread_blocked, id=48500, stack(0x0000000c84f00000,0x0000000c85000000)]
  0x000001f246e302a0 JavaThread "Unconstrained build operations Thread 50" [_thread_blocked, id=49384, stack(0x0000000c85000000,0x0000000c85100000)]
  0x000001f246e2da20 JavaThread "build event listener" [_thread_blocked, id=16776, stack(0x0000000c85300000,0x0000000c85400000)]
  0x000001f246e307b0 JavaThread "Problems report writer" [_thread_blocked, id=46728, stack(0x0000000c85400000,0x0000000c85500000)]
  0x000001f246e2df30 JavaThread "included builds" [_thread_blocked, id=41476, stack(0x0000000c85500000,0x0000000c85600000)]
  0x000001f245a01a30 JavaThread "Execution worker" [_thread_blocked, id=36608, stack(0x0000000c85600000,0x0000000c85700000)]
  0x000001f245a01520 JavaThread "Execution worker Thread 2" [_thread_blocked, id=32532, stack(0x0000000c85700000,0x0000000c85800000)]
  0x000001f2459ffbd0 JavaThread "Execution worker Thread 3" [_thread_blocked, id=43300, stack(0x0000000c85800000,0x0000000c85900000)]
  0x000001f2459fe280 JavaThread "Execution worker Thread 4" [_thread_blocked, id=9408, stack(0x0000000c85900000,0x0000000c85a00000)]
  0x000001f2459ff6c0 JavaThread "Execution worker Thread 5" [_thread_blocked, id=840, stack(0x0000000c85a00000,0x0000000c85b00000)]
  0x000001f2459fe790 JavaThread "Execution worker Thread 6" [_thread_blocked, id=48324, stack(0x0000000c85b00000,0x0000000c85c00000)]
  0x000001f2459feca0 JavaThread "Execution worker Thread 7" [_thread_blocked, id=29340, stack(0x0000000c85c00000,0x0000000c85d00000)]
  0x000001f245a000e0 JavaThread "Execution worker Thread 8" [_thread_blocked, id=42792, stack(0x0000000c85d00000,0x0000000c85e00000)]
  0x000001f278d47e80 JavaThread "Execution worker Thread 9" [_thread_blocked, id=46780, stack(0x0000000c85e00000,0x0000000c85f00000)]
  0x000001f278d44be0 JavaThread "Execution worker Thread 10" [_thread_blocked, id=15072, stack(0x0000000c85f00000,0x0000000c86000000)]
  0x000001f278d46a40 JavaThread "Execution worker Thread 11" [_thread_blocked, id=27812, stack(0x0000000c86000000,0x0000000c86100000)]
  0x000001f2459e7bd0 JavaThread "Cache worker for execution history cache (C:\Users\Wire\AndroidStudioProjects\SignalDVR\.gradle\8.13\executionHistory)" [_thread_blocked, id=17164, stack(0x0000000c86100000,0x0000000c86200000)]
  0x000001f278d48390 JavaThread "Execution worker Thread 12" [_thread_blocked, id=50048, stack(0x0000000c86200000,0x0000000c86300000)]
  0x000001f278d46020 JavaThread "Execution worker Thread 13" [_thread_blocked, id=31000, stack(0x0000000c86300000,0x0000000c86400000)]
  0x000001f278d46f50 JavaThread "Execution worker Thread 14" [_thread_blocked, id=45432, stack(0x0000000c86400000,0x0000000c86500000)]
  0x000001f278d450f0 JavaThread "Execution worker Thread 15" [_thread_blocked, id=32652, stack(0x0000000c86500000,0x0000000c86600000)]
  0x000001f249230960 JavaThread "Execution worker Thread 16" [_thread_blocked, id=17980, stack(0x0000000c86600000,0x0000000c86700000)]
  0x000001f24922f520 JavaThread "Execution worker Thread 17" [_thread_blocked, id=1784, stack(0x0000000c86700000,0x0000000c86800000)]
  0x000001f2492322b0 JavaThread "Execution worker Thread 18" [_thread_blocked, id=26072, stack(0x0000000c86800000,0x0000000c86900000)]
  0x000001f24922fa30 JavaThread "Execution worker Thread 19" [_thread_blocked, id=32456, stack(0x0000000c86900000,0x0000000c86a00000)]
  0x000001f249230e70 JavaThread "Execution worker Thread 20" [_thread_blocked, id=45760, stack(0x0000000c86a00000,0x0000000c86b00000)]
  0x000001f24922ff40 JavaThread "Execution worker Thread 21" [_thread_blocked, id=33412, stack(0x0000000c86b00000,0x0000000c86c00000)]
  0x000001f249231380 JavaThread "Execution worker Thread 22" [_thread_blocked, id=29792, stack(0x0000000c86c00000,0x0000000c86d00000)]
  0x000001f249231890 JavaThread "Execution worker Thread 23" [_thread_blocked, id=49844, stack(0x0000000c86d00000,0x0000000c86e00000)]
  0x000001f2459e80e0 JavaThread "Unconstrained build operations Thread 51" [_thread_blocked, id=38636, stack(0x0000000c86e00000,0x0000000c86f00000)]
  0x000001f2459e8b00 JavaThread "Unconstrained build operations Thread 52" [_thread_blocked, id=31680, stack(0x0000000c86f00000,0x0000000c87000000)]
  0x000001f249230450 JavaThread "Unconstrained build operations Thread 53" [_thread_blocked, id=48728, stack(0x0000000c87000000,0x0000000c87100000)]
  0x000001f249231da0 JavaThread "Unconstrained build operations Thread 54" [_thread_blocked, id=46252, stack(0x0000000c87100000,0x0000000c87200000)]
  0x000001f24922f010 JavaThread "Unconstrained build operations Thread 55" [_thread_blocked, id=21632, stack(0x0000000c87200000,0x0000000c87300000)]
  0x000001f247909740 JavaThread "Unconstrained build operations Thread 56" [_thread_blocked, id=38352, stack(0x0000000c87300000,0x0000000c87400000)]
  0x000001f24790b090 JavaThread "Unconstrained build operations Thread 57" [_thread_blocked, id=32004, stack(0x0000000c87400000,0x0000000c87500000)]
  0x000001f247908300 JavaThread "Unconstrained build operations Thread 58" [_thread_blocked, id=28920, stack(0x0000000c87500000,0x0000000c87600000)]
  0x000001f247909c50 JavaThread "Unconstrained build operations Thread 59" [_thread_blocked, id=1908, stack(0x0000000c87600000,0x0000000c87700000)]
  0x000001f24790a160 JavaThread "Unconstrained build operations Thread 60" [_thread_blocked, id=19348, stack(0x0000000c87700000,0x0000000c87800000)]
  0x000001f24790a670 JavaThread "Unconstrained build operations Thread 61" [_thread_blocked, id=14760, stack(0x0000000c87800000,0x0000000c87900000)]
  0x000001f24790ab80 JavaThread "Unconstrained build operations Thread 62" [_thread_blocked, id=23864, stack(0x0000000c87900000,0x0000000c87a00000)]
  0x000001f24790b5a0 JavaThread "Unconstrained build operations Thread 63" [_thread_blocked, id=20980, stack(0x0000000c87a00000,0x0000000c87b00000)]
  0x000001f247907df0 JavaThread "Unconstrained build operations Thread 64" [_thread_blocked, id=50108, stack(0x0000000c87b00000,0x0000000c87c00000)]
  0x000001f247908810 JavaThread "Unconstrained build operations Thread 65" [_thread_blocked, id=2136, stack(0x0000000c87d00000,0x0000000c87e00000)]
  0x000001f247908d20 JavaThread "Unconstrained build operations Thread 66" [_thread_blocked, id=47320, stack(0x0000000c88200000,0x0000000c88300000)]
  0x000001f247909230 JavaThread "Unconstrained build operations Thread 67" [_thread_blocked, id=30076, stack(0x0000000c88300000,0x0000000c88400000)]
  0x000001f24922eb00 JavaThread "Unconstrained build operations Thread 68" [_thread_blocked, id=34388, stack(0x0000000c88400000,0x0000000c88500000)]
  0x000001f27cb163d0 JavaThread "Unconstrained build operations Thread 69" [_thread_blocked, id=21972, stack(0x0000000c88600000,0x0000000c88700000)]
  0x000001f27cb18740 JavaThread "Unconstrained build operations Thread 70" [_thread_blocked, id=45964, stack(0x0000000c88700000,0x0000000c88800000)]
  0x000001f27cb168e0 JavaThread "Unconstrained build operations Thread 71" [_thread_blocked, id=13444, stack(0x0000000c88800000,0x0000000c88900000)]
  0x000001f27cb16df0 JavaThread "Unconstrained build operations Thread 72" [_thread_blocked, id=41460, stack(0x0000000c88900000,0x0000000c88a00000)]
  0x000001f27cb159b0 JavaThread "Unconstrained build operations Thread 73" [_thread_blocked, id=29640, stack(0x0000000c88a00000,0x0000000c88b00000)]
  0x000001f27cb14f90 JavaThread "Unconstrained build operations Thread 74" [_thread_blocked, id=33920, stack(0x0000000c88b00000,0x0000000c88c00000)]
  0x000001f27cb17300 JavaThread "Unconstrained build operations Thread 75" [_thread_blocked, id=33704, stack(0x0000000c88c00000,0x0000000c88d00000)]
  0x000001f27cb17d20 JavaThread "Unconstrained build operations Thread 76" [_thread_blocked, id=41292, stack(0x0000000c88d00000,0x0000000c88e00000)]
  0x000001f27cb17810 JavaThread "Unconstrained build operations Thread 77" [_thread_blocked, id=37924, stack(0x0000000c88e00000,0x0000000c88f00000)]
  0x000001f27cb18230 JavaThread "Unconstrained build operations Thread 78" [_thread_blocked, id=39944, stack(0x0000000c88f00000,0x0000000c89000000)]
  0x000001f27cb154a0 JavaThread "Unconstrained build operations Thread 79" [_thread_blocked, id=10260, stack(0x0000000c89000000,0x0000000c89100000)]
  0x000001f27cb15ec0 JavaThread "Unconstrained build operations Thread 80" [_thread_blocked, id=1964, stack(0x0000000c89100000,0x0000000c89200000)]
  0x000001f2476b0150 JavaThread "WorkerExecutor Queue" [_thread_blocked, id=29212, stack(0x0000000c89200000,0x0000000c89300000)]
  0x000001f24e7d7be0 JavaThread "Unconstrained build operations Thread 81" [_thread_blocked, id=31520, stack(0x0000000c89300000,0x0000000c89400000)]
  0x000001f24e7d9a40 JavaThread "Unconstrained build operations Thread 82" [_thread_blocked, id=32816, stack(0x0000000c89400000,0x0000000c89500000)]
  0x000001f24e7d76d0 JavaThread "Unconstrained build operations Thread 83" [_thread_blocked, id=3880, stack(0x0000000c89500000,0x0000000c89600000)]
  0x000001f24e7d9f50 JavaThread "Unconstrained build operations Thread 84" [_thread_blocked, id=16640, stack(0x0000000c89600000,0x0000000c89700000)]
  0x000001f24e7d8b10 JavaThread "Unconstrained build operations Thread 85" [_thread_blocked, id=13120, stack(0x0000000c89700000,0x0000000c89800000)]
  0x000001f24e7da460 JavaThread "Unconstrained build operations Thread 86" [_thread_blocked, id=18796, stack(0x0000000c89800000,0x0000000c89900000)]
  0x000001f24599d740 JavaThread "Unconstrained build operations Thread 87" [_thread_blocked, id=32540, stack(0x0000000c89900000,0x0000000c89a00000)]
  0x000001f24599eb80 JavaThread "Unconstrained build operations Thread 88" [_thread_blocked, id=32492, stack(0x0000000c89a00000,0x0000000c89b00000)]
  0x000001f24599e670 JavaThread "Unconstrained build operations Thread 89" [_thread_blocked, id=40640, stack(0x0000000c89b00000,0x0000000c89c00000)]
  0x000001f24599e160 JavaThread "Unconstrained build operations Thread 90" [_thread_blocked, id=43744, stack(0x0000000c89c00000,0x0000000c89d00000)]
  0x000001f24599d230 JavaThread "Unconstrained build operations Thread 91" [_thread_blocked, id=15996, stack(0x0000000c89d00000,0x0000000c89e00000)]
  0x000001f24599dc50 JavaThread "Unconstrained build operations Thread 92" [_thread_blocked, id=13940, stack(0x0000000c89e00000,0x0000000c89f00000)]
  0x000001f27dcf6070 JavaThread "Unconstrained build operations Thread 93" [_thread_blocked, id=49720, stack(0x0000000c89f00000,0x0000000c8a000000)]
  0x000001f27dcf5650 JavaThread "Unconstrained build operations Thread 94" [_thread_blocked, id=46332, stack(0x0000000c8a000000,0x0000000c8a100000)]
  0x000001f27dcf5b60 JavaThread "Unconstrained build operations Thread 95" [_thread_blocked, id=27308, stack(0x0000000c8a100000,0x0000000c8a200000)]
  0x000001f27dcf6580 JavaThread "Unconstrained build operations Thread 96" [_thread_blocked, id=16464, stack(0x0000000c8a200000,0x0000000c8a300000)]
  0x000001f27dcf4c30 JavaThread "Unconstrained build operations Thread 97" [_thread_blocked, id=22168, stack(0x0000000c8a300000,0x0000000c8a400000)]
  0x000001f27dcf5140 JavaThread "Unconstrained build operations Thread 98" [_thread_blocked, id=28460, stack(0x0000000c8a400000,0x0000000c8a500000)]
  0x000001f27afd2360 JavaThread "Unconstrained build operations Thread 99" [_thread_blocked, id=12744, stack(0x0000000c8a500000,0x0000000c8a600000)]
  0x000001f27afd2870 JavaThread "Unconstrained build operations Thread 100" [_thread_blocked, id=3684, stack(0x0000000c8a600000,0x0000000c8a700000)]
  0x000001f27afd2d80 JavaThread "Unconstrained build operations Thread 101" [_thread_blocked, id=46308, stack(0x0000000c8a700000,0x0000000c8a800000)]
  0x000001f27afd3290 JavaThread "Unconstrained build operations Thread 102" [_thread_blocked, id=17016, stack(0x0000000c8a800000,0x0000000c8a900000)]
  0x000001f27afd1940 JavaThread "Unconstrained build operations Thread 103" [_thread_blocked, id=20640, stack(0x0000000c8a900000,0x0000000c8aa00000)]
  0x000001f27afd1e50 JavaThread "Unconstrained build operations Thread 104" [_thread_blocked, id=49520, stack(0x0000000c8aa00000,0x0000000c8ab00000)]
  0x000001f27872a0c0 JavaThread "Unconstrained build operations Thread 105" [_thread_blocked, id=3676, stack(0x0000000c8ab00000,0x0000000c8ac00000)]
  0x000001f27b7df8f0 JavaThread "Unconstrained build operations Thread 106" [_thread_blocked, id=14988, stack(0x0000000c8ac00000,0x0000000c8ad00000)]
  0x000001f27b7df3e0 JavaThread "Unconstrained build operations Thread 107" [_thread_blocked, id=42984, stack(0x0000000c8ad00000,0x0000000c8ae00000)]
  0x000001f27b7dcb60 JavaThread "Unconstrained build operations Thread 108" [_thread_blocked, id=43716, stack(0x0000000c8ae00000,0x0000000c8af00000)]
  0x000001f27b7dc140 JavaThread "Unconstrained build operations Thread 109" [_thread_blocked, id=37344, stack(0x0000000c8af00000,0x0000000c8b000000)]
  0x000001f27b7dd070 JavaThread "Unconstrained build operations Thread 110" [_thread_blocked, id=31404, stack(0x0000000c8b000000,0x0000000c8b100000)]
  0x000001f27b7de9c0 JavaThread "Unconstrained build operations Thread 111" [_thread_blocked, id=14176, stack(0x0000000c8b100000,0x0000000c8b200000)]
  0x000001f27b7dc650 JavaThread "Unconstrained build operations Thread 112" [_thread_blocked, id=18500, stack(0x0000000c8b200000,0x0000000c8b300000)]
  0x000001f27b7dd580 JavaThread "Unconstrained build operations Thread 113" [_thread_blocked, id=28432, stack(0x0000000c8b300000,0x0000000c8b400000)]
  0x000001f27b7dda90 JavaThread "Unconstrained build operations Thread 114" [_thread_blocked, id=36564, stack(0x0000000c8b400000,0x0000000c8b500000)]
  0x000001f24effc440 JavaThread "Unconstrained build operations Thread 115" [_thread_blocked, id=7024, stack(0x0000000c8b500000,0x0000000c8b600000)]
  0x000001f24effb510 JavaThread "Unconstrained build operations Thread 116" [_thread_blocked, id=16432, stack(0x0000000c8b600000,0x0000000c8b700000)]
  0x000001f24effbf30 JavaThread "Unconstrained build operations Thread 117" [_thread_blocked, id=47484, stack(0x0000000c8b700000,0x0000000c8b800000)]
  0x000001f24eff91a0 JavaThread "Unconstrained build operations Thread 118" [_thread_blocked, id=37648, stack(0x0000000c8b800000,0x0000000c8b900000)]
  0x000001f247ec6a00 JavaThread "Unconstrained build operations Thread 119" [_thread_blocked, id=29960, stack(0x0000000c8b900000,0x0000000c8ba00000)]
  0x000001f247ec50b0 JavaThread "Unconstrained build operations Thread 120" [_thread_blocked, id=46464, stack(0x0000000c8ba00000,0x0000000c8bb00000)]
  0x000001f247ec5ad0 JavaThread "Unconstrained build operations Thread 121" [_thread_blocked, id=28560, stack(0x0000000c8bb00000,0x0000000c8bc00000)]
  0x000001f247ec5fe0 JavaThread "Unconstrained build operations Thread 122" [_thread_blocked, id=17460, stack(0x0000000c8bc00000,0x0000000c8bd00000)]
  0x000001f27ad6b350 JavaThread "Unconstrained build operations Thread 123" [_thread_blocked, id=41404, stack(0x0000000c8bd00000,0x0000000c8be00000)]
  0x000001f27ad6b860 JavaThread "Unconstrained build operations Thread 124" [_thread_blocked, id=27724, stack(0x0000000c8c000000,0x0000000c8c100000)]
  0x000001f27ad6ae40 JavaThread "Unconstrained build operations Thread 125" [_thread_blocked, id=45376, stack(0x0000000c8c100000,0x0000000c8c200000)]
  0x000001f27ad6a420 JavaThread "Unconstrained build operations Thread 126" [_thread_blocked, id=45108, stack(0x0000000c8c200000,0x0000000c8c300000)]
  0x000001f27ad69f10 JavaThread "Unconstrained build operations Thread 127" [_thread_blocked, id=18812, stack(0x0000000c8c300000,0x0000000c8c400000)]
  0x000001f27ad6a930 JavaThread "Unconstrained build operations Thread 128" [_thread_blocked, id=47344, stack(0x0000000c8c400000,0x0000000c8c500000)]
  0x000001f24ea40470 JavaThread "WorkerExecutor Queue Thread 2" [_thread_blocked, id=49736, stack(0x0000000c8c500000,0x0000000c8c600000)]
  0x000001f274972dd0 JavaThread "WorkerExecutor Queue Thread 3" [_thread_blocked, id=28148, stack(0x0000000c8c600000,0x0000000c8c700000)]
  0x000001f24939aaf0 JavaThread "WorkerExecutor Queue Thread 4" [_thread_blocked, id=47548, stack(0x0000000c8c700000,0x0000000c8c800000)]
  0x000001f2490eb490 JavaThread "WorkerExecutor Queue Thread 5" [_thread_blocked, id=35128, stack(0x0000000c8c800000,0x0000000c8c900000)]
  0x000001f2490ec3c0 JavaThread "WorkerExecutor Queue Thread 6" [_thread_blocked, id=2932, stack(0x0000000c8c900000,0x0000000c8ca00000)]
  0x000001f2490eaa70 JavaThread "WorkerExecutor Queue Thread 7" [_thread_blocked, id=36804, stack(0x0000000c8ca00000,0x0000000c8cb00000)]
  0x000001f2490eb9a0 JavaThread "WorkerExecutor Queue Thread 8" [_thread_blocked, id=16960, stack(0x0000000c8cb00000,0x0000000c8cc00000)]
  0x000001f278f6b7a0 JavaThread "WorkerExecutor Queue Thread 9" [_thread_blocked, id=44028, stack(0x0000000c8cc00000,0x0000000c8cd00000)]
  0x000001f278f6c1c0 JavaThread "WorkerExecutor Queue Thread 10" [_thread_blocked, id=41768, stack(0x0000000c8cd00000,0x0000000c8ce00000)]
  0x000001f278f6c6d0 JavaThread "WorkerExecutor Queue Thread 11" [_thread_blocked, id=34524, stack(0x0000000c8ce00000,0x0000000c8cf00000)]
  0x000001f278f6a870 JavaThread "WorkerExecutor Queue Thread 12" [_thread_blocked, id=10088, stack(0x0000000c8cf00000,0x0000000c8d000000)]
  0x000001f278f6ad80 JavaThread "WorkerExecutor Queue Thread 13" [_thread_blocked, id=48672, stack(0x0000000c8d000000,0x0000000c8d100000)]
  0x000001f278f6b290 JavaThread "WorkerExecutor Queue Thread 14" [_thread_blocked, id=40132, stack(0x0000000c8d100000,0x0000000c8d200000)]
  0x000001f278f6a360 JavaThread "WorkerExecutor Queue Thread 15" [_thread_blocked, id=36940, stack(0x0000000c8d200000,0x0000000c8d300000)]
  0x000001f278f6bcb0 JavaThread "WorkerExecutor Queue Thread 16" [_thread_blocked, id=29840, stack(0x0000000c8d300000,0x0000000c8d400000)]
  0x000001f278f6cbe0 JavaThread "WorkerExecutor Queue Thread 17" [_thread_blocked, id=47264, stack(0x0000000c8d500000,0x0000000c8d600000)]
  0x000001f278f6d0f0 JavaThread "WorkerExecutor Queue Thread 18" [_thread_blocked, id=48420, stack(0x0000000c8d600000,0x0000000c8d700000)]
  0x000001f278f6d600 JavaThread "WorkerExecutor Queue Thread 19" [_thread_blocked, id=14252, stack(0x0000000c8d700000,0x0000000c8d800000)]
  0x000001f278f6db10 JavaThread "WorkerExecutor Queue Thread 20" [_thread_blocked, id=25356, stack(0x0000000c8d800000,0x0000000c8d900000)]
  0x000001f274971ea0 JavaThread "Unconstrained build operations Thread 129" [_thread_blocked, id=2436, stack(0x0000000c8d900000,0x0000000c8da00000)]
  0x000001f2478dafc0 JavaThread "pool-50-thread-1" [_thread_blocked, id=17968, stack(0x0000000c8da00000,0x0000000c8db00000)]
  0x000001f27d143410 JavaThread "stderr" [_thread_in_native, id=24824, stack(0x0000000c8db00000,0x0000000c8dc00000)]
  0x000001f27d142f00 JavaThread "stdout" [_thread_in_native, id=13864, stack(0x0000000c8dc00000,0x0000000c8dd00000)]
  0x000001f246ce5b20 JavaThread "ForkJoinPool-9-worker-1" daemon [_thread_blocked, id=42708, stack(0x0000000c8dd00000,0x0000000c8de00000)]
  0x000001f245ec6230 JavaThread "ForkJoinPool-9-worker-2" daemon [_thread_blocked, id=15784, stack(0x0000000c8de00000,0x0000000c8df00000)]
  0x000001f2459e85f0 JavaThread "ForkJoinPool-9-worker-3" daemon [_thread_blocked, id=40488, stack(0x0000000c8df00000,0x0000000c8e000000)]
  0x000001f24e6f2220 JavaThread "ForkJoinPool-9-worker-4" daemon [_thread_blocked, id=47516, stack(0x0000000c8e000000,0x0000000c8e100000)]
  0x000001f2458b50d0 JavaThread "ForkJoinPool-9-worker-5" daemon [_thread_blocked, id=22072, stack(0x0000000c8e100000,0x0000000c8e200000)]
  0x000001f272a254f0 JavaThread "ForkJoinPool-9-worker-6" daemon [_thread_blocked, id=33988, stack(0x0000000c8e200000,0x0000000c8e300000)]
  0x000001f2459e9010 JavaThread "ForkJoinPool-9-worker-7" daemon [_thread_blocked, id=13932, stack(0x0000000c8e300000,0x0000000c8e400000)]
  0x000001f24ea40980 JavaThread "ForkJoinPool-9-worker-8" daemon [_thread_blocked, id=19220, stack(0x0000000c8e400000,0x0000000c8e500000)]
  0x000001f247e6cd90 JavaThread "ForkJoinPool-9-worker-9" daemon [_thread_blocked, id=14352, stack(0x0000000c8e500000,0x0000000c8e600000)]
  0x000001f246ce6a50 JavaThread "ForkJoinPool-9-worker-10" daemon [_thread_blocked, id=36340, stack(0x0000000c8e600000,0x0000000c8e700000)]
  0x000001f2459e9f40 JavaThread "ForkJoinPool-9-worker-11" daemon [_thread_blocked, id=29832, stack(0x0000000c8e700000,0x0000000c8e800000)]
  0x000001f2490ec8d0 JavaThread "ForkJoinPool-9-worker-12" daemon [_thread_blocked, id=36504, stack(0x0000000c8e800000,0x0000000c8e900000)]
  0x000001f2459e6790 JavaThread "ForkJoinPool-9-worker-13" daemon [_thread_blocked, id=18776, stack(0x0000000c8e900000,0x0000000c8ea00000)]
  0x000001f2478db9e0 JavaThread "ForkJoinPool-9-worker-14" daemon [_thread_blocked, id=34916, stack(0x0000000c8ea00000,0x0000000c8eb00000)]
  0x000001f2476aed10 JavaThread "ForkJoinPool-9-worker-15" daemon [_thread_blocked, id=46500, stack(0x0000000c8eb00000,0x0000000c8ec00000)]
  0x000001f247e6e6e0 JavaThread "ForkJoinPool-9-worker-16" daemon [_thread_blocked, id=21544, stack(0x0000000c8ec00000,0x0000000c8ed00000)]
  0x000001f274971990 JavaThread "ForkJoinPool-9-worker-17" daemon [_thread_blocked, id=48432, stack(0x0000000c8ed00000,0x0000000c8ee00000)]
  0x000001f2476ae2f0 JavaThread "ForkJoinPool-9-worker-18" daemon [_thread_blocked, id=30520, stack(0x0000000c8ee00000,0x0000000c8ef00000)]
  0x000001f2459ea450 JavaThread "ForkJoinPool-9-worker-19" daemon [_thread_blocked, id=42988, stack(0x0000000c8ef00000,0x0000000c8f000000)]
  0x000001f24ea3ff60 JavaThread "ForkJoinPool-9-worker-20" daemon [_thread_blocked, id=18508, stack(0x0000000c8f000000,0x0000000c8f100000)]
  0x000001f2459e6ca0 JavaThread "Unconstrained build operations Thread 130" [_thread_blocked, id=42364, stack(0x0000000c85100000,0x0000000c85200000)]
  0x000001f2459ec7c0 JavaThread "Unconstrained build operations Thread 131" [_thread_blocked, id=15788, stack(0x0000000c85200000,0x0000000c85300000)]
  0x000001f2459eccd0 JavaThread "Unconstrained build operations Thread 132" [_thread_blocked, id=32340, stack(0x0000000c8f100000,0x0000000c8f200000)]
  0x000001f2459ed6f0 JavaThread "Unconstrained build operations Thread 133" [_thread_blocked, id=41244, stack(0x0000000c90200000,0x0000000c90300000)]
  0x000001f2459edc00 JavaThread "Unconstrained build operations Thread 134" [_thread_blocked, id=45328, stack(0x0000000c90300000,0x0000000c90400000)]
  0x000001f2459ed1e0 JavaThread "Unconstrained build operations Thread 135" [_thread_blocked, id=8080, stack(0x0000000c90400000,0x0000000c90500000)]
  0x000001f2459ea960 JavaThread "Unconstrained build operations Thread 136" [_thread_blocked, id=23108, stack(0x0000000c90500000,0x0000000c90600000)]
  0x000001f2459ec2b0 JavaThread "Unconstrained build operations Thread 137" [_thread_blocked, id=28988, stack(0x0000000c90600000,0x0000000c90700000)]
  0x000001f2459ee620 JavaThread "Unconstrained build operations Thread 138" [_thread_blocked, id=3548, stack(0x0000000c90700000,0x0000000c90800000)]
  0x000001f2459eae70 JavaThread "Unconstrained build operations Thread 139" [_thread_blocked, id=50028, stack(0x0000000c90800000,0x0000000c90900000)]
  0x000001f2459eeb30 JavaThread "Unconstrained build operations Thread 140" [_thread_blocked, id=40052, stack(0x0000000c90900000,0x0000000c90a00000)]
  0x000001f24effb000 JavaThread "Unconstrained build operations Thread 141" [_thread_blocked, id=29620, stack(0x0000000c90a00000,0x0000000c90b00000)]
  0x000001f24effa5e0 JavaThread "WorkerExecutor Queue Thread 21" [_thread_blocked, id=23300, stack(0x0000000c90b00000,0x0000000c90c00000)]
  0x000001f2749723b0 JavaThread "RMI TCP Connection(90)-127.0.0.1" daemon [_thread_in_native, id=21848, stack(0x0000000c90d00000,0x0000000c90e00000)]
  0x000001f2749728c0 JavaThread "RMI TCP Connection(91)-127.0.0.1" daemon [_thread_in_native, id=34492, stack(0x0000000c90e00000,0x0000000c90f00000)]
  0x000001f24effa0d0 JavaThread "Unconstrained build operations Thread 142" [_thread_blocked, id=18764, stack(0x0000000c90f00000,0x0000000c91000000)]
  0x000001f24effba20 JavaThread "WorkerExecutor Queue Thread 22" [_thread_blocked, id=47840, stack(0x0000000c91200000,0x0000000c91300000)]
  0x000001f24effc950 JavaThread "WorkerExecutor Queue Thread 23" [_thread_blocked, id=9692, stack(0x0000000c91300000,0x0000000c91400000)]
  0x000001f2749732e0 JavaThread "RMI TCP Connection(92)-127.0.0.1" daemon [_thread_in_native, id=47596, stack(0x0000000c91500000,0x0000000c91600000)]
  0x000001f27c223850 JavaThread "C2 CompilerThread1" daemon [_thread_blocked, id=43940, stack(0x0000000c91600000,0x0000000c91700000)]
  0x000001f27c222db0 JavaThread "C1 CompilerThread1" daemon [_thread_blocked, id=21700, stack(0x0000000c91700000,0x0000000c91800000)]
  0x000001f27c2242f0 JavaThread "C1 CompilerThread2" daemon [_thread_blocked, id=18132, stack(0x0000000c91800000,0x0000000c91900000)]
  0x000001f27ae167f0 JavaThread "WorkerExecutor Queue Thread 24" [_thread_blocked, id=13756, stack(0x0000000c91900000,0x0000000c91a00000)]
  0x000001f27b8b62a0 JavaThread "C2 CompilerThread2" daemon [_thread_blocked, id=10336, stack(0x0000000c90c00000,0x0000000c90d00000)]
  0x000001f27b8b5800 JavaThread "C2 CompilerThread3" daemon [_thread_blocked, id=21908, stack(0x0000000c91400000,0x0000000c91500000)]
  0x000001f27c7dbea0 JavaThread "C2 CompilerThread4" daemon [_thread_blocked, id=37540, stack(0x0000000c91a00000,0x0000000c91b00000)]
  0x000001f2457ba540 JavaThread "C2 CompilerThread5" daemon [_thread_blocked, id=14440, stack(0x0000000c91b00000,0x0000000c91c00000)]
  0x000001f2457bb530 JavaThread "C2 CompilerThread6" daemon [_thread_blocked, id=17296, stack(0x0000000c91c00000,0x0000000c91d00000)]
  0x000001f2457baa90 JavaThread "C2 CompilerThread7" daemon [_thread_blocked, id=16452, stack(0x0000000c91d00000,0x0000000c91e00000)]

Other Threads:
=>0x000001f26d27d970 VMThread "VM Thread" [stack: 0x0000000cfc100000,0x0000000cfc200000] [id=21688]
  0x000001f26d4ba320 WatcherThread [stack: 0x0000000cfd100000,0x0000000cfd200000] [id=20720]
  0x000001f2519abf40 GCTaskThread "GC Thread#0" [stack: 0x0000000cfbc00000,0x0000000cfbd00000] [id=26176]
  0x000001f27213b610 GCTaskThread "GC Thread#1" [stack: 0x0000000cfd500000,0x0000000cfd600000] [id=29472]
  0x000001f27213b8d0 GCTaskThread "GC Thread#2" [stack: 0x0000000cfd600000,0x0000000cfd700000] [id=36128]
  0x000001f26da7e800 GCTaskThread "GC Thread#3" [stack: 0x0000000cfd700000,0x0000000cfd800000] [id=15684]
  0x000001f26da7eac0 GCTaskThread "GC Thread#4" [stack: 0x0000000cfd800000,0x0000000cfd900000] [id=37740]
  0x000001f26da7ed80 GCTaskThread "GC Thread#5" [stack: 0x0000000cfd900000,0x0000000cfda00000] [id=18904]
  0x000001f26da7f040 GCTaskThread "GC Thread#6" [stack: 0x0000000cfda00000,0x0000000cfdb00000] [id=42480]
  0x000001f26dd75bd0 GCTaskThread "GC Thread#7" [stack: 0x0000000cfdb00000,0x0000000cfdc00000] [id=30492]
  0x000001f26dd75e90 GCTaskThread "GC Thread#8" [stack: 0x0000000cfdc00000,0x0000000cfdd00000] [id=38832]
  0x000001f2721c5cd0 GCTaskThread "GC Thread#9" [stack: 0x0000000cfdd00000,0x0000000cfde00000] [id=8500]
  0x000001f272357010 GCTaskThread "GC Thread#10" [stack: 0x0000000cfde00000,0x0000000cfdf00000] [id=33500]
  0x000001f2723572d0 GCTaskThread "GC Thread#11" [stack: 0x0000000cfdf00000,0x0000000cfe000000] [id=17984]
  0x000001f2724a3b10 GCTaskThread "GC Thread#12" [stack: 0x0000000cfef00000,0x0000000cff000000] [id=49920]
  0x000001f2724a2510 GCTaskThread "GC Thread#13" [stack: 0x0000000cff000000,0x0000000cff100000] [id=19488]
  0x000001f2724a27d0 GCTaskThread "GC Thread#14" [stack: 0x0000000cff100000,0x0000000cff200000] [id=49296]
  0x000001f2724a2a90 GCTaskThread "GC Thread#15" [stack: 0x0000000cff200000,0x0000000cff300000] [id=1768]
  0x000001f2724a3010 GCTaskThread "GC Thread#16" [stack: 0x0000000cff300000,0x0000000cff400000] [id=26692]
  0x000001f2724a3590 GCTaskThread "GC Thread#17" [stack: 0x0000000cff400000,0x0000000cff500000] [id=38420]
  0x000001f2519bdb10 ConcurrentGCThread "G1 Main Marker" [stack: 0x0000000cfbd00000,0x0000000cfbe00000] [id=27840]
  0x000001f2519bebe0 ConcurrentGCThread "G1 Conc#0" [stack: 0x0000000cfbe00000,0x0000000cfbf00000] [id=12576]
  0x000001f2724a32d0 ConcurrentGCThread "G1 Conc#1" [stack: 0x0000000cff500000,0x0000000cff600000] [id=49188]
  0x000001f273aef880 ConcurrentGCThread "G1 Conc#2" [stack: 0x0000000cff600000,0x0000000cff700000] [id=2608]
  0x000001f273aef300 ConcurrentGCThread "G1 Conc#3" [stack: 0x0000000cff700000,0x0000000cff800000] [id=21800]
  0x000001f273aefe00 ConcurrentGCThread "G1 Conc#4" [stack: 0x0000000cff800000,0x0000000cff900000] [id=11752]
  0x000001f26cdd3f10 ConcurrentGCThread "G1 Refine#0" [stack: 0x0000000cfbf00000,0x0000000cfc000000] [id=36908]
  0x000001f27b436da0 ConcurrentGCThread "G1 Refine#1" [stack: 0x0000000c8d400000,0x0000000c8d500000] [id=11612]
  0x000001f245db52c0 ConcurrentGCThread "G1 Refine#2" [stack: 0x0000000c8f200000,0x0000000c8f300000] [id=42108]
  0x000001f277939aa0 ConcurrentGCThread "G1 Refine#3" [stack: 0x0000000c8f300000,0x0000000c8f400000] [id=33908]
  0x000001f27b436370 ConcurrentGCThread "G1 Refine#4" [stack: 0x0000000c8f400000,0x0000000c8f500000] [id=49760]
  0x000001f245d3ff60 ConcurrentGCThread "G1 Refine#5" [stack: 0x0000000c8f500000,0x0000000c8f600000] [id=1620]
  0x000001f275f4e950 ConcurrentGCThread "G1 Refine#6" [stack: 0x0000000c8f600000,0x0000000c8f700000] [id=35812]
  0x000001f27a7cecb0 ConcurrentGCThread "G1 Refine#7" [stack: 0x0000000c8f700000,0x0000000c8f800000] [id=40284]
  0x000001f276e73f10 ConcurrentGCThread "G1 Refine#8" [stack: 0x0000000c8f800000,0x0000000c8f900000] [id=34676]
  0x000001f2744c5070 ConcurrentGCThread "G1 Refine#9" [stack: 0x0000000c8f900000,0x0000000c8fa00000] [id=32292]
  0x000001f272f817d0 ConcurrentGCThread "G1 Refine#10" [stack: 0x0000000c8fa00000,0x0000000c8fb00000] [id=36472]
  0x000001f27ac90dd0 ConcurrentGCThread "G1 Refine#11" [stack: 0x0000000c8fb00000,0x0000000c8fc00000] [id=31764]
  0x000001f27910eda0 ConcurrentGCThread "G1 Refine#12" [stack: 0x0000000c8fc00000,0x0000000c8fd00000] [id=36892]
  0x000001f27b436080 ConcurrentGCThread "G1 Refine#13" [stack: 0x0000000c8fd00000,0x0000000c8fe00000] [id=36188]
  0x000001f274f319e0 ConcurrentGCThread "G1 Refine#14" [stack: 0x0000000c8fe00000,0x0000000c8ff00000] [id=35892]
  0x000001f2792d92b0 ConcurrentGCThread "G1 Refine#15" [stack: 0x0000000c8ff00000,0x0000000c90000000] [id=9020]
  0x000001f27b436ab0 ConcurrentGCThread "G1 Refine#16" [stack: 0x0000000c90000000,0x0000000c90100000] [id=18872]
  0x000001f27b7fe9a0 ConcurrentGCThread "G1 Refine#17" [stack: 0x0000000c90100000,0x0000000c90200000] [id=13304]
  0x000001f26cdd6710 ConcurrentGCThread "G1 Service" [stack: 0x0000000cfc000000,0x0000000cfc100000] [id=14520]

Threads with active compile tasks:
C2 CompilerThread0  11178745 50704   !   4       com.android.tools.r8.graph.h9::a (881 bytes)
C2 CompilerThread1  11178745 50669       4       org.objectweb.asm.ClassReader::accept (1419 bytes)
C2 CompilerThread2  11178745 50854       4       com.android.tools.r8.internal.l32::d (65 bytes)
C2 CompilerThread3  11178745 50853       4       com.android.tools.r8.internal.em1::a (84 bytes)
C2 CompilerThread4  11178745 50827       4       com.android.tools.r8.internal.l32::a (1138 bytes)
C2 CompilerThread5  11178745 50812       4       com.android.tools.r8.synthesis.e0::a (188 bytes)
C2 CompilerThread6  11178745 50844       4       com.android.tools.r8.internal.qk2::a (448 bytes)
C2 CompilerThread7  11178745 50830       4       com.android.tools.r8.internal.fn::c (284 bytes)

VM state: at safepoint (normal execution)

VM Mutex/Monitor currently owned by a thread:  ([mutex/lock_event])
[0x000001f251945780] Threads_lock - owner thread: 0x000001f26d27d970
[0x000001f251946350] Heap_lock - owner thread: 0x000001f24939aaf0

Heap address: 0x0000000080000000, size: 2048 MB, Compressed Oops mode: 32-bit

CDS archive(s) mapped at: [0x000001f200000000-0x000001f200c00000-0x000001f200c00000), size 12582912, SharedBaseAddress: 0x000001f200000000, ArchiveRelocationMode: 1.
Compressed class space mapped at: 0x000001f201000000-0x000001f241000000, reserved size: 1073741824
Narrow klass base: 0x000001f200000000, Narrow klass shift: 0, Narrow klass range: 0x100000000

GC Precious Log:
 CPUs: 24 total, 24 available
 Memory: 32676M
 Large Page Support: Disabled
 NUMA Support: Disabled
 Compressed Oops: Enabled (32-bit)
 Heap Region Size: 1M
 Heap Min Capacity: 8M
 Heap Initial Capacity: 512M
 Heap Max Capacity: 2G
 Pre-touch: Disabled
 Parallel Workers: 18
 Concurrent Workers: 5
 Concurrent Refinement Workers: 18
 Periodic GC: Disabled

Heap:
 garbage-first heap   total 959488K, used 435356K [0x0000000080000000, 0x0000000100000000)
  region size 1024K, 40 young (40960K), 40 survivors (40960K)
 Metaspace       used 179685K, committed 181568K, reserved 1245184K
  class space    used 23542K, committed 24448K, reserved 1048576K

Heap Regions: E=young(eden), S=young(survivor), O=old, HS=humongous(starts), HC=humongous(continues), CS=collection set, F=free, OA=open archive, CA=closed archive, TAMS=top-at-mark-start (previous, next)
|   0|0x0000000080000000, 0x0000000080100000, 0x0000000080100000|100%|HS|  |TAMS 0x0000000080100000, 0x0000000080100000| Complete 
|   1|0x0000000080100000, 0x0000000080200000, 0x0000000080200000|100%|HC|  |TAMS 0x0000000080200000, 0x0000000080200000| Complete 
|   2|0x0000000080200000, 0x0000000080300000, 0x0000000080300000|100%|HC|  |TAMS 0x0000000080300000, 0x0000000080300000| Complete 
|   3|0x0000000080300000, 0x0000000080400000, 0x0000000080400000|100%| O|  |TAMS 0x0000000080400000, 0x0000000080400000| Untracked 
|   4|0x0000000080400000, 0x00000000804fffc0, 0x0000000080500000| 99%| O|  |TAMS 0x00000000804fffc0, 0x00000000804fffc0| Untracked 
|   5|0x0000000080500000, 0x00000000805e67f8, 0x0000000080600000| 90%| O|  |TAMS 0x00000000805e67f8, 0x00000000805e67f8| Untracked 
|   6|0x0000000080600000, 0x0000000080700000, 0x0000000080700000|100%|HS|  |TAMS 0x0000000080700000, 0x0000000080700000| Complete 
|   7|0x0000000080700000, 0x00000000807ffff8, 0x0000000080800000| 99%| O|  |TAMS 0x00000000807ffff8, 0x00000000807ffff8| Untracked 
|   8|0x0000000080800000, 0x00000000808ffff0, 0x0000000080900000| 99%| O|  |TAMS 0x00000000808ffff0, 0x00000000808ffff0| Untracked 
|   9|0x0000000080900000, 0x00000000809fffd0, 0x0000000080a00000| 99%| O|  |TAMS 0x00000000809fffd0, 0x00000000809fffd0| Untracked 
|  10|0x0000000080a00000, 0x0000000080afff90, 0x0000000080b00000| 99%| O|  |TAMS 0x0000000080afff90, 0x0000000080afff90| Untracked 
|  11|0x0000000080b00000, 0x0000000080c00000, 0x0000000080c00000|100%| O|  |TAMS 0x0000000080c00000, 0x0000000080c00000| Untracked 
|  12|0x0000000080c00000, 0x0000000080d00000, 0x0000000080d00000|100%| O|  |TAMS 0x0000000080d00000, 0x0000000080d00000| Untracked 
|  13|0x0000000080d00000, 0x0000000080e00000, 0x0000000080e00000|100%| O|  |TAMS 0x0000000080e00000, 0x0000000080e00000| Untracked 
|  14|0x0000000080e00000, 0x0000000080f00000, 0x0000000080f00000|100%| O|  |TAMS 0x0000000080f00000, 0x0000000080f00000| Untracked 
|  15|0x0000000080f00000, 0x0000000080fffff0, 0x0000000081000000| 99%| O|  |TAMS 0x0000000080fffff0, 0x0000000080fffff0| Untracked 
|  16|0x0000000081000000, 0x0000000081100000, 0x0000000081100000|100%| O|  |TAMS 0x0000000081100000, 0x0000000081100000| Untracked 
|  17|0x0000000081100000, 0x0000000081200000, 0x0000000081200000|100%| O|  |TAMS 0x0000000081200000, 0x0000000081200000| Untracked 
|  18|0x0000000081200000, 0x00000000812fffe8, 0x0000000081300000| 99%| O|  |TAMS 0x00000000812fffe8, 0x00000000812fffe8| Untracked 
|  19|0x0000000081300000, 0x0000000081400000, 0x0000000081400000|100%| O|  |TAMS 0x0000000081400000, 0x0000000081400000| Untracked 
|  20|0x0000000081400000, 0x0000000081500000, 0x0000000081500000|100%| O|  |TAMS 0x0000000081500000, 0x0000000081500000| Untracked 
|  21|0x0000000081500000, 0x00000000815ffff8, 0x0000000081600000| 99%| O|  |TAMS 0x00000000815ffff8, 0x00000000815ffff8| Untracked 
|  22|0x0000000081600000, 0x00000000816fffc8, 0x0000000081700000| 99%| O|  |TAMS 0x00000000816fffc8, 0x00000000816fffc8| Untracked 
|  23|0x0000000081700000, 0x00000000817fffe0, 0x0000000081800000| 99%| O|  |TAMS 0x00000000817fffe0, 0x00000000817fffe0| Untracked 
|  24|0x0000000081800000, 0x00000000818fa2d8, 0x0000000081900000| 97%| O|  |TAMS 0x00000000818fa2d8, 0x00000000818fa2d8| Untracked 
|  25|0x0000000081900000, 0x00000000819fffe8, 0x0000000081a00000| 99%| O|  |TAMS 0x00000000819fffe8, 0x00000000819fffe8| Untracked 
|  26|0x0000000081a00000, 0x0000000081b00000, 0x0000000081b00000|100%|HS|  |TAMS 0x0000000081b00000, 0x0000000081b00000| Complete 
|  27|0x0000000081b00000, 0x0000000081c00000, 0x0000000081c00000|100%| O|  |TAMS 0x0000000081c00000, 0x0000000081c00000| Untracked 
|  28|0x0000000081c00000, 0x0000000081cffff0, 0x0000000081d00000| 99%| O|  |TAMS 0x0000000081cffff0, 0x0000000081cffff0| Untracked 
|  29|0x0000000081d00000, 0x0000000081dffff8, 0x0000000081e00000| 99%| O|  |TAMS 0x0000000081dffff8, 0x0000000081dffff8| Untracked 
|  30|0x0000000081e00000, 0x0000000081effff8, 0x0000000081f00000| 99%| O|  |TAMS 0x0000000081effff8, 0x0000000081effff8| Untracked 
|  31|0x0000000081f00000, 0x0000000081ffffe8, 0x0000000082000000| 99%| O|  |TAMS 0x0000000081ffffe8, 0x0000000081ffffe8| Untracked 
|  32|0x0000000082000000, 0x00000000820ffff8, 0x0000000082100000| 99%| O|  |TAMS 0x00000000820ffff8, 0x00000000820ffff8| Untracked 
|  33|0x0000000082100000, 0x00000000821ffff0, 0x0000000082200000| 99%| O|  |TAMS 0x00000000821ffff0, 0x00000000821ffff0| Untracked 
|  34|0x0000000082200000, 0x00000000822fffd8, 0x0000000082300000| 99%| O|  |TAMS 0x00000000822fffd8, 0x00000000822fffd8| Untracked 
|  35|0x0000000082300000, 0x00000000823fffe0, 0x0000000082400000| 99%| O|  |TAMS 0x00000000823fffe0, 0x00000000823fffe0| Untracked 
|  36|0x0000000082400000, 0x0000000082500000, 0x0000000082500000|100%| O|  |TAMS 0x0000000082500000, 0x0000000082500000| Untracked 
|  37|0x0000000082500000, 0x00000000825f8278, 0x0000000082600000| 96%| O|  |TAMS 0x00000000825f8278, 0x00000000825f8278| Untracked 
|  38|0x0000000082600000, 0x00000000826fffe8, 0x0000000082700000| 99%| O|  |TAMS 0x00000000826fffe8, 0x00000000826fffe8| Untracked 
|  39|0x0000000082700000, 0x00000000827f9b08, 0x0000000082800000| 97%| O|  |TAMS 0x00000000827f9b08, 0x00000000827f9b08| Untracked 
|  40|0x0000000082800000, 0x0000000082900000, 0x0000000082900000|100%| O|  |TAMS 0x0000000082900000, 0x0000000082900000| Untracked 
|  41|0x0000000082900000, 0x0000000082a00000, 0x0000000082a00000|100%|HS|  |TAMS 0x0000000082a00000, 0x0000000082a00000| Complete 
|  42|0x0000000082a00000, 0x0000000082b00000, 0x0000000082b00000|100%|HS|  |TAMS 0x0000000082b00000, 0x0000000082b00000| Complete 
|  43|0x0000000082b00000, 0x0000000082c00000, 0x0000000082c00000|100%|HC|  |TAMS 0x0000000082c00000, 0x0000000082c00000| Complete 
|  44|0x0000000082c00000, 0x0000000082d00000, 0x0000000082d00000|100%|HS|  |TAMS 0x0000000082d00000, 0x0000000082d00000| Complete 
|  45|0x0000000082d00000, 0x0000000082e00000, 0x0000000082e00000|100%|HC|  |TAMS 0x0000000082e00000, 0x0000000082e00000| Complete 
|  46|0x0000000082e00000, 0x0000000082f00000, 0x0000000082f00000|100%|HS|  |TAMS 0x0000000082f00000, 0x0000000082f00000| Complete 
|  47|0x0000000082f00000, 0x0000000083000000, 0x0000000083000000|100%|HS|  |TAMS 0x0000000083000000, 0x0000000083000000| Complete 
|  48|0x0000000083000000, 0x0000000083100000, 0x0000000083100000|100%|HS|  |TAMS 0x0000000083100000, 0x0000000083100000| Complete 
|  49|0x0000000083100000, 0x0000000083200000, 0x0000000083200000|100%|HC|  |TAMS 0x0000000083200000, 0x0000000083200000| Complete 
|  50|0x0000000083200000, 0x0000000083300000, 0x0000000083300000|100%|HC|  |TAMS 0x0000000083300000, 0x0000000083300000| Complete 
|  51|0x0000000083300000, 0x0000000083400000, 0x0000000083400000|100%|HS|  |TAMS 0x0000000083400000, 0x0000000083400000| Complete 
|  52|0x0000000083400000, 0x00000000834ffff0, 0x0000000083500000| 99%| O|  |TAMS 0x00000000834ffff0, 0x00000000834ffff0| Untracked 
|  53|0x0000000083500000, 0x0000000083600000, 0x0000000083600000|100%|HS|  |TAMS 0x0000000083600000, 0x0000000083600000| Complete 
|  54|0x0000000083600000, 0x0000000083700000, 0x0000000083700000|100%|HS|  |TAMS 0x0000000083700000, 0x0000000083700000| Complete 
|  55|0x0000000083700000, 0x00000000837fffc8, 0x0000000083800000| 99%| O|  |TAMS 0x00000000837fffc8, 0x00000000837fffc8| Untracked 
|  56|0x0000000083800000, 0x00000000838ffe20, 0x0000000083900000| 99%| O|  |TAMS 0x00000000838ffe20, 0x00000000838ffe20| Untracked 
|  57|0x0000000083900000, 0x00000000839f6520, 0x0000000083a00000| 96%| O|  |TAMS 0x00000000839f6520, 0x00000000839f6520| Untracked 
|  58|0x0000000083a00000, 0x0000000083afffe8, 0x0000000083b00000| 99%| O|  |TAMS 0x0000000083afffe8, 0x0000000083afffe8| Untracked 
|  59|0x0000000083b00000, 0x0000000083bf9660, 0x0000000083c00000| 97%| O|  |TAMS 0x0000000083bf9660, 0x0000000083bf9660| Untracked 
|  60|0x0000000083c00000, 0x0000000083d00000, 0x0000000083d00000|100%| O|  |TAMS 0x0000000083d00000, 0x0000000083d00000| Untracked 
|  61|0x0000000083d00000, 0x0000000083df3998, 0x0000000083e00000| 95%| O|  |TAMS 0x0000000083df3998, 0x0000000083df3998| Untracked 
|  62|0x0000000083e00000, 0x0000000083f00000, 0x0000000083f00000|100%| O|  |TAMS 0x0000000083f00000, 0x0000000083f00000| Untracked 
|  63|0x0000000083f00000, 0x0000000084000000, 0x0000000084000000|100%| O|  |TAMS 0x0000000084000000, 0x0000000084000000| Untracked 
|  64|0x0000000084000000, 0x0000000084100000, 0x0000000084100000|100%| O|  |TAMS 0x0000000084100000, 0x0000000084100000| Untracked 
|  65|0x0000000084100000, 0x00000000841625f0, 0x0000000084200000| 38%| O|  |TAMS 0x00000000841625f0, 0x00000000841625f0| Untracked 
|  66|0x0000000084200000, 0x0000000084300000, 0x0000000084300000|100%|HS|  |TAMS 0x0000000084300000, 0x0000000084300000| Complete 
|  67|0x0000000084300000, 0x0000000084400000, 0x0000000084400000|100%|HC|  |TAMS 0x0000000084400000, 0x0000000084400000| Complete 
|  68|0x0000000084400000, 0x0000000084500000, 0x0000000084500000|100%|HC|  |TAMS 0x0000000084500000, 0x0000000084500000| Complete 
|  69|0x0000000084500000, 0x00000000845ffcb8, 0x0000000084600000| 99%| O|  |TAMS 0x00000000845ffcb8, 0x00000000845ffcb8| Untracked 
|  70|0x0000000084600000, 0x00000000846ffff8, 0x0000000084700000| 99%| O|  |TAMS 0x00000000846ffff8, 0x00000000846ffff8| Untracked 
|  71|0x0000000084700000, 0x00000000847fffd8, 0x0000000084800000| 99%| O|  |TAMS 0x00000000847fffd8, 0x00000000847fffd8| Untracked 
|  72|0x0000000084800000, 0x00000000848fffe8, 0x0000000084900000| 99%| O|  |TAMS 0x00000000848fffe8, 0x00000000848fffe8| Untracked 
|  73|0x0000000084900000, 0x00000000849ffff8, 0x0000000084a00000| 99%| O|  |TAMS 0x00000000849ffff8, 0x00000000849ffff8| Untracked 
|  74|0x0000000084a00000, 0x0000000084affff0, 0x0000000084b00000| 99%| O|  |TAMS 0x0000000084affff0, 0x0000000084affff0| Untracked 
|  75|0x0000000084b00000, 0x0000000084c00000, 0x0000000084c00000|100%| O|  |TAMS 0x0000000084c00000, 0x0000000084c00000| Untracked 
|  76|0x0000000084c00000, 0x0000000084cbd080, 0x0000000084d00000| 73%| O|  |TAMS 0x0000000084cbd080, 0x0000000084cbd080| Untracked 
|  77|0x0000000084d00000, 0x0000000084dfffe0, 0x0000000084e00000| 99%| O|  |TAMS 0x0000000084dfffe0, 0x0000000084dfffe0| Untracked 
|  78|0x0000000084e00000, 0x0000000084effff8, 0x0000000084f00000| 99%| O|  |TAMS 0x0000000084effff8, 0x0000000084effff8| Untracked 
|  79|0x0000000084f00000, 0x0000000084fffff0, 0x0000000085000000| 99%| O|  |TAMS 0x0000000084fffff0, 0x0000000084fffff0| Untracked 
|  80|0x0000000085000000, 0x00000000850fffc0, 0x0000000085100000| 99%| O|  |TAMS 0x00000000850fffc0, 0x00000000850fffc0| Untracked 
|  81|0x0000000085100000, 0x0000000085200000, 0x0000000085200000|100%| O|  |TAMS 0x0000000085200000, 0x0000000085200000| Untracked 
|  82|0x0000000085200000, 0x00000000852fffe8, 0x0000000085300000| 99%| O|  |TAMS 0x00000000852fffe8, 0x00000000852fffe8| Untracked 
|  83|0x0000000085300000, 0x0000000085400000, 0x0000000085400000|100%|HS|  |TAMS 0x0000000085400000, 0x0000000085400000| Complete 
|  84|0x0000000085400000, 0x00000000854fffc8, 0x0000000085500000| 99%| O|  |TAMS 0x00000000854fffc8, 0x00000000854fffc8| Untracked 
|  85|0x0000000085500000, 0x00000000855fff48, 0x0000000085600000| 99%| O|  |TAMS 0x00000000855fff48, 0x00000000855fff48| Untracked 
|  86|0x0000000085600000, 0x00000000856ff658, 0x0000000085700000| 99%| O|  |TAMS 0x00000000856ff658, 0x00000000856ff658| Untracked 
|  87|0x0000000085700000, 0x00000000857ffbf0, 0x0000000085800000| 99%| O|  |TAMS 0x00000000857ffbf0, 0x00000000857ffbf0| Untracked 
|  88|0x0000000085800000, 0x00000000858ffff0, 0x0000000085900000| 99%| O|  |TAMS 0x00000000858ffff0, 0x00000000858ffff0| Untracked 
|  89|0x0000000085900000, 0x00000000859c1bd0, 0x0000000085a00000| 75%| O|  |TAMS 0x00000000859c1bd0, 0x00000000859c1bd0| Untracked 
|  90|0x0000000085a00000, 0x0000000085affff0, 0x0000000085b00000| 99%| O|  |TAMS 0x0000000085affff0, 0x0000000085affff0| Untracked 
|  91|0x0000000085b00000, 0x0000000085c00000, 0x0000000085c00000|100%| O|  |TAMS 0x0000000085c00000, 0x0000000085c00000| Untracked 
|  92|0x0000000085c00000, 0x0000000085cfffd8, 0x0000000085d00000| 99%| O|  |TAMS 0x0000000085cfffd8, 0x0000000085cfffd8| Untracked 
|  93|0x0000000085d00000, 0x0000000085dffff0, 0x0000000085e00000| 99%| O|  |TAMS 0x0000000085dffff0, 0x0000000085dffff0| Untracked 
|  94|0x0000000085e00000, 0x0000000085effff0, 0x0000000085f00000| 99%| O|  |TAMS 0x0000000085effff0, 0x0000000085effff0| Untracked 
|  95|0x0000000085f00000, 0x0000000086000000, 0x0000000086000000|100%| O|  |TAMS 0x0000000086000000, 0x0000000086000000| Untracked 
|  96|0x0000000086000000, 0x00000000860fffd0, 0x0000000086100000| 99%| O|  |TAMS 0x00000000860fffd0, 0x00000000860fffd0| Untracked 
|  97|0x0000000086100000, 0x00000000861fffc0, 0x0000000086200000| 99%| O|  |TAMS 0x00000000861fffc0, 0x00000000861fffc0| Untracked 
|  98|0x0000000086200000, 0x00000000862fffe0, 0x0000000086300000| 99%| O|  |TAMS 0x00000000862fffe0, 0x00000000862fffe0| Untracked 
|  99|0x0000000086300000, 0x0000000086400000, 0x0000000086400000|100%| O|  |TAMS 0x0000000086400000, 0x0000000086400000| Untracked 
| 100|0x0000000086400000, 0x00000000864fffe8, 0x0000000086500000| 99%| O|  |TAMS 0x00000000864fffe8, 0x00000000864fffe8| Untracked 
| 101|0x0000000086500000, 0x0000000086600000, 0x0000000086600000|100%| O|  |TAMS 0x0000000086600000, 0x0000000086600000| Untracked 
| 102|0x0000000086600000, 0x0000000086700000, 0x0000000086700000|100%| O|  |TAMS 0x0000000086700000, 0x0000000086700000| Untracked 
| 103|0x0000000086700000, 0x00000000867c40b0, 0x0000000086800000| 76%| O|  |TAMS 0x00000000867c40b0, 0x00000000867c40b0| Untracked 
| 104|0x0000000086800000, 0x00000000868cd4c0, 0x0000000086900000| 80%| O|  |TAMS 0x00000000868cd4c0, 0x00000000868cd4c0| Untracked 
| 105|0x0000000086900000, 0x0000000086a00000, 0x0000000086a00000|100%|HS|  |TAMS 0x0000000086a00000, 0x0000000086a00000| Complete 
| 106|0x0000000086a00000, 0x0000000086afffd8, 0x0000000086b00000| 99%| O|  |TAMS 0x0000000086afffd8, 0x0000000086afffd8| Untracked 
| 107|0x0000000086b00000, 0x0000000086bffff8, 0x0000000086c00000| 99%| O|  |TAMS 0x0000000086bffff8, 0x0000000086bffff8| Untracked 
| 108|0x0000000086c00000, 0x0000000086cffff0, 0x0000000086d00000| 99%| O|  |TAMS 0x0000000086cffff0, 0x0000000086cffff0| Untracked 
| 109|0x0000000086d00000, 0x0000000086e00000, 0x0000000086e00000|100%| O|  |TAMS 0x0000000086d00000, 0x0000000086d00000| Untracked 
| 110|0x0000000086e00000, 0x0000000086effff0, 0x0000000086f00000| 99%| O|  |TAMS 0x0000000086effff0, 0x0000000086effff0| Untracked 
| 111|0x0000000086f00000, 0x0000000087000000, 0x0000000087000000|100%| O|  |TAMS 0x0000000087000000, 0x0000000087000000| Untracked 
| 112|0x0000000087000000, 0x00000000870fc4a8, 0x0000000087100000| 98%| O|  |TAMS 0x00000000870fc4a8, 0x00000000870fc4a8| Untracked 
| 113|0x0000000087100000, 0x00000000871ffff8, 0x0000000087200000| 99%| O|  |TAMS 0x00000000871ffff8, 0x00000000871ffff8| Untracked 
| 114|0x0000000087200000, 0x00000000872f9b10, 0x0000000087300000| 97%| O|  |TAMS 0x00000000872f9b10, 0x00000000872f9b10| Untracked 
| 115|0x0000000087300000, 0x0000000087400000, 0x0000000087400000|100%| O|  |TAMS 0x0000000087400000, 0x0000000087400000| Untracked 
| 116|0x0000000087400000, 0x0000000087500000, 0x0000000087500000|100%|HS|  |TAMS 0x0000000087500000, 0x0000000087500000| Complete 
| 117|0x0000000087500000, 0x00000000875ffff0, 0x0000000087600000| 99%| O|  |TAMS 0x00000000875ffff0, 0x00000000875ffff0| Untracked 
| 118|0x0000000087600000, 0x00000000876fffb8, 0x0000000087700000| 99%| O|  |TAMS 0x00000000876fffb8, 0x00000000876fffb8| Untracked 
| 119|0x0000000087700000, 0x000000008779b688, 0x0000000087800000| 60%| O|  |TAMS 0x000000008779b688, 0x000000008779b688| Untracked 
| 120|0x0000000087800000, 0x00000000878fffd0, 0x0000000087900000| 99%| O|  |TAMS 0x00000000878fffd0, 0x00000000878fffd0| Untracked 
| 121|0x0000000087900000, 0x0000000087a00000, 0x0000000087a00000|100%|HS|  |TAMS 0x0000000087a00000, 0x0000000087a00000| Complete 
| 122|0x0000000087a00000, 0x0000000087b00000, 0x0000000087b00000|100%| O|  |TAMS 0x0000000087b00000, 0x0000000087b00000| Untracked 
| 123|0x0000000087b00000, 0x0000000087bffff8, 0x0000000087c00000| 99%| O|  |TAMS 0x0000000087bffff8, 0x0000000087bffff8| Untracked 
| 124|0x0000000087c00000, 0x0000000087cad2c8, 0x0000000087d00000| 67%| O|  |TAMS 0x0000000087cad2c8, 0x0000000087cad2c8| Untracked 
| 125|0x0000000087d00000, 0x0000000087d86838, 0x0000000087e00000| 52%| O|  |TAMS 0x0000000087d86838, 0x0000000087d86838| Untracked 
| 126|0x0000000087e00000, 0x0000000087efffb0, 0x0000000087f00000| 99%| O|  |TAMS 0x0000000087efffb0, 0x0000000087efffb0| Untracked 
| 127|0x0000000087f00000, 0x0000000088000000, 0x0000000088000000|100%| O|  |TAMS 0x0000000088000000, 0x0000000088000000| Untracked 
| 128|0x0000000088000000, 0x0000000088100000, 0x0000000088100000|100%|HS|  |TAMS 0x0000000088100000, 0x0000000088100000| Complete 
| 129|0x0000000088100000, 0x00000000881ffff8, 0x0000000088200000| 99%| O|  |TAMS 0x00000000881ffff8, 0x00000000881ffff8| Untracked 
| 130|0x0000000088200000, 0x00000000882ffff0, 0x0000000088300000| 99%| O|  |TAMS 0x00000000882ffff0, 0x00000000882ffff0| Untracked 
| 131|0x0000000088300000, 0x0000000088392c80, 0x0000000088400000| 57%| O|  |TAMS 0x0000000088392c80, 0x0000000088392c80| Untracked 
| 132|0x0000000088400000, 0x0000000088500000, 0x0000000088500000|100%| O|  |TAMS 0x0000000088500000, 0x0000000088500000| Untracked 
| 133|0x0000000088500000, 0x00000000885b30d0, 0x0000000088600000| 69%| O|  |TAMS 0x00000000885b30d0, 0x00000000885b30d0| Untracked 
| 134|0x0000000088600000, 0x00000000886ffff0, 0x0000000088700000| 99%| O|  |TAMS 0x00000000886ffff0, 0x00000000886ffff0| Untracked 
| 135|0x0000000088700000, 0x00000000887c5b68, 0x0000000088800000| 77%| O|  |TAMS 0x00000000887c5b68, 0x00000000887c5b68| Untracked 
| 136|0x0000000088800000, 0x0000000088900000, 0x0000000088900000|100%|HS|  |TAMS 0x0000000088900000, 0x0000000088900000| Complete 
| 137|0x0000000088900000, 0x0000000088a00000, 0x0000000088a00000|100%|HC|  |TAMS 0x0000000088a00000, 0x0000000088a00000| Complete 
| 138|0x0000000088a00000, 0x0000000088afffe8, 0x0000000088b00000| 99%| O|  |TAMS 0x0000000088afffe8, 0x0000000088afffe8| Untracked 
| 139|0x0000000088b00000, 0x0000000088c00000, 0x0000000088c00000|100%|HS|  |TAMS 0x0000000088c00000, 0x0000000088c00000| Complete 
| 140|0x0000000088c00000, 0x0000000088d00000, 0x0000000088d00000|100%|HC|  |TAMS 0x0000000088d00000, 0x0000000088d00000| Complete 
| 141|0x0000000088d00000, 0x0000000088e00000, 0x0000000088e00000|100%|HS|  |TAMS 0x0000000088e00000, 0x0000000088e00000| Complete 
| 142|0x0000000088e00000, 0x0000000088f00000, 0x0000000088f00000|100%| O|  |TAMS 0x0000000088f00000, 0x0000000088f00000| Untracked 
| 143|0x0000000088f00000, 0x0000000089000000, 0x0000000089000000|100%| O|  |TAMS 0x0000000088f00000, 0x0000000089000000| Untracked 
| 144|0x0000000089000000, 0x0000000089100000, 0x0000000089100000|100%|HS|  |TAMS 0x0000000089100000, 0x0000000089100000| Complete 
| 145|0x0000000089100000, 0x0000000089200000, 0x0000000089200000|100%|HS|  |TAMS 0x0000000089200000, 0x0000000089200000| Complete 
| 146|0x0000000089200000, 0x0000000089300000, 0x0000000089300000|100%| O|  |TAMS 0x0000000089300000, 0x0000000089300000| Untracked 
| 147|0x0000000089300000, 0x0000000089400000, 0x0000000089400000|100%| O|  |TAMS 0x0000000089400000, 0x0000000089400000| Untracked 
| 148|0x0000000089400000, 0x0000000089500000, 0x0000000089500000|100%| O|  |TAMS 0x0000000089500000, 0x0000000089500000| Untracked 
| 149|0x0000000089500000, 0x0000000089600000, 0x0000000089600000|100%| O|  |TAMS 0x0000000089500000, 0x0000000089500000| Untracked 
| 150|0x0000000089600000, 0x0000000089700000, 0x0000000089700000|100%| O|  |TAMS 0x0000000089600000, 0x0000000089700000| Untracked 
| 151|0x0000000089700000, 0x0000000089800000, 0x0000000089800000|100%| O|  |TAMS 0x0000000089700000, 0x0000000089800000| Untracked 
| 152|0x0000000089800000, 0x0000000089900000, 0x0000000089900000|100%| O|  |TAMS 0x0000000089800000, 0x0000000089800000| Untracked 
| 153|0x0000000089900000, 0x0000000089a00000, 0x0000000089a00000|100%| O|  |TAMS 0x0000000089900000, 0x0000000089900000| Untracked 
| 154|0x0000000089a00000, 0x0000000089b00000, 0x0000000089b00000|100%| O|  |TAMS 0x0000000089a00000, 0x0000000089b00000| Untracked 
| 155|0x0000000089b00000, 0x0000000089c00000, 0x0000000089c00000|100%| O|  |TAMS 0x0000000089c00000, 0x0000000089c00000| Untracked 
| 156|0x0000000089c00000, 0x0000000089d00000, 0x0000000089d00000|100%| O|  |TAMS 0x0000000089c00000, 0x0000000089d00000| Untracked 
| 157|0x0000000089d00000, 0x0000000089e00000, 0x0000000089e00000|100%| O|  |TAMS 0x0000000089e00000, 0x0000000089e00000| Untracked 
| 158|0x0000000089e00000, 0x0000000089f00000, 0x0000000089f00000|100%| O|  |TAMS 0x0000000089f00000, 0x0000000089f00000| Untracked 
| 159|0x0000000089f00000, 0x000000008a000000, 0x000000008a000000|100%|HS|  |TAMS 0x000000008a000000, 0x000000008a000000| Complete 
| 160|0x000000008a000000, 0x000000008a100000, 0x000000008a100000|100%|HC|  |TAMS 0x000000008a100000, 0x000000008a100000| Complete 
| 161|0x000000008a100000, 0x000000008a200000, 0x000000008a200000|100%|HS|  |TAMS 0x000000008a200000, 0x000000008a200000| Complete 
| 162|0x000000008a200000, 0x000000008a300000, 0x000000008a300000|100%|HC|  |TAMS 0x000000008a300000, 0x000000008a300000| Complete 
| 163|0x000000008a300000, 0x000000008a400000, 0x000000008a400000|100%| O|  |TAMS 0x000000008a400000, 0x000000008a400000| Untracked 
| 164|0x000000008a400000, 0x000000008a500000, 0x000000008a500000|100%| O|  |TAMS 0x000000008a500000, 0x000000008a500000| Untracked 
| 165|0x000000008a500000, 0x000000008a600000, 0x000000008a600000|100%| O|  |TAMS 0x000000008a600000, 0x000000008a600000| Untracked 
| 166|0x000000008a600000, 0x000000008a700000, 0x000000008a700000|100%| O|  |TAMS 0x000000008a700000, 0x000000008a700000| Untracked 
| 167|0x000000008a700000, 0x000000008a79d398, 0x000000008a800000| 61%| O|  |TAMS 0x000000008a79d398, 0x000000008a79d398| Untracked 
| 168|0x000000008a800000, 0x000000008a900000, 0x000000008a900000|100%| O|  |TAMS 0x000000008a900000, 0x000000008a900000| Untracked 
| 169|0x000000008a900000, 0x000000008aa00000, 0x000000008aa00000|100%|HS|  |TAMS 0x000000008aa00000, 0x000000008aa00000| Complete 
| 170|0x000000008aa00000, 0x000000008ab00000, 0x000000008ab00000|100%|HS|  |TAMS 0x000000008ab00000, 0x000000008ab00000| Complete 
| 171|0x000000008ab00000, 0x000000008ac00000, 0x000000008ac00000|100%|HC|  |TAMS 0x000000008ac00000, 0x000000008ac00000| Complete 
| 172|0x000000008ac00000, 0x000000008ad00000, 0x000000008ad00000|100%| O|  |TAMS 0x000000008ac00000, 0x000000008ad00000| Untracked 
| 173|0x000000008ad00000, 0x000000008ae00000, 0x000000008ae00000|100%| O|  |TAMS 0x000000008ae00000, 0x000000008ae00000| Untracked 
| 174|0x000000008ae00000, 0x000000008af00000, 0x000000008af00000|100%| O|  |TAMS 0x000000008af00000, 0x000000008af00000| Untracked 
| 175|0x000000008af00000, 0x000000008b000000, 0x000000008b000000|100%| O|  |TAMS 0x000000008b000000, 0x000000008b000000| Untracked 
| 176|0x000000008b000000, 0x000000008b100000, 0x000000008b100000|100%| O|  |TAMS 0x000000008b100000, 0x000000008b100000| Untracked 
| 177|0x000000008b100000, 0x000000008b200000, 0x000000008b200000|100%| O|  |TAMS 0x000000008b200000, 0x000000008b200000| Untracked 
| 178|0x000000008b200000, 0x000000008b300000, 0x000000008b300000|100%| O|  |TAMS 0x000000008b300000, 0x000000008b300000| Untracked 
| 179|0x000000008b300000, 0x000000008b400000, 0x000000008b400000|100%| O|  |TAMS 0x000000008b400000, 0x000000008b400000| Untracked 
| 180|0x000000008b400000, 0x000000008b500000, 0x000000008b500000|100%|HS|  |TAMS 0x000000008b500000, 0x000000008b500000| Complete 
| 181|0x000000008b500000, 0x000000008b600000, 0x000000008b600000|100%|HC|  |TAMS 0x000000008b600000, 0x000000008b600000| Complete 
| 182|0x000000008b600000, 0x000000008b700000, 0x000000008b700000|100%|HC|  |TAMS 0x000000008b700000, 0x000000008b700000| Complete 
| 183|0x000000008b700000, 0x000000008b800000, 0x000000008b800000|100%|HS|  |TAMS 0x000000008b800000, 0x000000008b800000| Complete 
| 184|0x000000008b800000, 0x000000008b900000, 0x000000008b900000|100%|HC|  |TAMS 0x000000008b900000, 0x000000008b900000| Complete 
| 185|0x000000008b900000, 0x000000008ba00000, 0x000000008ba00000|100%|HC|  |TAMS 0x000000008ba00000, 0x000000008ba00000| Complete 
| 186|0x000000008ba00000, 0x000000008bb00000, 0x000000008bb00000|100%| O|  |TAMS 0x000000008bb00000, 0x000000008bb00000| Untracked 
| 187|0x000000008bb00000, 0x000000008bc00000, 0x000000008bc00000|100%| O|  |TAMS 0x000000008bc00000, 0x000000008bc00000| Untracked 
| 188|0x000000008bc00000, 0x000000008bd00000, 0x000000008bd00000|100%| O|  |TAMS 0x000000008bd00000, 0x000000008bd00000| Untracked 
| 189|0x000000008bd00000, 0x000000008be00000, 0x000000008be00000|100%| O|  |TAMS 0x000000008be00000, 0x000000008be00000| Untracked 
| 190|0x000000008be00000, 0x000000008bf00000, 0x000000008bf00000|100%| O|  |TAMS 0x000000008bf00000, 0x000000008bf00000| Untracked 
| 191|0x000000008bf00000, 0x000000008c000000, 0x000000008c000000|100%| O|  |TAMS 0x000000008c000000, 0x000000008c000000| Untracked 
| 192|0x000000008c000000, 0x000000008c100000, 0x000000008c100000|100%|HS|  |TAMS 0x000000008c000000, 0x000000008c100000| Complete 
| 193|0x000000008c100000, 0x000000008c200000, 0x000000008c200000|100%| O|  |TAMS 0x000000008c200000, 0x000000008c200000| Untracked 
| 194|0x000000008c200000, 0x000000008c300000, 0x000000008c300000|100%| O|  |TAMS 0x000000008c300000, 0x000000008c300000| Untracked 
| 195|0x000000008c300000, 0x000000008c400000, 0x000000008c400000|100%| O|  |TAMS 0x000000008c400000, 0x000000008c400000| Untracked 
| 196|0x000000008c400000, 0x000000008c500000, 0x000000008c500000|100%| O|  |TAMS 0x000000008c500000, 0x000000008c500000| Untracked 
| 197|0x000000008c500000, 0x000000008c600000, 0x000000008c600000|100%| O|  |TAMS 0x000000008c600000, 0x000000008c600000| Untracked 
| 198|0x000000008c600000, 0x000000008c700000, 0x000000008c700000|100%| O|  |TAMS 0x000000008c700000, 0x000000008c700000| Untracked 
| 199|0x000000008c700000, 0x000000008c800000, 0x000000008c800000|100%| O|  |TAMS 0x000000008c800000, 0x000000008c800000| Untracked 
| 200|0x000000008c800000, 0x000000008c900000, 0x000000008c900000|100%| O|  |TAMS 0x000000008c900000, 0x000000008c900000| Untracked 
| 201|0x000000008c900000, 0x000000008ca00000, 0x000000008ca00000|100%| O|  |TAMS 0x000000008ca00000, 0x000000008ca00000| Untracked 
| 202|0x000000008ca00000, 0x000000008cb00000, 0x000000008cb00000|100%| O|  |TAMS 0x000000008ca00000, 0x000000008cb00000| Untracked 
| 203|0x000000008cb00000, 0x000000008cc00000, 0x000000008cc00000|100%| O|  |TAMS 0x000000008cc00000, 0x000000008cc00000| Untracked 
| 204|0x000000008cc00000, 0x000000008cd00000, 0x000000008cd00000|100%| O|  |TAMS 0x000000008cd00000, 0x000000008cd00000| Untracked 
| 205|0x000000008cd00000, 0x000000008ce00000, 0x000000008ce00000|100%| O|  |TAMS 0x000000008ce00000, 0x000000008ce00000| Untracked 
| 206|0x000000008ce00000, 0x000000008cf00000, 0x000000008cf00000|100%| O|  |TAMS 0x000000008cf00000, 0x000000008cf00000| Untracked 
| 207|0x000000008cf00000, 0x000000008d000000, 0x000000008d000000|100%| O|  |TAMS 0x000000008d000000, 0x000000008d000000| Untracked 
| 208|0x000000008d000000, 0x000000008d100000, 0x000000008d100000|100%| O|  |TAMS 0x000000008d100000, 0x000000008d100000| Untracked 
| 209|0x000000008d100000, 0x000000008d200000, 0x000000008d200000|100%| O|  |TAMS 0x000000008d200000, 0x000000008d200000| Untracked 
| 210|0x000000008d200000, 0x000000008d300000, 0x000000008d300000|100%| O|  |TAMS 0x000000008d300000, 0x000000008d300000| Untracked 
| 211|0x000000008d300000, 0x000000008d400000, 0x000000008d400000|100%| O|  |TAMS 0x000000008d400000, 0x000000008d400000| Untracked 
| 212|0x000000008d400000, 0x000000008d500000, 0x000000008d500000|100%| O|  |TAMS 0x000000008d500000, 0x000000008d500000| Untracked 
| 213|0x000000008d500000, 0x000000008d600000, 0x000000008d600000|100%| O|  |TAMS 0x000000008d600000, 0x000000008d600000| Untracked 
| 214|0x000000008d600000, 0x000000008d700000, 0x000000008d700000|100%| O|  |TAMS 0x000000008d700000, 0x000000008d700000| Untracked 
| 215|0x000000008d700000, 0x000000008d800000, 0x000000008d800000|100%| O|  |TAMS 0x000000008d800000, 0x000000008d800000| Untracked 
| 216|0x000000008d800000, 0x000000008d900000, 0x000000008d900000|100%| O|  |TAMS 0x000000008d900000, 0x000000008d900000| Untracked 
| 217|0x000000008d900000, 0x000000008da00000, 0x000000008da00000|100%| O|  |TAMS 0x000000008da00000, 0x000000008da00000| Untracked 
| 218|0x000000008da00000, 0x000000008db00000, 0x000000008db00000|100%|HS|  |TAMS 0x000000008db00000, 0x000000008db00000| Complete 
| 219|0x000000008db00000, 0x000000008dc00000, 0x000000008dc00000|100%|HC|  |TAMS 0x000000008dc00000, 0x000000008dc00000| Complete 
| 220|0x000000008dc00000, 0x000000008dd00000, 0x000000008dd00000|100%| O|  |TAMS 0x000000008dc00000, 0x000000008dd00000| Untracked 
| 221|0x000000008dd00000, 0x000000008de00000, 0x000000008de00000|100%|HS|  |TAMS 0x000000008dd00000, 0x000000008de00000| Complete 
| 222|0x000000008de00000, 0x000000008df00000, 0x000000008df00000|100%| O|  |TAMS 0x000000008de00000, 0x000000008df00000| Untracked 
| 223|0x000000008df00000, 0x000000008e000000, 0x000000008e000000|100%| O|  |TAMS 0x000000008e000000, 0x000000008e000000| Untracked 
| 224|0x000000008e000000, 0x000000008e100000, 0x000000008e100000|100%| O|  |TAMS 0x000000008e100000, 0x000000008e100000| Untracked 
| 225|0x000000008e100000, 0x000000008e200000, 0x000000008e200000|100%| O|  |TAMS 0x000000008e200000, 0x000000008e200000| Untracked 
| 226|0x000000008e200000, 0x000000008e300000, 0x000000008e300000|100%| O|  |TAMS 0x000000008e300000, 0x000000008e300000| Untracked 
| 227|0x000000008e300000, 0x000000008e400000, 0x000000008e400000|100%| O|  |TAMS 0x000000008e400000, 0x000000008e400000| Untracked 
| 228|0x000000008e400000, 0x000000008e500000, 0x000000008e500000|100%| O|  |TAMS 0x000000008e500000, 0x000000008e500000| Untracked 
| 229|0x000000008e500000, 0x000000008e600000, 0x000000008e600000|100%| O|  |TAMS 0x000000008e600000, 0x000000008e600000| Untracked 
| 230|0x000000008e600000, 0x000000008e700000, 0x000000008e700000|100%| O|  |TAMS 0x000000008e700000, 0x000000008e700000| Untracked 
| 231|0x000000008e700000, 0x000000008e800000, 0x000000008e800000|100%| O|  |TAMS 0x000000008e700000, 0x000000008e800000| Untracked 
| 232|0x000000008e800000, 0x000000008e900000, 0x000000008e900000|100%|HS|  |TAMS 0x000000008e900000, 0x000000008e900000| Complete 
| 233|0x000000008e900000, 0x000000008ea00000, 0x000000008ea00000|100%|HC|  |TAMS 0x000000008ea00000, 0x000000008ea00000| Complete 
| 234|0x000000008ea00000, 0x000000008eb00000, 0x000000008eb00000|100%|HS|  |TAMS 0x000000008eb00000, 0x000000008eb00000| Complete 
| 235|0x000000008eb00000, 0x000000008ec00000, 0x000000008ec00000|100%|HC|  |TAMS 0x000000008ec00000, 0x000000008ec00000| Complete 
| 236|0x000000008ec00000, 0x000000008ed00000, 0x000000008ed00000|100%| O|  |TAMS 0x000000008ed00000, 0x000000008ed00000| Untracked 
| 237|0x000000008ed00000, 0x000000008ee00000, 0x000000008ee00000|100%| O|  |TAMS 0x000000008ee00000, 0x000000008ee00000| Untracked 
| 238|0x000000008ee00000, 0x000000008ef00000, 0x000000008ef00000|100%| O|  |TAMS 0x000000008ef00000, 0x000000008ef00000| Untracked 
| 239|0x000000008ef00000, 0x000000008f000000, 0x000000008f000000|100%| O|  |TAMS 0x000000008f000000, 0x000000008f000000| Untracked 
| 240|0x000000008f000000, 0x000000008f100000, 0x000000008f100000|100%| O|  |TAMS 0x000000008f100000, 0x000000008f100000| Untracked 
| 241|0x000000008f100000, 0x000000008f200000, 0x000000008f200000|100%| O|  |TAMS 0x000000008f200000, 0x000000008f200000| Untracked 
| 242|0x000000008f200000, 0x000000008f300000, 0x000000008f300000|100%| O|  |TAMS 0x000000008f300000, 0x000000008f300000| Untracked 
| 243|0x000000008f300000, 0x000000008f400000, 0x000000008f400000|100%| O|  |TAMS 0x000000008f400000, 0x000000008f400000| Untracked 
| 244|0x000000008f400000, 0x000000008f500000, 0x000000008f500000|100%| O|  |TAMS 0x000000008f500000, 0x000000008f500000| Untracked 
| 245|0x000000008f500000, 0x000000008f600000, 0x000000008f600000|100%| O|  |TAMS 0x000000008f600000, 0x000000008f600000| Untracked 
| 246|0x000000008f600000, 0x000000008f700000, 0x000000008f700000|100%| O|  |TAMS 0x000000008f700000, 0x000000008f700000| Untracked 
| 247|0x000000008f700000, 0x000000008f800000, 0x000000008f800000|100%| O|  |TAMS 0x000000008f800000, 0x000000008f800000| Untracked 
| 248|0x000000008f800000, 0x000000008f900000, 0x000000008f900000|100%| O|  |TAMS 0x000000008f900000, 0x000000008f900000| Untracked 
| 249|0x000000008f900000, 0x000000008fa00000, 0x000000008fa00000|100%| O|  |TAMS 0x000000008fa00000, 0x000000008fa00000| Untracked 
| 250|0x000000008fa00000, 0x000000008fb00000, 0x000000008fb00000|100%| O|  |TAMS 0x000000008fb00000, 0x000000008fb00000| Untracked 
| 251|0x000000008fb00000, 0x000000008fc00000, 0x000000008fc00000|100%| O|  |TAMS 0x000000008fc00000, 0x000000008fc00000| Untracked 
| 252|0x000000008fc00000, 0x000000008fd00000, 0x000000008fd00000|100%| O|  |TAMS 0x000000008fd00000, 0x000000008fd00000| Untracked 
| 253|0x000000008fd00000, 0x000000008fe00000, 0x000000008fe00000|100%| O|  |TAMS 0x000000008fe00000, 0x000000008fe00000| Untracked 
| 254|0x000000008fe00000, 0x000000008ff00000, 0x000000008ff00000|100%| O|  |TAMS 0x000000008ff00000, 0x000000008ff00000| Untracked 
| 255|0x000000008ff00000, 0x0000000090000000, 0x0000000090000000|100%| O|  |TAMS 0x0000000090000000, 0x0000000090000000| Untracked 
| 256|0x0000000090000000, 0x0000000090100000, 0x0000000090100000|100%| O|  |TAMS 0x0000000090100000, 0x0000000090100000| Untracked 
| 257|0x0000000090100000, 0x0000000090200000, 0x0000000090200000|100%| O|  |TAMS 0x0000000090200000, 0x0000000090200000| Untracked 
| 258|0x0000000090200000, 0x0000000090300000, 0x0000000090300000|100%| O|  |TAMS 0x0000000090300000, 0x0000000090300000| Untracked 
| 259|0x0000000090300000, 0x0000000090400000, 0x0000000090400000|100%| O|  |TAMS 0x0000000090400000, 0x0000000090400000| Untracked 
| 260|0x0000000090400000, 0x0000000090500000, 0x0000000090500000|100%| O|  |TAMS 0x0000000090500000, 0x0000000090500000| Untracked 
| 261|0x0000000090500000, 0x0000000090600000, 0x0000000090600000|100%| O|  |TAMS 0x0000000090600000, 0x0000000090600000| Untracked 
| 262|0x0000000090600000, 0x0000000090700000, 0x0000000090700000|100%| O|  |TAMS 0x0000000090700000, 0x0000000090700000| Untracked 
| 263|0x0000000090700000, 0x0000000090800000, 0x0000000090800000|100%| O|  |TAMS 0x0000000090800000, 0x0000000090800000| Untracked 
| 264|0x0000000090800000, 0x0000000090900000, 0x0000000090900000|100%| O|  |TAMS 0x0000000090900000, 0x0000000090900000| Untracked 
| 265|0x0000000090900000, 0x0000000090a00000, 0x0000000090a00000|100%| O|  |TAMS 0x0000000090a00000, 0x0000000090a00000| Untracked 
| 266|0x0000000090a00000, 0x0000000090b00000, 0x0000000090b00000|100%| O|  |TAMS 0x0000000090b00000, 0x0000000090b00000| Untracked 
| 267|0x0000000090b00000, 0x0000000090c00000, 0x0000000090c00000|100%| O|  |TAMS 0x0000000090c00000, 0x0000000090c00000| Untracked 
| 268|0x0000000090c00000, 0x0000000090d00000, 0x0000000090d00000|100%| O|  |TAMS 0x0000000090d00000, 0x0000000090d00000| Untracked 
| 269|0x0000000090d00000, 0x0000000090e00000, 0x0000000090e00000|100%| O|  |TAMS 0x0000000090e00000, 0x0000000090e00000| Untracked 
| 270|0x0000000090e00000, 0x0000000090f00000, 0x0000000090f00000|100%| O|  |TAMS 0x0000000090f00000, 0x0000000090f00000| Untracked 
| 271|0x0000000090f00000, 0x0000000091000000, 0x0000000091000000|100%| O|  |TAMS 0x0000000091000000, 0x0000000091000000| Untracked 
| 272|0x0000000091000000, 0x0000000091100000, 0x0000000091100000|100%| O|  |TAMS 0x0000000091100000, 0x0000000091100000| Untracked 
| 273|0x0000000091100000, 0x0000000091200000, 0x0000000091200000|100%| O|  |TAMS 0x0000000091200000, 0x0000000091200000| Untracked 
| 274|0x0000000091200000, 0x0000000091300000, 0x0000000091300000|100%| O|  |TAMS 0x0000000091300000, 0x0000000091300000| Untracked 
| 275|0x0000000091300000, 0x0000000091400000, 0x0000000091400000|100%| O|  |TAMS 0x0000000091400000, 0x0000000091400000| Untracked 
| 276|0x0000000091400000, 0x0000000091500000, 0x0000000091500000|100%| O|  |TAMS 0x0000000091500000, 0x0000000091500000| Untracked 
| 277|0x0000000091500000, 0x0000000091600000, 0x0000000091600000|100%| O|  |TAMS 0x0000000091600000, 0x0000000091600000| Untracked 
| 278|0x0000000091600000, 0x0000000091700000, 0x0000000091700000|100%| O|  |TAMS 0x0000000091700000, 0x0000000091700000| Untracked 
| 279|0x0000000091700000, 0x0000000091800000, 0x0000000091800000|100%| O|  |TAMS 0x0000000091800000, 0x0000000091800000| Untracked 
| 280|0x0000000091800000, 0x0000000091900000, 0x0000000091900000|100%| O|  |TAMS 0x0000000091900000, 0x0000000091900000| Untracked 
| 281|0x0000000091900000, 0x0000000091a00000, 0x0000000091a00000|100%| O|  |TAMS 0x0000000091a00000, 0x0000000091a00000| Untracked 
| 282|0x0000000091a00000, 0x0000000091b00000, 0x0000000091b00000|100%| O|  |TAMS 0x0000000091b00000, 0x0000000091b00000| Untracked 
| 283|0x0000000091b00000, 0x0000000091c00000, 0x0000000091c00000|100%| O|  |TAMS 0x0000000091c00000, 0x0000000091c00000| Untracked 
| 284|0x0000000091c00000, 0x0000000091d00000, 0x0000000091d00000|100%| O|  |TAMS 0x0000000091d00000, 0x0000000091d00000| Untracked 
| 285|0x0000000091d00000, 0x0000000091e00000, 0x0000000091e00000|100%| O|  |TAMS 0x0000000091e00000, 0x0000000091e00000| Untracked 
| 286|0x0000000091e00000, 0x0000000091f00000, 0x0000000091f00000|100%| O|  |TAMS 0x0000000091f00000, 0x0000000091f00000| Untracked 
| 287|0x0000000091f00000, 0x0000000092000000, 0x0000000092000000|100%| O|  |TAMS 0x0000000092000000, 0x0000000092000000| Untracked 
| 288|0x0000000092000000, 0x0000000092100000, 0x0000000092100000|100%| O|  |TAMS 0x0000000092100000, 0x0000000092100000| Untracked 
| 289|0x0000000092100000, 0x0000000092200000, 0x0000000092200000|100%| O|  |TAMS 0x0000000092100000, 0x0000000092100000| Untracked 
| 290|0x0000000092200000, 0x0000000092300000, 0x0000000092300000|100%| O|  |TAMS 0x0000000092300000, 0x0000000092300000| Untracked 
| 291|0x0000000092300000, 0x0000000092400000, 0x0000000092400000|100%| O|  |TAMS 0x0000000092400000, 0x0000000092400000| Untracked 
| 292|0x0000000092400000, 0x0000000092500000, 0x0000000092500000|100%| O|  |TAMS 0x0000000092500000, 0x0000000092500000| Untracked 
| 293|0x0000000092500000, 0x0000000092600000, 0x0000000092600000|100%| O|  |TAMS 0x0000000092600000, 0x0000000092600000| Untracked 
| 294|0x0000000092600000, 0x0000000092700000, 0x0000000092700000|100%| O|  |TAMS 0x0000000092700000, 0x0000000092700000| Untracked 
| 295|0x0000000092700000, 0x0000000092800000, 0x0000000092800000|100%| O|  |TAMS 0x0000000092800000, 0x0000000092800000| Untracked 
| 296|0x0000000092800000, 0x0000000092900000, 0x0000000092900000|100%| O|  |TAMS 0x0000000092900000, 0x0000000092900000| Untracked 
| 297|0x0000000092900000, 0x0000000092a00000, 0x0000000092a00000|100%| O|  |TAMS 0x0000000092a00000, 0x0000000092a00000| Untracked 
| 298|0x0000000092a00000, 0x0000000092b00000, 0x0000000092b00000|100%| O|  |TAMS 0x0000000092b00000, 0x0000000092b00000| Untracked 
| 299|0x0000000092b00000, 0x0000000092c00000, 0x0000000092c00000|100%| O|  |TAMS 0x0000000092b00000, 0x0000000092c00000| Untracked 
| 300|0x0000000092c00000, 0x0000000092d00000, 0x0000000092d00000|100%| O|  |TAMS 0x0000000092c00000, 0x0000000092d00000| Untracked 
| 301|0x0000000092d00000, 0x0000000092e00000, 0x0000000092e00000|100%| O|  |TAMS 0x0000000092e00000, 0x0000000092e00000| Untracked 
| 302|0x0000000092e00000, 0x0000000092f00000, 0x0000000092f00000|100%| O|  |TAMS 0x0000000092f00000, 0x0000000092f00000| Untracked 
| 303|0x0000000092f00000, 0x0000000093000000, 0x0000000093000000|100%| O|  |TAMS 0x0000000093000000, 0x0000000093000000| Untracked 
| 304|0x0000000093000000, 0x0000000093100000, 0x0000000093100000|100%| O|  |TAMS 0x0000000093000000, 0x0000000093000000| Untracked 
| 305|0x0000000093100000, 0x0000000093200000, 0x0000000093200000|100%| O|  |TAMS 0x0000000093200000, 0x0000000093200000| Untracked 
| 306|0x0000000093200000, 0x0000000093300000, 0x0000000093300000|100%| O|  |TAMS 0x0000000093300000, 0x0000000093300000| Untracked 
| 307|0x0000000093300000, 0x0000000093400000, 0x0000000093400000|100%| O|  |TAMS 0x0000000093400000, 0x0000000093400000| Untracked 
| 308|0x0000000093400000, 0x0000000093500000, 0x0000000093500000|100%|HS|  |TAMS 0x0000000093500000, 0x0000000093500000| Complete 
| 309|0x0000000093500000, 0x0000000093600000, 0x0000000093600000|100%|HC|  |TAMS 0x0000000093600000, 0x0000000093600000| Complete 
| 310|0x0000000093600000, 0x0000000093700000, 0x0000000093700000|100%|HS|  |TAMS 0x0000000093700000, 0x0000000093700000| Complete 
| 311|0x0000000093700000, 0x0000000093800000, 0x0000000093800000|100%|HC|  |TAMS 0x0000000093800000, 0x0000000093800000| Complete 
| 312|0x0000000093800000, 0x0000000093900000, 0x0000000093900000|100%|HS|  |TAMS 0x0000000093900000, 0x0000000093900000| Complete 
| 313|0x0000000093900000, 0x0000000093a00000, 0x0000000093a00000|100%|HS|  |TAMS 0x0000000093a00000, 0x0000000093a00000| Complete 
| 314|0x0000000093a00000, 0x0000000093b00000, 0x0000000093b00000|100%|HS|  |TAMS 0x0000000093b00000, 0x0000000093b00000| Complete 
| 315|0x0000000093b00000, 0x0000000093c00000, 0x0000000093c00000|100%|HC|  |TAMS 0x0000000093c00000, 0x0000000093c00000| Complete 
| 316|0x0000000093c00000, 0x0000000093d00000, 0x0000000093d00000|100%|HS|  |TAMS 0x0000000093d00000, 0x0000000093d00000| Complete 
| 317|0x0000000093d00000, 0x0000000093e00000, 0x0000000093e00000|100%|HS|  |TAMS 0x0000000093e00000, 0x0000000093e00000| Complete 
| 318|0x0000000093e00000, 0x0000000093f00000, 0x0000000093f00000|100%|HS|  |TAMS 0x0000000093f00000, 0x0000000093f00000| Complete 
| 319|0x0000000093f00000, 0x0000000094000000, 0x0000000094000000|100%|HC|  |TAMS 0x0000000094000000, 0x0000000094000000| Complete 
| 320|0x0000000094000000, 0x0000000094100000, 0x0000000094100000|100%|HS|  |TAMS 0x0000000094100000, 0x0000000094100000| Complete 
| 321|0x0000000094100000, 0x0000000094200000, 0x0000000094200000|100%|HS|  |TAMS 0x0000000094200000, 0x0000000094200000| Complete 
| 322|0x0000000094200000, 0x0000000094300000, 0x0000000094300000|100%|HS|  |TAMS 0x0000000094300000, 0x0000000094300000| Complete 
| 323|0x0000000094300000, 0x0000000094400000, 0x0000000094400000|100%|HC|  |TAMS 0x0000000094400000, 0x0000000094400000| Complete 
| 324|0x0000000094400000, 0x0000000094500000, 0x0000000094500000|100%|HS|  |TAMS 0x0000000094500000, 0x0000000094500000| Complete 
| 325|0x0000000094500000, 0x0000000094600000, 0x0000000094600000|100%|HS|  |TAMS 0x0000000094600000, 0x0000000094600000| Complete 
| 326|0x0000000094600000, 0x0000000094700000, 0x0000000094700000|100%|HS|  |TAMS 0x0000000094700000, 0x0000000094700000| Complete 
| 327|0x0000000094700000, 0x0000000094800000, 0x0000000094800000|100%|HC|  |TAMS 0x0000000094800000, 0x0000000094800000| Complete 
| 328|0x0000000094800000, 0x0000000094900000, 0x0000000094900000|100%|HS|  |TAMS 0x0000000094900000, 0x0000000094900000| Complete 
| 329|0x0000000094900000, 0x0000000094a00000, 0x0000000094a00000|100%| O|  |TAMS 0x0000000094900000, 0x0000000094a00000| Untracked 
| 330|0x0000000094a00000, 0x0000000094b00000, 0x0000000094b00000|100%| O|  |TAMS 0x0000000094a00000, 0x0000000094afee00| Untracked 
| 331|0x0000000094b00000, 0x0000000094c00000, 0x0000000094c00000|100%| O|  |TAMS 0x0000000094c00000, 0x0000000094c00000| Untracked 
| 332|0x0000000094c00000, 0x0000000094d00000, 0x0000000094d00000|100%| O|  |TAMS 0x0000000094d00000, 0x0000000094d00000| Untracked 
| 333|0x0000000094d00000, 0x0000000094e00000, 0x0000000094e00000|100%| O|  |TAMS 0x0000000094e00000, 0x0000000094e00000| Untracked 
| 334|0x0000000094e00000, 0x0000000094f00000, 0x0000000094f00000|100%| O|  |TAMS 0x0000000094f00000, 0x0000000094f00000| Untracked 
| 335|0x0000000094f00000, 0x0000000095000000, 0x0000000095000000|100%| O|  |TAMS 0x0000000095000000, 0x0000000095000000| Untracked 
| 336|0x0000000095000000, 0x0000000095100000, 0x0000000095100000|100%| O|  |TAMS 0x0000000095100000, 0x0000000095100000| Untracked 
| 337|0x0000000095100000, 0x0000000095200000, 0x0000000095200000|100%| O|  |TAMS 0x0000000095200000, 0x0000000095200000| Untracked 
| 338|0x0000000095200000, 0x0000000095300000, 0x0000000095300000|100%| O|  |TAMS 0x0000000095300000, 0x0000000095300000| Untracked 
| 339|0x0000000095300000, 0x0000000095400000, 0x0000000095400000|100%| O|  |TAMS 0x0000000095400000, 0x0000000095400000| Untracked 
| 340|0x0000000095400000, 0x0000000095500000, 0x0000000095500000|100%| O|  |TAMS 0x0000000095500000, 0x0000000095500000| Untracked 
| 341|0x0000000095500000, 0x0000000095600000, 0x0000000095600000|100%| O|  |TAMS 0x0000000095600000, 0x0000000095600000| Untracked 
| 342|0x0000000095600000, 0x0000000095700000, 0x0000000095700000|100%| O|  |TAMS 0x0000000095600000, 0x0000000095600000| Untracked 
| 343|0x0000000095700000, 0x0000000095800000, 0x0000000095800000|100%| O|  |TAMS 0x0000000095800000, 0x0000000095800000| Untracked 
| 344|0x0000000095800000, 0x0000000095900000, 0x0000000095900000|100%| O|  |TAMS 0x0000000095900000, 0x0000000095900000| Untracked 
| 345|0x0000000095900000, 0x0000000095a00000, 0x0000000095a00000|100%| O|  |TAMS 0x0000000095a00000, 0x0000000095a00000| Untracked 
| 346|0x0000000095a00000, 0x0000000095b00000, 0x0000000095b00000|100%| O|  |TAMS 0x0000000095b00000, 0x0000000095b00000| Untracked 
| 347|0x0000000095b00000, 0x0000000095c00000, 0x0000000095c00000|100%| O|  |TAMS 0x0000000095c00000, 0x0000000095c00000| Untracked 
| 348|0x0000000095c00000, 0x0000000095d00000, 0x0000000095d00000|100%| O|  |TAMS 0x0000000095d00000, 0x0000000095d00000| Untracked 
| 349|0x0000000095d00000, 0x0000000095e00000, 0x0000000095e00000|100%| O|  |TAMS 0x0000000095e00000, 0x0000000095e00000| Untracked 
| 350|0x0000000095e00000, 0x0000000095f00000, 0x0000000095f00000|100%| O|  |TAMS 0x0000000095f00000, 0x0000000095f00000| Untracked 
| 351|0x0000000095f00000, 0x0000000096000000, 0x0000000096000000|100%| O|  |TAMS 0x0000000095f00000, 0x0000000095f00000| Untracked 
| 352|0x0000000096000000, 0x0000000096100000, 0x0000000096100000|100%| O|  |TAMS 0x0000000096100000, 0x0000000096100000| Untracked 
| 353|0x0000000096100000, 0x0000000096200000, 0x0000000096200000|100%| O|  |TAMS 0x0000000096200000, 0x0000000096200000| Untracked 
| 354|0x0000000096200000, 0x0000000096300000, 0x0000000096300000|100%| O|  |TAMS 0x0000000096300000, 0x0000000096300000| Untracked 
| 355|0x0000000096300000, 0x0000000096400000, 0x0000000096400000|100%| O|  |TAMS 0x0000000096400000, 0x0000000096400000| Untracked 
| 356|0x0000000096400000, 0x0000000096500000, 0x0000000096500000|100%| O|  |TAMS 0x0000000096500000, 0x0000000096500000| Untracked 
| 357|0x0000000096500000, 0x0000000096600000, 0x0000000096600000|100%| O|  |TAMS 0x00000000965ec200, 0x0000000096600000| Untracked 
| 358|0x0000000096600000, 0x0000000096700000, 0x0000000096700000|100%| O|  |TAMS 0x0000000096600000, 0x0000000096600000| Untracked 
| 359|0x0000000096700000, 0x0000000096800000, 0x0000000096800000|100%| O|  |TAMS 0x0000000096700000, 0x0000000096700000| Untracked 
| 360|0x0000000096800000, 0x0000000096892800, 0x0000000096900000| 57%| O|  |TAMS 0x0000000096800000, 0x0000000096800000| Untracked 
| 361|0x0000000096900000, 0x0000000096900000, 0x0000000096a00000|  0%| F|  |TAMS 0x0000000096900000, 0x0000000096900000| Untracked 
| 362|0x0000000096a00000, 0x0000000096a00000, 0x0000000096b00000|  0%| F|  |TAMS 0x0000000096a00000, 0x0000000096a00000| Untracked 
| 363|0x0000000096b00000, 0x0000000096b00000, 0x0000000096c00000|  0%| F|  |TAMS 0x0000000096b00000, 0x0000000096b00000| Untracked 
| 364|0x0000000096c00000, 0x0000000096c00000, 0x0000000096d00000|  0%| F|  |TAMS 0x0000000096c00000, 0x0000000096c00000| Untracked 
| 365|0x0000000096d00000, 0x0000000096d00000, 0x0000000096e00000|  0%| F|  |TAMS 0x0000000096d00000, 0x0000000096d00000| Untracked 
| 366|0x0000000096e00000, 0x0000000096e00000, 0x0000000096f00000|  0%| F|  |TAMS 0x0000000096e00000, 0x0000000096e00000| Untracked 
| 367|0x0000000096f00000, 0x0000000096f00000, 0x0000000097000000|  0%| F|  |TAMS 0x0000000096f00000, 0x0000000096f00000| Untracked 
| 368|0x0000000097000000, 0x0000000097100000, 0x0000000097100000|100%| O|  |TAMS 0x0000000097100000, 0x0000000097100000| Untracked 
| 369|0x0000000097100000, 0x0000000097200000, 0x0000000097200000|100%| O|  |TAMS 0x0000000097200000, 0x0000000097200000| Untracked 
| 370|0x0000000097200000, 0x0000000097200000, 0x0000000097300000|  0%| F|  |TAMS 0x0000000097200000, 0x0000000097200000| Untracked 
| 371|0x0000000097300000, 0x0000000097300000, 0x0000000097400000|  0%| F|  |TAMS 0x0000000097300000, 0x0000000097300000| Untracked 
| 372|0x0000000097400000, 0x0000000097400000, 0x0000000097500000|  0%| F|  |TAMS 0x0000000097400000, 0x0000000097400000| Untracked 
| 373|0x0000000097500000, 0x0000000097500000, 0x0000000097600000|  0%| F|  |TAMS 0x0000000097500000, 0x0000000097500000| Untracked 
| 374|0x0000000097600000, 0x0000000097600000, 0x0000000097700000|  0%| F|  |TAMS 0x0000000097600000, 0x0000000097600000| Untracked 
| 375|0x0000000097700000, 0x0000000097700000, 0x0000000097800000|  0%| F|  |TAMS 0x0000000097700000, 0x0000000097700000| Untracked 
| 376|0x0000000097800000, 0x0000000097800000, 0x0000000097900000|  0%| F|  |TAMS 0x0000000097800000, 0x0000000097800000| Untracked 
| 377|0x0000000097900000, 0x0000000097900000, 0x0000000097a00000|  0%| F|  |TAMS 0x0000000097900000, 0x0000000097900000| Untracked 
| 378|0x0000000097a00000, 0x0000000097a00000, 0x0000000097b00000|  0%| F|  |TAMS 0x0000000097a00000, 0x0000000097a00000| Untracked 
| 379|0x0000000097b00000, 0x0000000097b00000, 0x0000000097c00000|  0%| F|  |TAMS 0x0000000097b00000, 0x0000000097b00000| Untracked 
| 380|0x0000000097c00000, 0x0000000097c00000, 0x0000000097d00000|  0%| F|  |TAMS 0x0000000097c00000, 0x0000000097c00000| Untracked 
| 381|0x0000000097d00000, 0x0000000097d00000, 0x0000000097e00000|  0%| F|  |TAMS 0x0000000097d00000, 0x0000000097d00000| Untracked 
| 382|0x0000000097e00000, 0x0000000097e00000, 0x0000000097f00000|  0%| F|  |TAMS 0x0000000097e00000, 0x0000000097e00000| Untracked 
| 383|0x0000000097f00000, 0x0000000097f00000, 0x0000000098000000|  0%| F|  |TAMS 0x0000000097f00000, 0x0000000097f00000| Untracked 
| 384|0x0000000098000000, 0x0000000098000000, 0x0000000098100000|  0%| F|  |TAMS 0x0000000098000000, 0x0000000098000000| Untracked 
| 385|0x0000000098100000, 0x0000000098100000, 0x0000000098200000|  0%| F|  |TAMS 0x0000000098100000, 0x0000000098100000| Untracked 
| 386|0x0000000098200000, 0x0000000098200000, 0x0000000098300000|  0%| F|  |TAMS 0x0000000098200000, 0x0000000098200000| Untracked 
| 387|0x0000000098300000, 0x0000000098300000, 0x0000000098400000|  0%| F|  |TAMS 0x0000000098300000, 0x0000000098300000| Untracked 
| 388|0x0000000098400000, 0x0000000098400000, 0x0000000098500000|  0%| F|  |TAMS 0x0000000098400000, 0x0000000098400000| Untracked 
| 389|0x0000000098500000, 0x0000000098500000, 0x0000000098600000|  0%| F|  |TAMS 0x0000000098500000, 0x0000000098500000| Untracked 
| 390|0x0000000098600000, 0x0000000098600000, 0x0000000098700000|  0%| F|  |TAMS 0x0000000098600000, 0x0000000098600000| Untracked 
| 391|0x0000000098700000, 0x0000000098700000, 0x0000000098800000|  0%| F|  |TAMS 0x0000000098700000, 0x0000000098700000| Untracked 
| 392|0x0000000098800000, 0x0000000098800000, 0x0000000098900000|  0%| F|  |TAMS 0x0000000098800000, 0x0000000098800000| Untracked 
| 393|0x0000000098900000, 0x0000000098900000, 0x0000000098a00000|  0%| F|  |TAMS 0x0000000098900000, 0x0000000098900000| Untracked 
| 394|0x0000000098a00000, 0x0000000098a00000, 0x0000000098b00000|  0%| F|  |TAMS 0x0000000098a00000, 0x0000000098a00000| Untracked 
| 395|0x0000000098b00000, 0x0000000098b00000, 0x0000000098c00000|  0%| F|  |TAMS 0x0000000098b00000, 0x0000000098b00000| Untracked 
| 396|0x0000000098c00000, 0x0000000098c00000, 0x0000000098d00000|  0%| F|  |TAMS 0x0000000098c00000, 0x0000000098c00000| Untracked 
| 397|0x0000000098d00000, 0x0000000098d00000, 0x0000000098e00000|  0%| F|  |TAMS 0x0000000098d00000, 0x0000000098d00000| Untracked 
| 398|0x0000000098e00000, 0x0000000098e00000, 0x0000000098f00000|  0%| F|  |TAMS 0x0000000098e00000, 0x0000000098e00000| Untracked 
| 399|0x0000000098f00000, 0x0000000098f00000, 0x0000000099000000|  0%| F|  |TAMS 0x0000000098f00000, 0x0000000098f00000| Untracked 
| 400|0x0000000099000000, 0x0000000099000000, 0x0000000099100000|  0%| F|  |TAMS 0x0000000099000000, 0x0000000099000000| Untracked 
| 401|0x0000000099100000, 0x0000000099100000, 0x0000000099200000|  0%| F|  |TAMS 0x0000000099100000, 0x0000000099100000| Untracked 
| 402|0x0000000099200000, 0x0000000099200000, 0x0000000099300000|  0%| F|  |TAMS 0x0000000099200000, 0x0000000099200000| Untracked 
| 403|0x0000000099300000, 0x0000000099300000, 0x0000000099400000|  0%| F|  |TAMS 0x0000000099300000, 0x0000000099300000| Untracked 
| 404|0x0000000099400000, 0x0000000099400000, 0x0000000099500000|  0%| F|  |TAMS 0x0000000099400000, 0x0000000099400000| Untracked 
| 405|0x0000000099500000, 0x0000000099500000, 0x0000000099600000|  0%| F|  |TAMS 0x0000000099500000, 0x0000000099500000| Untracked 
| 406|0x0000000099600000, 0x0000000099600000, 0x0000000099700000|  0%| F|  |TAMS 0x0000000099600000, 0x0000000099600000| Untracked 
| 407|0x0000000099700000, 0x0000000099800000, 0x0000000099800000|100%|HS|  |TAMS 0x0000000099700000, 0x0000000099800000| Complete 
| 408|0x0000000099800000, 0x0000000099900000, 0x0000000099900000|100%|HC|  |TAMS 0x0000000099800000, 0x0000000099900000| Complete 
| 409|0x0000000099900000, 0x0000000099900000, 0x0000000099a00000|  0%| F|  |TAMS 0x0000000099900000, 0x0000000099900000| Untracked 
| 410|0x0000000099a00000, 0x0000000099a00000, 0x0000000099b00000|  0%| F|  |TAMS 0x0000000099a00000, 0x0000000099a00000| Untracked 
| 411|0x0000000099b00000, 0x0000000099b00000, 0x0000000099c00000|  0%| F|  |TAMS 0x0000000099b00000, 0x0000000099b00000| Untracked 
| 412|0x0000000099c00000, 0x0000000099c00000, 0x0000000099d00000|  0%| F|  |TAMS 0x0000000099c00000, 0x0000000099c00000| Untracked 
| 413|0x0000000099d00000, 0x0000000099d00000, 0x0000000099e00000|  0%| F|  |TAMS 0x0000000099d00000, 0x0000000099d00000| Untracked 
| 414|0x0000000099e00000, 0x0000000099e00000, 0x0000000099f00000|  0%| F|  |TAMS 0x0000000099e00000, 0x0000000099e00000| Untracked 
| 415|0x0000000099f00000, 0x0000000099f00000, 0x000000009a000000|  0%| F|  |TAMS 0x0000000099f00000, 0x0000000099f00000| Untracked 
| 416|0x000000009a000000, 0x000000009a000000, 0x000000009a100000|  0%| F|  |TAMS 0x000000009a000000, 0x000000009a000000| Untracked 
| 417|0x000000009a100000, 0x000000009a100000, 0x000000009a200000|  0%| F|  |TAMS 0x000000009a100000, 0x000000009a100000| Untracked 
| 418|0x000000009a200000, 0x000000009a200000, 0x000000009a300000|  0%| F|  |TAMS 0x000000009a200000, 0x000000009a200000| Untracked 
| 419|0x000000009a300000, 0x000000009a300000, 0x000000009a400000|  0%| F|  |TAMS 0x000000009a300000, 0x000000009a300000| Untracked 
| 420|0x000000009a400000, 0x000000009a400000, 0x000000009a500000|  0%| F|  |TAMS 0x000000009a400000, 0x000000009a400000| Untracked 
| 421|0x000000009a500000, 0x000000009a500000, 0x000000009a600000|  0%| F|  |TAMS 0x000000009a500000, 0x000000009a500000| Untracked 
| 422|0x000000009a600000, 0x000000009a600000, 0x000000009a700000|  0%| F|  |TAMS 0x000000009a600000, 0x000000009a600000| Untracked 
| 423|0x000000009a700000, 0x000000009a700000, 0x000000009a800000|  0%| F|  |TAMS 0x000000009a700000, 0x000000009a700000| Untracked 
| 424|0x000000009a800000, 0x000000009a800000, 0x000000009a900000|  0%| F|  |TAMS 0x000000009a800000, 0x000000009a800000| Untracked 
| 425|0x000000009a900000, 0x000000009a900000, 0x000000009aa00000|  0%| F|  |TAMS 0x000000009a900000, 0x000000009a900000| Untracked 
| 426|0x000000009aa00000, 0x000000009aa00000, 0x000000009ab00000|  0%| F|  |TAMS 0x000000009aa00000, 0x000000009aa00000| Untracked 
| 427|0x000000009ab00000, 0x000000009ab00000, 0x000000009ac00000|  0%| F|  |TAMS 0x000000009ab00000, 0x000000009ab00000| Untracked 
| 428|0x000000009ac00000, 0x000000009ac00000, 0x000000009ad00000|  0%| F|  |TAMS 0x000000009ac00000, 0x000000009ac00000| Untracked 
| 429|0x000000009ad00000, 0x000000009ad00000, 0x000000009ae00000|  0%| F|  |TAMS 0x000000009ad00000, 0x000000009ad00000| Untracked 
| 430|0x000000009ae00000, 0x000000009ae00000, 0x000000009af00000|  0%| F|  |TAMS 0x000000009ae00000, 0x000000009ae00000| Untracked 
| 431|0x000000009af00000, 0x000000009af00000, 0x000000009b000000|  0%| F|  |TAMS 0x000000009af00000, 0x000000009af00000| Untracked 
| 432|0x000000009b000000, 0x000000009b000000, 0x000000009b100000|  0%| F|  |TAMS 0x000000009b000000, 0x000000009b000000| Untracked 
| 433|0x000000009b100000, 0x000000009b100000, 0x000000009b200000|  0%| F|  |TAMS 0x000000009b100000, 0x000000009b100000| Untracked 
| 434|0x000000009b200000, 0x000000009b200000, 0x000000009b300000|  0%| F|  |TAMS 0x000000009b200000, 0x000000009b200000| Untracked 
| 435|0x000000009b300000, 0x000000009b300000, 0x000000009b400000|  0%| F|  |TAMS 0x000000009b300000, 0x000000009b300000| Untracked 
| 436|0x000000009b400000, 0x000000009b400000, 0x000000009b500000|  0%| F|  |TAMS 0x000000009b400000, 0x000000009b400000| Untracked 
| 437|0x000000009b500000, 0x000000009b500000, 0x000000009b600000|  0%| F|  |TAMS 0x000000009b500000, 0x000000009b500000| Untracked 
| 438|0x000000009b600000, 0x000000009b600000, 0x000000009b700000|  0%| F|  |TAMS 0x000000009b600000, 0x000000009b600000| Untracked 
| 439|0x000000009b700000, 0x000000009b700000, 0x000000009b800000|  0%| F|  |TAMS 0x000000009b700000, 0x000000009b700000| Untracked 
| 440|0x000000009b800000, 0x000000009b800000, 0x000000009b900000|  0%| F|  |TAMS 0x000000009b800000, 0x000000009b800000| Untracked 
| 441|0x000000009b900000, 0x000000009b900000, 0x000000009ba00000|  0%| F|  |TAMS 0x000000009b900000, 0x000000009b900000| Untracked 
| 442|0x000000009ba00000, 0x000000009ba00000, 0x000000009bb00000|  0%| F|  |TAMS 0x000000009ba00000, 0x000000009ba00000| Untracked 
| 443|0x000000009bb00000, 0x000000009bb00000, 0x000000009bc00000|  0%| F|  |TAMS 0x000000009bb00000, 0x000000009bb00000| Untracked 
| 444|0x000000009bc00000, 0x000000009bc00000, 0x000000009bd00000|  0%| F|  |TAMS 0x000000009bc00000, 0x000000009bc00000| Untracked 
| 445|0x000000009bd00000, 0x000000009bd00000, 0x000000009be00000|  0%| F|  |TAMS 0x000000009bd00000, 0x000000009bd00000| Untracked 
| 446|0x000000009be00000, 0x000000009be00000, 0x000000009bf00000|  0%| F|  |TAMS 0x000000009be00000, 0x000000009be00000| Untracked 
| 447|0x000000009bf00000, 0x000000009bf00000, 0x000000009c000000|  0%| F|  |TAMS 0x000000009bf00000, 0x000000009bf00000| Untracked 
| 448|0x000000009c000000, 0x000000009c000000, 0x000000009c100000|  0%| F|  |TAMS 0x000000009c000000, 0x000000009c000000| Untracked 
| 449|0x000000009c100000, 0x000000009c100000, 0x000000009c200000|  0%| F|  |TAMS 0x000000009c100000, 0x000000009c100000| Untracked 
| 450|0x000000009c200000, 0x000000009c200000, 0x000000009c300000|  0%| F|  |TAMS 0x000000009c200000, 0x000000009c200000| Untracked 
| 451|0x000000009c300000, 0x000000009c300000, 0x000000009c400000|  0%| F|  |TAMS 0x000000009c300000, 0x000000009c300000| Untracked 
| 452|0x000000009c400000, 0x000000009c400000, 0x000000009c500000|  0%| F|  |TAMS 0x000000009c400000, 0x000000009c400000| Untracked 
| 453|0x000000009c500000, 0x000000009c500000, 0x000000009c600000|  0%| F|  |TAMS 0x000000009c500000, 0x000000009c500000| Untracked 
| 454|0x000000009c600000, 0x000000009c600000, 0x000000009c700000|  0%| F|  |TAMS 0x000000009c600000, 0x000000009c600000| Untracked 
| 455|0x000000009c700000, 0x000000009c700000, 0x000000009c800000|  0%| F|  |TAMS 0x000000009c700000, 0x000000009c700000| Untracked 
| 456|0x000000009c800000, 0x000000009c800000, 0x000000009c900000|  0%| F|  |TAMS 0x000000009c800000, 0x000000009c800000| Untracked 
| 457|0x000000009c900000, 0x000000009c900000, 0x000000009ca00000|  0%| F|  |TAMS 0x000000009c900000, 0x000000009c900000| Untracked 
| 458|0x000000009ca00000, 0x000000009ca00000, 0x000000009cb00000|  0%| F|  |TAMS 0x000000009ca00000, 0x000000009ca00000| Untracked 
| 459|0x000000009cb00000, 0x000000009cb00000, 0x000000009cc00000|  0%| F|  |TAMS 0x000000009cb00000, 0x000000009cb00000| Untracked 
| 460|0x000000009cc00000, 0x000000009cc00000, 0x000000009cd00000|  0%| F|  |TAMS 0x000000009cc00000, 0x000000009cc00000| Untracked 
| 461|0x000000009cd00000, 0x000000009cd00000, 0x000000009ce00000|  0%| F|  |TAMS 0x000000009cd00000, 0x000000009cd00000| Untracked 
| 462|0x000000009ce00000, 0x000000009ce00000, 0x000000009cf00000|  0%| F|  |TAMS 0x000000009ce00000, 0x000000009ce00000| Untracked 
| 463|0x000000009cf00000, 0x000000009cf00000, 0x000000009d000000|  0%| F|  |TAMS 0x000000009cf00000, 0x000000009cf00000| Untracked 
| 464|0x000000009d000000, 0x000000009d000000, 0x000000009d100000|  0%| F|  |TAMS 0x000000009d000000, 0x000000009d000000| Untracked 
| 465|0x000000009d100000, 0x000000009d100000, 0x000000009d200000|  0%| F|  |TAMS 0x000000009d100000, 0x000000009d100000| Untracked 
| 466|0x000000009d200000, 0x000000009d200000, 0x000000009d300000|  0%| F|  |TAMS 0x000000009d200000, 0x000000009d200000| Untracked 
| 467|0x000000009d300000, 0x000000009d300000, 0x000000009d400000|  0%| F|  |TAMS 0x000000009d300000, 0x000000009d300000| Untracked 
| 468|0x000000009d400000, 0x000000009d400000, 0x000000009d500000|  0%| F|  |TAMS 0x000000009d400000, 0x000000009d400000| Untracked 
| 469|0x000000009d500000, 0x000000009d500000, 0x000000009d600000|  0%| F|  |TAMS 0x000000009d500000, 0x000000009d500000| Untracked 
| 470|0x000000009d600000, 0x000000009d600000, 0x000000009d700000|  0%| F|  |TAMS 0x000000009d600000, 0x000000009d600000| Untracked 
| 471|0x000000009d700000, 0x000000009d700000, 0x000000009d800000|  0%| F|  |TAMS 0x000000009d700000, 0x000000009d700000| Untracked 
| 472|0x000000009d800000, 0x000000009d800000, 0x000000009d900000|  0%| F|  |TAMS 0x000000009d800000, 0x000000009d800000| Untracked 
| 473|0x000000009d900000, 0x000000009d900000, 0x000000009da00000|  0%| F|  |TAMS 0x000000009d900000, 0x000000009d900000| Untracked 
| 474|0x000000009da00000, 0x000000009da00000, 0x000000009db00000|  0%| F|  |TAMS 0x000000009da00000, 0x000000009da00000| Untracked 
| 475|0x000000009db00000, 0x000000009db00000, 0x000000009dc00000|  0%| F|  |TAMS 0x000000009db00000, 0x000000009db00000| Untracked 
| 476|0x000000009dc00000, 0x000000009dc00000, 0x000000009dd00000|  0%| F|  |TAMS 0x000000009dc00000, 0x000000009dc00000| Untracked 
| 477|0x000000009dd00000, 0x000000009dd00000, 0x000000009de00000|  0%| F|  |TAMS 0x000000009dd00000, 0x000000009dd00000| Untracked 
| 478|0x000000009de00000, 0x000000009de00000, 0x000000009df00000|  0%| F|  |TAMS 0x000000009de00000, 0x000000009de00000| Untracked 
| 479|0x000000009df00000, 0x000000009df00000, 0x000000009e000000|  0%| F|  |TAMS 0x000000009df00000, 0x000000009df00000| Untracked 
| 480|0x000000009e000000, 0x000000009e000000, 0x000000009e100000|  0%| F|  |TAMS 0x000000009e000000, 0x000000009e000000| Untracked 
| 481|0x000000009e100000, 0x000000009e100000, 0x000000009e200000|  0%| F|  |TAMS 0x000000009e100000, 0x000000009e100000| Untracked 
| 482|0x000000009e200000, 0x000000009e200000, 0x000000009e300000|  0%| F|  |TAMS 0x000000009e200000, 0x000000009e200000| Untracked 
| 483|0x000000009e300000, 0x000000009e300000, 0x000000009e400000|  0%| F|  |TAMS 0x000000009e300000, 0x000000009e300000| Untracked 
| 484|0x000000009e400000, 0x000000009e400000, 0x000000009e500000|  0%| F|  |TAMS 0x000000009e400000, 0x000000009e400000| Untracked 
| 485|0x000000009e500000, 0x000000009e500000, 0x000000009e600000|  0%| F|  |TAMS 0x000000009e500000, 0x000000009e500000| Untracked 
| 486|0x000000009e600000, 0x000000009e600000, 0x000000009e700000|  0%| F|  |TAMS 0x000000009e600000, 0x000000009e600000| Untracked 
| 487|0x000000009e700000, 0x000000009e700000, 0x000000009e800000|  0%| F|  |TAMS 0x000000009e700000, 0x000000009e700000| Untracked 
| 488|0x000000009e800000, 0x000000009e800000, 0x000000009e900000|  0%| F|  |TAMS 0x000000009e800000, 0x000000009e800000| Untracked 
| 489|0x000000009e900000, 0x000000009e900000, 0x000000009ea00000|  0%| F|  |TAMS 0x000000009e900000, 0x000000009e900000| Untracked 
| 490|0x000000009ea00000, 0x000000009ea00000, 0x000000009eb00000|  0%| F|  |TAMS 0x000000009ea00000, 0x000000009ea00000| Untracked 
| 491|0x000000009eb00000, 0x000000009eb00000, 0x000000009ec00000|  0%| F|  |TAMS 0x000000009eb00000, 0x000000009eb00000| Untracked 
| 492|0x000000009ec00000, 0x000000009ec00000, 0x000000009ed00000|  0%| F|  |TAMS 0x000000009ec00000, 0x000000009ec00000| Untracked 
| 493|0x000000009ed00000, 0x000000009ed00000, 0x000000009ee00000|  0%| F|  |TAMS 0x000000009ed00000, 0x000000009ed00000| Untracked 
| 494|0x000000009ee00000, 0x000000009ee00000, 0x000000009ef00000|  0%| F|  |TAMS 0x000000009ee00000, 0x000000009ee00000| Untracked 
| 495|0x000000009ef00000, 0x000000009ef00000, 0x000000009f000000|  0%| F|  |TAMS 0x000000009ef00000, 0x000000009ef00000| Untracked 
| 496|0x000000009f000000, 0x000000009f000000, 0x000000009f100000|  0%| F|  |TAMS 0x000000009f000000, 0x000000009f000000| Untracked 
| 497|0x000000009f100000, 0x000000009f100000, 0x000000009f200000|  0%| F|  |TAMS 0x000000009f100000, 0x000000009f100000| Untracked 
| 498|0x000000009f200000, 0x000000009f200000, 0x000000009f300000|  0%| F|  |TAMS 0x000000009f200000, 0x000000009f200000| Untracked 
| 499|0x000000009f300000, 0x000000009f300000, 0x000000009f400000|  0%| F|  |TAMS 0x000000009f300000, 0x000000009f300000| Untracked 
| 500|0x000000009f400000, 0x000000009f400000, 0x000000009f500000|  0%| F|  |TAMS 0x000000009f400000, 0x000000009f400000| Untracked 
| 501|0x000000009f500000, 0x000000009f500000, 0x000000009f600000|  0%| F|  |TAMS 0x000000009f500000, 0x000000009f500000| Untracked 
| 502|0x000000009f600000, 0x000000009f600000, 0x000000009f700000|  0%| F|  |TAMS 0x000000009f600000, 0x000000009f600000| Untracked 
| 503|0x000000009f700000, 0x000000009f700000, 0x000000009f800000|  0%| F|  |TAMS 0x000000009f700000, 0x000000009f700000| Untracked 
| 504|0x000000009f800000, 0x000000009f800000, 0x000000009f900000|  0%| F|  |TAMS 0x000000009f800000, 0x000000009f800000| Untracked 
| 505|0x000000009f900000, 0x000000009f900000, 0x000000009fa00000|  0%| F|  |TAMS 0x000000009f900000, 0x000000009f900000| Untracked 
| 506|0x000000009fa00000, 0x000000009fa00000, 0x000000009fb00000|  0%| F|  |TAMS 0x000000009fa00000, 0x000000009fa00000| Untracked 
| 507|0x000000009fb00000, 0x000000009fb00000, 0x000000009fc00000|  0%| F|  |TAMS 0x000000009fb00000, 0x000000009fb00000| Untracked 
| 508|0x000000009fc00000, 0x000000009fc00000, 0x000000009fd00000|  0%| F|  |TAMS 0x000000009fc00000, 0x000000009fc00000| Untracked 
| 509|0x000000009fd00000, 0x000000009fd00000, 0x000000009fe00000|  0%| F|  |TAMS 0x000000009fd00000, 0x000000009fd00000| Untracked 
| 510|0x000000009fe00000, 0x000000009fe00000, 0x000000009ff00000|  0%| F|  |TAMS 0x000000009fe00000, 0x000000009fe00000| Untracked 
| 511|0x000000009ff00000, 0x000000009ff00000, 0x00000000a0000000|  0%| F|  |TAMS 0x000000009ff00000, 0x000000009ff00000| Untracked 
| 512|0x00000000a0000000, 0x00000000a0000000, 0x00000000a0100000|  0%| F|  |TAMS 0x00000000a0000000, 0x00000000a0000000| Untracked 
| 513|0x00000000a0100000, 0x00000000a0100000, 0x00000000a0200000|  0%| F|  |TAMS 0x00000000a0100000, 0x00000000a0100000| Untracked 
| 514|0x00000000a0200000, 0x00000000a0200000, 0x00000000a0300000|  0%| F|  |TAMS 0x00000000a0200000, 0x00000000a0200000| Untracked 
| 515|0x00000000a0300000, 0x00000000a0300000, 0x00000000a0400000|  0%| F|  |TAMS 0x00000000a0300000, 0x00000000a0300000| Untracked 
| 516|0x00000000a0400000, 0x00000000a0400000, 0x00000000a0500000|  0%| F|  |TAMS 0x00000000a0400000, 0x00000000a0400000| Untracked 
| 517|0x00000000a0500000, 0x00000000a0500000, 0x00000000a0600000|  0%| F|  |TAMS 0x00000000a0500000, 0x00000000a0500000| Untracked 
| 518|0x00000000a0600000, 0x00000000a0600000, 0x00000000a0700000|  0%| F|  |TAMS 0x00000000a0600000, 0x00000000a0600000| Untracked 
| 519|0x00000000a0700000, 0x00000000a0700000, 0x00000000a0800000|  0%| F|  |TAMS 0x00000000a0700000, 0x00000000a0700000| Untracked 
| 520|0x00000000a0800000, 0x00000000a0800000, 0x00000000a0900000|  0%| F|  |TAMS 0x00000000a0800000, 0x00000000a0800000| Untracked 
| 521|0x00000000a0900000, 0x00000000a0900000, 0x00000000a0a00000|  0%| F|  |TAMS 0x00000000a0900000, 0x00000000a0900000| Untracked 
| 522|0x00000000a0a00000, 0x00000000a0a00000, 0x00000000a0b00000|  0%| F|  |TAMS 0x00000000a0a00000, 0x00000000a0a00000| Untracked 
| 523|0x00000000a0b00000, 0x00000000a0b00000, 0x00000000a0c00000|  0%| F|  |TAMS 0x00000000a0b00000, 0x00000000a0b00000| Untracked 
| 524|0x00000000a0c00000, 0x00000000a0c00000, 0x00000000a0d00000|  0%| F|  |TAMS 0x00000000a0c00000, 0x00000000a0c00000| Untracked 
| 525|0x00000000a0d00000, 0x00000000a0d00000, 0x00000000a0e00000|  0%| F|  |TAMS 0x00000000a0d00000, 0x00000000a0d00000| Untracked 
| 526|0x00000000a0e00000, 0x00000000a0e00000, 0x00000000a0f00000|  0%| F|  |TAMS 0x00000000a0e00000, 0x00000000a0e00000| Untracked 
| 527|0x00000000a0f00000, 0x00000000a0f00000, 0x00000000a1000000|  0%| F|  |TAMS 0x00000000a0f00000, 0x00000000a0f00000| Untracked 
| 528|0x00000000a1000000, 0x00000000a1000000, 0x00000000a1100000|  0%| F|  |TAMS 0x00000000a1000000, 0x00000000a1000000| Untracked 
| 529|0x00000000a1100000, 0x00000000a1100000, 0x00000000a1200000|  0%| F|  |TAMS 0x00000000a1100000, 0x00000000a1100000| Untracked 
| 530|0x00000000a1200000, 0x00000000a1200000, 0x00000000a1300000|  0%| F|  |TAMS 0x00000000a1200000, 0x00000000a1200000| Untracked 
| 531|0x00000000a1300000, 0x00000000a1300000, 0x00000000a1400000|  0%| F|  |TAMS 0x00000000a1300000, 0x00000000a1300000| Untracked 
| 532|0x00000000a1400000, 0x00000000a1400000, 0x00000000a1500000|  0%| F|  |TAMS 0x00000000a1400000, 0x00000000a1400000| Untracked 
| 533|0x00000000a1500000, 0x00000000a1500000, 0x00000000a1600000|  0%| F|  |TAMS 0x00000000a1500000, 0x00000000a1500000| Untracked 
| 534|0x00000000a1600000, 0x00000000a1600000, 0x00000000a1700000|  0%| F|  |TAMS 0x00000000a1600000, 0x00000000a1600000| Untracked 
| 535|0x00000000a1700000, 0x00000000a1700000, 0x00000000a1800000|  0%| F|  |TAMS 0x00000000a1700000, 0x00000000a1700000| Untracked 
| 536|0x00000000a1800000, 0x00000000a1800000, 0x00000000a1900000|  0%| F|  |TAMS 0x00000000a1800000, 0x00000000a1800000| Untracked 
| 537|0x00000000a1900000, 0x00000000a1900000, 0x00000000a1a00000|  0%| F|  |TAMS 0x00000000a1900000, 0x00000000a1900000| Untracked 
| 538|0x00000000a1a00000, 0x00000000a1a00000, 0x00000000a1b00000|  0%| F|  |TAMS 0x00000000a1a00000, 0x00000000a1a00000| Untracked 
| 539|0x00000000a1b00000, 0x00000000a1b00000, 0x00000000a1c00000|  0%| F|  |TAMS 0x00000000a1b00000, 0x00000000a1b00000| Untracked 
| 540|0x00000000a1c00000, 0x00000000a1c00000, 0x00000000a1d00000|  0%| F|  |TAMS 0x00000000a1c00000, 0x00000000a1c00000| Untracked 
| 541|0x00000000a1d00000, 0x00000000a1d00000, 0x00000000a1e00000|  0%| F|  |TAMS 0x00000000a1d00000, 0x00000000a1d00000| Untracked 
| 542|0x00000000a1e00000, 0x00000000a1e00000, 0x00000000a1f00000|  0%| F|  |TAMS 0x00000000a1e00000, 0x00000000a1e00000| Untracked 
| 543|0x00000000a1f00000, 0x00000000a1f00000, 0x00000000a2000000|  0%| F|  |TAMS 0x00000000a1f00000, 0x00000000a1f00000| Untracked 
| 544|0x00000000a2000000, 0x00000000a2000000, 0x00000000a2100000|  0%| F|  |TAMS 0x00000000a2000000, 0x00000000a2000000| Untracked 
| 545|0x00000000a2100000, 0x00000000a2100000, 0x00000000a2200000|  0%| F|  |TAMS 0x00000000a2100000, 0x00000000a2100000| Untracked 
| 546|0x00000000a2200000, 0x00000000a2200000, 0x00000000a2300000|  0%| F|  |TAMS 0x00000000a2200000, 0x00000000a2200000| Untracked 
| 547|0x00000000a2300000, 0x00000000a2300000, 0x00000000a2400000|  0%| F|  |TAMS 0x00000000a2300000, 0x00000000a2300000| Untracked 
| 548|0x00000000a2400000, 0x00000000a2400000, 0x00000000a2500000|  0%| F|  |TAMS 0x00000000a2400000, 0x00000000a2400000| Untracked 
| 549|0x00000000a2500000, 0x00000000a2500000, 0x00000000a2600000|  0%| F|  |TAMS 0x00000000a2500000, 0x00000000a2500000| Untracked 
| 550|0x00000000a2600000, 0x00000000a2600000, 0x00000000a2700000|  0%| F|  |TAMS 0x00000000a2600000, 0x00000000a2600000| Untracked 
| 551|0x00000000a2700000, 0x00000000a2700000, 0x00000000a2800000|  0%| F|  |TAMS 0x00000000a2700000, 0x00000000a2700000| Untracked 
| 552|0x00000000a2800000, 0x00000000a2800000, 0x00000000a2900000|  0%| F|  |TAMS 0x00000000a2800000, 0x00000000a2800000| Untracked 
| 553|0x00000000a2900000, 0x00000000a2900000, 0x00000000a2a00000|  0%| F|  |TAMS 0x00000000a2900000, 0x00000000a2900000| Untracked 
| 554|0x00000000a2a00000, 0x00000000a2a00000, 0x00000000a2b00000|  0%| F|  |TAMS 0x00000000a2a00000, 0x00000000a2a00000| Untracked 
| 555|0x00000000a2b00000, 0x00000000a2b00000, 0x00000000a2c00000|  0%| F|  |TAMS 0x00000000a2b00000, 0x00000000a2b00000| Untracked 
| 556|0x00000000a2c00000, 0x00000000a2d00000, 0x00000000a2d00000|100%| S|CS|TAMS 0x00000000a2c00000, 0x00000000a2c00000| Complete 
| 557|0x00000000a2d00000, 0x00000000a2e00000, 0x00000000a2e00000|100%| S|CS|TAMS 0x00000000a2d00000, 0x00000000a2d00000| Complete 
| 558|0x00000000a2e00000, 0x00000000a2f00000, 0x00000000a2f00000|100%| S|CS|TAMS 0x00000000a2e00000, 0x00000000a2e00000| Complete 
| 559|0x00000000a2f00000, 0x00000000a3000000, 0x00000000a3000000|100%| S|CS|TAMS 0x00000000a2f00000, 0x00000000a2f00000| Complete 
| 560|0x00000000a3000000, 0x00000000a3100000, 0x00000000a3100000|100%| S|CS|TAMS 0x00000000a3000000, 0x00000000a3000000| Complete 
| 561|0x00000000a3100000, 0x00000000a3200000, 0x00000000a3200000|100%| S|CS|TAMS 0x00000000a3100000, 0x00000000a3100000| Complete 
| 562|0x00000000a3200000, 0x00000000a3300000, 0x00000000a3300000|100%| S|CS|TAMS 0x00000000a3200000, 0x00000000a3200000| Complete 
| 563|0x00000000a3300000, 0x00000000a3400000, 0x00000000a3400000|100%| S|CS|TAMS 0x00000000a3300000, 0x00000000a3300000| Complete 
| 564|0x00000000a3400000, 0x00000000a3500000, 0x00000000a3500000|100%| S|CS|TAMS 0x00000000a3400000, 0x00000000a3400000| Complete 
| 565|0x00000000a3500000, 0x00000000a3600000, 0x00000000a3600000|100%| S|CS|TAMS 0x00000000a3500000, 0x00000000a3500000| Complete 
| 566|0x00000000a3600000, 0x00000000a3700000, 0x00000000a3700000|100%| S|CS|TAMS 0x00000000a3600000, 0x00000000a3600000| Complete 
| 567|0x00000000a3700000, 0x00000000a3800000, 0x00000000a3800000|100%| S|CS|TAMS 0x00000000a3700000, 0x00000000a3700000| Complete 
| 568|0x00000000a3800000, 0x00000000a3900000, 0x00000000a3900000|100%| S|CS|TAMS 0x00000000a3800000, 0x00000000a3800000| Complete 
| 569|0x00000000a3900000, 0x00000000a3a00000, 0x00000000a3a00000|100%| S|CS|TAMS 0x00000000a3900000, 0x00000000a3900000| Complete 
| 570|0x00000000a3a00000, 0x00000000a3b00000, 0x00000000a3b00000|100%| S|CS|TAMS 0x00000000a3a00000, 0x00000000a3a00000| Complete 
| 571|0x00000000a3b00000, 0x00000000a3c00000, 0x00000000a3c00000|100%| S|CS|TAMS 0x00000000a3b00000, 0x00000000a3b00000| Complete 
| 572|0x00000000a3c00000, 0x00000000a3d00000, 0x00000000a3d00000|100%| S|CS|TAMS 0x00000000a3c00000, 0x00000000a3c00000| Complete 
| 573|0x00000000a3d00000, 0x00000000a3e00000, 0x00000000a3e00000|100%| S|CS|TAMS 0x00000000a3d00000, 0x00000000a3d00000| Complete 
| 574|0x00000000a3e00000, 0x00000000a3f00000, 0x00000000a3f00000|100%| S|CS|TAMS 0x00000000a3e00000, 0x00000000a3e00000| Complete 
| 575|0x00000000a3f00000, 0x00000000a4000000, 0x00000000a4000000|100%| S|CS|TAMS 0x00000000a3f00000, 0x00000000a3f00000| Complete 
| 576|0x00000000a4000000, 0x00000000a4100000, 0x00000000a4100000|100%| S|CS|TAMS 0x00000000a4000000, 0x00000000a4000000| Complete 
| 577|0x00000000a4100000, 0x00000000a4200000, 0x00000000a4200000|100%| S|CS|TAMS 0x00000000a4100000, 0x00000000a4100000| Complete 
| 578|0x00000000a4200000, 0x00000000a4300000, 0x00000000a4300000|100%| S|CS|TAMS 0x00000000a4200000, 0x00000000a4200000| Complete 
| 579|0x00000000a4300000, 0x00000000a4400000, 0x00000000a4400000|100%| S|CS|TAMS 0x00000000a4300000, 0x00000000a4300000| Complete 
| 580|0x00000000a4400000, 0x00000000a4500000, 0x00000000a4500000|100%| S|CS|TAMS 0x00000000a4400000, 0x00000000a4400000| Complete 
| 581|0x00000000a4500000, 0x00000000a4600000, 0x00000000a4600000|100%| S|CS|TAMS 0x00000000a4500000, 0x00000000a4500000| Complete 
| 582|0x00000000a4600000, 0x00000000a4700000, 0x00000000a4700000|100%| S|CS|TAMS 0x00000000a4600000, 0x00000000a4600000| Complete 
| 583|0x00000000a4700000, 0x00000000a4800000, 0x00000000a4800000|100%| S|CS|TAMS 0x00000000a4700000, 0x00000000a4700000| Complete 
| 584|0x00000000a4800000, 0x00000000a4900000, 0x00000000a4900000|100%| S|CS|TAMS 0x00000000a4800000, 0x00000000a4800000| Complete 
| 585|0x00000000a4900000, 0x00000000a4a00000, 0x00000000a4a00000|100%| S|CS|TAMS 0x00000000a4900000, 0x00000000a4900000| Complete 
| 586|0x00000000a4a00000, 0x00000000a4b00000, 0x00000000a4b00000|100%| S|CS|TAMS 0x00000000a4a00000, 0x00000000a4a00000| Complete 
| 587|0x00000000a4b00000, 0x00000000a4c00000, 0x00000000a4c00000|100%| S|CS|TAMS 0x00000000a4b00000, 0x00000000a4b00000| Complete 
| 588|0x00000000a4c00000, 0x00000000a4d00000, 0x00000000a4d00000|100%| S|CS|TAMS 0x00000000a4c00000, 0x00000000a4c00000| Complete 
| 589|0x00000000a4d00000, 0x00000000a4e00000, 0x00000000a4e00000|100%| S|CS|TAMS 0x00000000a4d00000, 0x00000000a4d00000| Complete 
| 590|0x00000000a4e00000, 0x00000000a4f00000, 0x00000000a4f00000|100%| S|CS|TAMS 0x00000000a4e00000, 0x00000000a4e00000| Complete 
| 591|0x00000000a4f00000, 0x00000000a5000000, 0x00000000a5000000|100%| S|CS|TAMS 0x00000000a4f00000, 0x00000000a4f00000| Complete 
| 592|0x00000000a5000000, 0x00000000a5100000, 0x00000000a5100000|100%| S|CS|TAMS 0x00000000a5000000, 0x00000000a5000000| Complete 
| 593|0x00000000a5100000, 0x00000000a5200000, 0x00000000a5200000|100%| S|CS|TAMS 0x00000000a5100000, 0x00000000a5100000| Complete 
| 594|0x00000000a5200000, 0x00000000a5300000, 0x00000000a5300000|100%| S|CS|TAMS 0x00000000a5200000, 0x00000000a5200000| Complete 
| 595|0x00000000a5300000, 0x00000000a5400000, 0x00000000a5400000|100%| S|CS|TAMS 0x00000000a5300000, 0x00000000a5300000| Complete 
| 596|0x00000000a5400000, 0x00000000a5400000, 0x00000000a5500000|  0%| F|  |TAMS 0x00000000a5400000, 0x00000000a5400000| Untracked 
| 597|0x00000000a5500000, 0x00000000a5500000, 0x00000000a5600000|  0%| F|  |TAMS 0x00000000a5500000, 0x00000000a5500000| Untracked 
| 598|0x00000000a5600000, 0x00000000a5600000, 0x00000000a5700000|  0%| F|  |TAMS 0x00000000a5600000, 0x00000000a5600000| Untracked 
| 599|0x00000000a5700000, 0x00000000a5700000, 0x00000000a5800000|  0%| F|  |TAMS 0x00000000a5700000, 0x00000000a5700000| Untracked 
| 600|0x00000000a5800000, 0x00000000a5800000, 0x00000000a5900000|  0%| F|  |TAMS 0x00000000a5800000, 0x00000000a5800000| Untracked 
| 601|0x00000000a5900000, 0x00000000a5900000, 0x00000000a5a00000|  0%| F|  |TAMS 0x00000000a5900000, 0x00000000a5900000| Untracked 
| 602|0x00000000a5a00000, 0x00000000a5a00000, 0x00000000a5b00000|  0%| F|  |TAMS 0x00000000a5a00000, 0x00000000a5a00000| Untracked 
| 603|0x00000000a5b00000, 0x00000000a5b00000, 0x00000000a5c00000|  0%| F|  |TAMS 0x00000000a5b00000, 0x00000000a5b00000| Untracked 
| 604|0x00000000a5c00000, 0x00000000a5c00000, 0x00000000a5d00000|  0%| F|  |TAMS 0x00000000a5c00000, 0x00000000a5c00000| Untracked 
| 605|0x00000000a5d00000, 0x00000000a5d00000, 0x00000000a5e00000|  0%| F|  |TAMS 0x00000000a5d00000, 0x00000000a5d00000| Untracked 
| 606|0x00000000a5e00000, 0x00000000a5e00000, 0x00000000a5f00000|  0%| F|  |TAMS 0x00000000a5e00000, 0x00000000a5e00000| Untracked 
| 607|0x00000000a5f00000, 0x00000000a5f00000, 0x00000000a6000000|  0%| F|  |TAMS 0x00000000a5f00000, 0x00000000a5f00000| Untracked 
| 608|0x00000000a6000000, 0x00000000a6000000, 0x00000000a6100000|  0%| F|  |TAMS 0x00000000a6000000, 0x00000000a6000000| Untracked 
| 609|0x00000000a6100000, 0x00000000a6100000, 0x00000000a6200000|  0%| F|  |TAMS 0x00000000a6100000, 0x00000000a6100000| Untracked 
| 610|0x00000000a6200000, 0x00000000a6200000, 0x00000000a6300000|  0%| F|  |TAMS 0x00000000a6200000, 0x00000000a6200000| Untracked 
| 611|0x00000000a6300000, 0x00000000a6300000, 0x00000000a6400000|  0%| F|  |TAMS 0x00000000a6300000, 0x00000000a6300000| Untracked 
| 612|0x00000000a6400000, 0x00000000a6400000, 0x00000000a6500000|  0%| F|  |TAMS 0x00000000a6400000, 0x00000000a6400000| Untracked 
| 613|0x00000000a6500000, 0x00000000a6500000, 0x00000000a6600000|  0%| F|  |TAMS 0x00000000a6500000, 0x00000000a6500000| Untracked 
| 614|0x00000000a6600000, 0x00000000a6600000, 0x00000000a6700000|  0%| F|  |TAMS 0x00000000a6600000, 0x00000000a6600000| Untracked 
| 615|0x00000000a6700000, 0x00000000a6700000, 0x00000000a6800000|  0%| F|  |TAMS 0x00000000a6700000, 0x00000000a6700000| Untracked 
| 616|0x00000000a6800000, 0x00000000a6800000, 0x00000000a6900000|  0%| F|  |TAMS 0x00000000a6800000, 0x00000000a6800000| Untracked 
| 617|0x00000000a6900000, 0x00000000a6900000, 0x00000000a6a00000|  0%| F|  |TAMS 0x00000000a6900000, 0x00000000a6900000| Untracked 
| 618|0x00000000a6a00000, 0x00000000a6a00000, 0x00000000a6b00000|  0%| F|  |TAMS 0x00000000a6a00000, 0x00000000a6a00000| Untracked 
| 619|0x00000000a6b00000, 0x00000000a6b00000, 0x00000000a6c00000|  0%| F|  |TAMS 0x00000000a6b00000, 0x00000000a6b00000| Untracked 
| 620|0x00000000a6c00000, 0x00000000a6c00000, 0x00000000a6d00000|  0%| F|  |TAMS 0x00000000a6c00000, 0x00000000a6c00000| Untracked 
| 621|0x00000000a6d00000, 0x00000000a6d00000, 0x00000000a6e00000|  0%| F|  |TAMS 0x00000000a6d00000, 0x00000000a6d00000| Untracked 
| 622|0x00000000a6e00000, 0x00000000a6e00000, 0x00000000a6f00000|  0%| F|  |TAMS 0x00000000a6e00000, 0x00000000a6e00000| Untracked 
| 623|0x00000000a6f00000, 0x00000000a6f00000, 0x00000000a7000000|  0%| F|  |TAMS 0x00000000a6f00000, 0x00000000a6f00000| Untracked 
| 624|0x00000000a7000000, 0x00000000a7000000, 0x00000000a7100000|  0%| F|  |TAMS 0x00000000a7000000, 0x00000000a7000000| Untracked 
| 625|0x00000000a7100000, 0x00000000a7100000, 0x00000000a7200000|  0%| F|  |TAMS 0x00000000a7100000, 0x00000000a7100000| Untracked 
| 626|0x00000000a7200000, 0x00000000a7200000, 0x00000000a7300000|  0%| F|  |TAMS 0x00000000a7200000, 0x00000000a7200000| Untracked 
| 627|0x00000000a7300000, 0x00000000a7300000, 0x00000000a7400000|  0%| F|  |TAMS 0x00000000a7300000, 0x00000000a7300000| Untracked 
| 628|0x00000000a7400000, 0x00000000a7400000, 0x00000000a7500000|  0%| F|  |TAMS 0x00000000a7400000, 0x00000000a7400000| Untracked 
| 629|0x00000000a7500000, 0x00000000a7500000, 0x00000000a7600000|  0%| F|  |TAMS 0x00000000a7500000, 0x00000000a7500000| Untracked 
| 630|0x00000000a7600000, 0x00000000a7600000, 0x00000000a7700000|  0%| F|  |TAMS 0x00000000a7600000, 0x00000000a7600000| Untracked 
| 631|0x00000000a7700000, 0x00000000a7700000, 0x00000000a7800000|  0%| F|  |TAMS 0x00000000a7700000, 0x00000000a7700000| Untracked 
| 632|0x00000000a7800000, 0x00000000a7800000, 0x00000000a7900000|  0%| F|  |TAMS 0x00000000a7800000, 0x00000000a7800000| Untracked 
| 633|0x00000000a7900000, 0x00000000a7900000, 0x00000000a7a00000|  0%| F|  |TAMS 0x00000000a7900000, 0x00000000a7900000| Untracked 
| 634|0x00000000a7a00000, 0x00000000a7a00000, 0x00000000a7b00000|  0%| F|  |TAMS 0x00000000a7a00000, 0x00000000a7a00000| Untracked 
| 635|0x00000000a7b00000, 0x00000000a7b00000, 0x00000000a7c00000|  0%| F|  |TAMS 0x00000000a7b00000, 0x00000000a7b00000| Untracked 
| 636|0x00000000a7c00000, 0x00000000a7c00000, 0x00000000a7d00000|  0%| F|  |TAMS 0x00000000a7c00000, 0x00000000a7c00000| Untracked 
| 637|0x00000000a7d00000, 0x00000000a7d00000, 0x00000000a7e00000|  0%| F|  |TAMS 0x00000000a7d00000, 0x00000000a7d00000| Untracked 
| 638|0x00000000a7e00000, 0x00000000a7e00000, 0x00000000a7f00000|  0%| F|  |TAMS 0x00000000a7e00000, 0x00000000a7e00000| Untracked 
| 639|0x00000000a7f00000, 0x00000000a7f00000, 0x00000000a8000000|  0%| F|  |TAMS 0x00000000a7f00000, 0x00000000a7f00000| Untracked 
| 640|0x00000000a8000000, 0x00000000a8000000, 0x00000000a8100000|  0%| F|  |TAMS 0x00000000a8000000, 0x00000000a8000000| Untracked 
| 641|0x00000000a8100000, 0x00000000a8100000, 0x00000000a8200000|  0%| F|  |TAMS 0x00000000a8100000, 0x00000000a8100000| Untracked 
| 642|0x00000000a8200000, 0x00000000a8200000, 0x00000000a8300000|  0%| F|  |TAMS 0x00000000a8200000, 0x00000000a8200000| Untracked 
| 643|0x00000000a8300000, 0x00000000a8300000, 0x00000000a8400000|  0%| F|  |TAMS 0x00000000a8300000, 0x00000000a8300000| Untracked 
| 644|0x00000000a8400000, 0x00000000a8400000, 0x00000000a8500000|  0%| F|  |TAMS 0x00000000a8400000, 0x00000000a8400000| Untracked 
| 645|0x00000000a8500000, 0x00000000a8500000, 0x00000000a8600000|  0%| F|  |TAMS 0x00000000a8500000, 0x00000000a8500000| Untracked 
| 646|0x00000000a8600000, 0x00000000a8600000, 0x00000000a8700000|  0%| F|  |TAMS 0x00000000a8600000, 0x00000000a8600000| Untracked 
| 647|0x00000000a8700000, 0x00000000a8700000, 0x00000000a8800000|  0%| F|  |TAMS 0x00000000a8700000, 0x00000000a8700000| Untracked 
| 648|0x00000000a8800000, 0x00000000a8800000, 0x00000000a8900000|  0%| F|  |TAMS 0x00000000a8800000, 0x00000000a8800000| Untracked 
| 649|0x00000000a8900000, 0x00000000a8900000, 0x00000000a8a00000|  0%| F|  |TAMS 0x00000000a8900000, 0x00000000a8900000| Untracked 
| 650|0x00000000a8a00000, 0x00000000a8a00000, 0x00000000a8b00000|  0%| F|  |TAMS 0x00000000a8a00000, 0x00000000a8a00000| Untracked 
| 651|0x00000000a8b00000, 0x00000000a8b00000, 0x00000000a8c00000|  0%| F|  |TAMS 0x00000000a8b00000, 0x00000000a8b00000| Untracked 
| 652|0x00000000a8c00000, 0x00000000a8c00000, 0x00000000a8d00000|  0%| F|  |TAMS 0x00000000a8c00000, 0x00000000a8c00000| Untracked 
| 653|0x00000000a8d00000, 0x00000000a8d00000, 0x00000000a8e00000|  0%| F|  |TAMS 0x00000000a8d00000, 0x00000000a8d00000| Untracked 
| 654|0x00000000a8e00000, 0x00000000a8e00000, 0x00000000a8f00000|  0%| F|  |TAMS 0x00000000a8e00000, 0x00000000a8e00000| Untracked 
| 655|0x00000000a8f00000, 0x00000000a8f00000, 0x00000000a9000000|  0%| F|  |TAMS 0x00000000a8f00000, 0x00000000a8f00000| Untracked 
| 656|0x00000000a9000000, 0x00000000a9000000, 0x00000000a9100000|  0%| F|  |TAMS 0x00000000a9000000, 0x00000000a9000000| Untracked 
| 657|0x00000000a9100000, 0x00000000a9100000, 0x00000000a9200000|  0%| F|  |TAMS 0x00000000a9100000, 0x00000000a9100000| Untracked 
| 658|0x00000000a9200000, 0x00000000a9200000, 0x00000000a9300000|  0%| F|  |TAMS 0x00000000a9200000, 0x00000000a9200000| Untracked 
| 659|0x00000000a9300000, 0x00000000a9300000, 0x00000000a9400000|  0%| F|  |TAMS 0x00000000a9300000, 0x00000000a9300000| Untracked 
| 660|0x00000000a9400000, 0x00000000a9400000, 0x00000000a9500000|  0%| F|  |TAMS 0x00000000a9400000, 0x00000000a9400000| Untracked 
| 661|0x00000000a9500000, 0x00000000a9500000, 0x00000000a9600000|  0%| F|  |TAMS 0x00000000a9500000, 0x00000000a9500000| Untracked 
| 662|0x00000000a9600000, 0x00000000a9600000, 0x00000000a9700000|  0%| F|  |TAMS 0x00000000a9600000, 0x00000000a9600000| Untracked 
| 663|0x00000000a9700000, 0x00000000a9700000, 0x00000000a9800000|  0%| F|  |TAMS 0x00000000a9700000, 0x00000000a9700000| Untracked 
| 664|0x00000000a9800000, 0x00000000a9800000, 0x00000000a9900000|  0%| F|  |TAMS 0x00000000a9800000, 0x00000000a9800000| Untracked 
| 665|0x00000000a9900000, 0x00000000a9900000, 0x00000000a9a00000|  0%| F|  |TAMS 0x00000000a9900000, 0x00000000a9900000| Untracked 
| 666|0x00000000a9a00000, 0x00000000a9a00000, 0x00000000a9b00000|  0%| F|  |TAMS 0x00000000a9a00000, 0x00000000a9a00000| Untracked 
| 667|0x00000000a9b00000, 0x00000000a9b00000, 0x00000000a9c00000|  0%| F|  |TAMS 0x00000000a9b00000, 0x00000000a9b00000| Untracked 
| 668|0x00000000a9c00000, 0x00000000a9c00000, 0x00000000a9d00000|  0%| F|  |TAMS 0x00000000a9c00000, 0x00000000a9c00000| Untracked 
| 669|0x00000000a9d00000, 0x00000000a9d00000, 0x00000000a9e00000|  0%| F|  |TAMS 0x00000000a9d00000, 0x00000000a9d00000| Untracked 
| 670|0x00000000a9e00000, 0x00000000a9e00000, 0x00000000a9f00000|  0%| F|  |TAMS 0x00000000a9e00000, 0x00000000a9e00000| Untracked 
| 671|0x00000000a9f00000, 0x00000000a9f00000, 0x00000000aa000000|  0%| F|  |TAMS 0x00000000a9f00000, 0x00000000a9f00000| Untracked 
| 672|0x00000000aa000000, 0x00000000aa000000, 0x00000000aa100000|  0%| F|  |TAMS 0x00000000aa000000, 0x00000000aa000000| Untracked 
| 673|0x00000000aa100000, 0x00000000aa100000, 0x00000000aa200000|  0%| F|  |TAMS 0x00000000aa100000, 0x00000000aa100000| Untracked 
| 674|0x00000000aa200000, 0x00000000aa200000, 0x00000000aa300000|  0%| F|  |TAMS 0x00000000aa200000, 0x00000000aa200000| Untracked 
| 675|0x00000000aa300000, 0x00000000aa300000, 0x00000000aa400000|  0%| F|  |TAMS 0x00000000aa300000, 0x00000000aa300000| Untracked 
| 676|0x00000000aa400000, 0x00000000aa400000, 0x00000000aa500000|  0%| F|  |TAMS 0x00000000aa400000, 0x00000000aa400000| Untracked 
| 677|0x00000000aa500000, 0x00000000aa500000, 0x00000000aa600000|  0%| F|  |TAMS 0x00000000aa500000, 0x00000000aa500000| Untracked 
| 678|0x00000000aa600000, 0x00000000aa600000, 0x00000000aa700000|  0%| F|  |TAMS 0x00000000aa600000, 0x00000000aa600000| Untracked 
| 679|0x00000000aa700000, 0x00000000aa700000, 0x00000000aa800000|  0%| F|  |TAMS 0x00000000aa700000, 0x00000000aa700000| Untracked 
| 680|0x00000000aa800000, 0x00000000aa800000, 0x00000000aa900000|  0%| F|  |TAMS 0x00000000aa800000, 0x00000000aa800000| Untracked 
| 681|0x00000000aa900000, 0x00000000aa900000, 0x00000000aaa00000|  0%| F|  |TAMS 0x00000000aa900000, 0x00000000aa900000| Untracked 
| 682|0x00000000aaa00000, 0x00000000aaa00000, 0x00000000aab00000|  0%| F|  |TAMS 0x00000000aaa00000, 0x00000000aaa00000| Untracked 
| 683|0x00000000aab00000, 0x00000000aab00000, 0x00000000aac00000|  0%| F|  |TAMS 0x00000000aab00000, 0x00000000aab00000| Untracked 
| 684|0x00000000aac00000, 0x00000000aac00000, 0x00000000aad00000|  0%| F|  |TAMS 0x00000000aac00000, 0x00000000aac00000| Untracked 
| 685|0x00000000aad00000, 0x00000000aad00000, 0x00000000aae00000|  0%| F|  |TAMS 0x00000000aad00000, 0x00000000aad00000| Untracked 
| 686|0x00000000aae00000, 0x00000000aae00000, 0x00000000aaf00000|  0%| F|  |TAMS 0x00000000aae00000, 0x00000000aae00000| Untracked 
| 687|0x00000000aaf00000, 0x00000000aaf00000, 0x00000000ab000000|  0%| F|  |TAMS 0x00000000aaf00000, 0x00000000aaf00000| Untracked 
| 688|0x00000000ab000000, 0x00000000ab000000, 0x00000000ab100000|  0%| F|  |TAMS 0x00000000ab000000, 0x00000000ab000000| Untracked 
| 689|0x00000000ab100000, 0x00000000ab100000, 0x00000000ab200000|  0%| F|  |TAMS 0x00000000ab100000, 0x00000000ab100000| Untracked 
| 690|0x00000000ab200000, 0x00000000ab200000, 0x00000000ab300000|  0%| F|  |TAMS 0x00000000ab200000, 0x00000000ab200000| Untracked 
| 691|0x00000000ab300000, 0x00000000ab300000, 0x00000000ab400000|  0%| F|  |TAMS 0x00000000ab300000, 0x00000000ab300000| Untracked 
| 692|0x00000000ab400000, 0x00000000ab400000, 0x00000000ab500000|  0%| F|  |TAMS 0x00000000ab400000, 0x00000000ab400000| Untracked 
| 693|0x00000000ab500000, 0x00000000ab500000, 0x00000000ab600000|  0%| F|  |TAMS 0x00000000ab500000, 0x00000000ab500000| Untracked 
| 694|0x00000000ab600000, 0x00000000ab600000, 0x00000000ab700000|  0%| F|  |TAMS 0x00000000ab600000, 0x00000000ab600000| Untracked 
| 695|0x00000000ab700000, 0x00000000ab700000, 0x00000000ab800000|  0%| F|  |TAMS 0x00000000ab700000, 0x00000000ab700000| Untracked 
| 696|0x00000000ab800000, 0x00000000ab800000, 0x00000000ab900000|  0%| F|  |TAMS 0x00000000ab800000, 0x00000000ab800000| Untracked 
| 697|0x00000000ab900000, 0x00000000ab900000, 0x00000000aba00000|  0%| F|  |TAMS 0x00000000ab900000, 0x00000000ab900000| Untracked 
| 698|0x00000000aba00000, 0x00000000aba00000, 0x00000000abb00000|  0%| F|  |TAMS 0x00000000aba00000, 0x00000000aba00000| Untracked 
| 699|0x00000000abb00000, 0x00000000abb00000, 0x00000000abc00000|  0%| F|  |TAMS 0x00000000abb00000, 0x00000000abb00000| Untracked 
| 700|0x00000000abc00000, 0x00000000abc00000, 0x00000000abd00000|  0%| F|  |TAMS 0x00000000abc00000, 0x00000000abc00000| Untracked 
| 701|0x00000000abd00000, 0x00000000abd00000, 0x00000000abe00000|  0%| F|  |TAMS 0x00000000abd00000, 0x00000000abd00000| Untracked 
| 702|0x00000000abe00000, 0x00000000abe00000, 0x00000000abf00000|  0%| F|  |TAMS 0x00000000abe00000, 0x00000000abe00000| Untracked 
| 703|0x00000000abf00000, 0x00000000abf00000, 0x00000000ac000000|  0%| F|  |TAMS 0x00000000abf00000, 0x00000000abf00000| Untracked 
| 704|0x00000000ac000000, 0x00000000ac000000, 0x00000000ac100000|  0%| F|  |TAMS 0x00000000ac000000, 0x00000000ac000000| Untracked 
| 705|0x00000000ac100000, 0x00000000ac100000, 0x00000000ac200000|  0%| F|  |TAMS 0x00000000ac100000, 0x00000000ac100000| Untracked 
| 706|0x00000000ac200000, 0x00000000ac200000, 0x00000000ac300000|  0%| F|  |TAMS 0x00000000ac200000, 0x00000000ac200000| Untracked 
| 707|0x00000000ac300000, 0x00000000ac300000, 0x00000000ac400000|  0%| F|  |TAMS 0x00000000ac300000, 0x00000000ac300000| Untracked 
| 708|0x00000000ac400000, 0x00000000ac400000, 0x00000000ac500000|  0%| F|  |TAMS 0x00000000ac400000, 0x00000000ac400000| Untracked 
| 709|0x00000000ac500000, 0x00000000ac500000, 0x00000000ac600000|  0%| F|  |TAMS 0x00000000ac500000, 0x00000000ac500000| Untracked 
| 710|0x00000000ac600000, 0x00000000ac600000, 0x00000000ac700000|  0%| F|  |TAMS 0x00000000ac600000, 0x00000000ac600000| Untracked 
| 711|0x00000000ac700000, 0x00000000ac700000, 0x00000000ac800000|  0%| F|  |TAMS 0x00000000ac700000, 0x00000000ac700000| Untracked 
| 712|0x00000000ac800000, 0x00000000ac800000, 0x00000000ac900000|  0%| F|  |TAMS 0x00000000ac800000, 0x00000000ac800000| Untracked 
| 713|0x00000000ac900000, 0x00000000ac900000, 0x00000000aca00000|  0%| F|  |TAMS 0x00000000ac900000, 0x00000000ac900000| Untracked 
| 714|0x00000000aca00000, 0x00000000aca00000, 0x00000000acb00000|  0%| F|  |TAMS 0x00000000aca00000, 0x00000000aca00000| Untracked 
| 715|0x00000000acb00000, 0x00000000acb00000, 0x00000000acc00000|  0%| F|  |TAMS 0x00000000acb00000, 0x00000000acb00000| Untracked 
| 716|0x00000000acc00000, 0x00000000acc00000, 0x00000000acd00000|  0%| F|  |TAMS 0x00000000acc00000, 0x00000000acc00000| Untracked 
| 717|0x00000000acd00000, 0x00000000acd00000, 0x00000000ace00000|  0%| F|  |TAMS 0x00000000acd00000, 0x00000000acd00000| Untracked 
| 718|0x00000000ace00000, 0x00000000ace00000, 0x00000000acf00000|  0%| F|  |TAMS 0x00000000ace00000, 0x00000000ace00000| Untracked 
| 719|0x00000000acf00000, 0x00000000acf00000, 0x00000000ad000000|  0%| F|  |TAMS 0x00000000acf00000, 0x00000000acf00000| Untracked 
| 720|0x00000000ad000000, 0x00000000ad000000, 0x00000000ad100000|  0%| F|  |TAMS 0x00000000ad000000, 0x00000000ad000000| Untracked 
| 721|0x00000000ad100000, 0x00000000ad100000, 0x00000000ad200000|  0%| F|  |TAMS 0x00000000ad100000, 0x00000000ad100000| Untracked 
| 722|0x00000000ad200000, 0x00000000ad200000, 0x00000000ad300000|  0%| F|  |TAMS 0x00000000ad200000, 0x00000000ad200000| Untracked 
| 723|0x00000000ad300000, 0x00000000ad300000, 0x00000000ad400000|  0%| F|  |TAMS 0x00000000ad300000, 0x00000000ad300000| Untracked 
| 724|0x00000000ad400000, 0x00000000ad400000, 0x00000000ad500000|  0%| F|  |TAMS 0x00000000ad400000, 0x00000000ad400000| Untracked 
| 725|0x00000000ad500000, 0x00000000ad500000, 0x00000000ad600000|  0%| F|  |TAMS 0x00000000ad500000, 0x00000000ad500000| Untracked 
| 726|0x00000000ad600000, 0x00000000ad600000, 0x00000000ad700000|  0%| F|  |TAMS 0x00000000ad600000, 0x00000000ad600000| Untracked 
| 727|0x00000000ad700000, 0x00000000ad700000, 0x00000000ad800000|  0%| F|  |TAMS 0x00000000ad700000, 0x00000000ad700000| Untracked 
| 728|0x00000000ad800000, 0x00000000ad800000, 0x00000000ad900000|  0%| F|  |TAMS 0x00000000ad800000, 0x00000000ad800000| Untracked 
| 729|0x00000000ad900000, 0x00000000ad900000, 0x00000000ada00000|  0%| F|  |TAMS 0x00000000ad900000, 0x00000000ad900000| Untracked 
| 730|0x00000000ada00000, 0x00000000ada00000, 0x00000000adb00000|  0%| F|  |TAMS 0x00000000ada00000, 0x00000000ada00000| Untracked 
| 731|0x00000000adb00000, 0x00000000adb00000, 0x00000000adc00000|  0%| F|  |TAMS 0x00000000adb00000, 0x00000000adb00000| Untracked 
| 732|0x00000000adc00000, 0x00000000adc00000, 0x00000000add00000|  0%| F|  |TAMS 0x00000000adc00000, 0x00000000adc00000| Untracked 
| 733|0x00000000add00000, 0x00000000add00000, 0x00000000ade00000|  0%| F|  |TAMS 0x00000000add00000, 0x00000000add00000| Untracked 
| 734|0x00000000ade00000, 0x00000000ade00000, 0x00000000adf00000|  0%| F|  |TAMS 0x00000000ade00000, 0x00000000ade00000| Untracked 
| 735|0x00000000adf00000, 0x00000000adf00000, 0x00000000ae000000|  0%| F|  |TAMS 0x00000000adf00000, 0x00000000adf00000| Untracked 
| 736|0x00000000ae000000, 0x00000000ae000000, 0x00000000ae100000|  0%| F|  |TAMS 0x00000000ae000000, 0x00000000ae000000| Untracked 
| 737|0x00000000ae100000, 0x00000000ae100000, 0x00000000ae200000|  0%| F|  |TAMS 0x00000000ae100000, 0x00000000ae100000| Untracked 
| 738|0x00000000ae200000, 0x00000000ae200000, 0x00000000ae300000|  0%| F|  |TAMS 0x00000000ae200000, 0x00000000ae200000| Untracked 
| 739|0x00000000ae300000, 0x00000000ae300000, 0x00000000ae400000|  0%| F|  |TAMS 0x00000000ae300000, 0x00000000ae300000| Untracked 
| 740|0x00000000ae400000, 0x00000000ae400000, 0x00000000ae500000|  0%| F|  |TAMS 0x00000000ae400000, 0x00000000ae400000| Untracked 
| 741|0x00000000ae500000, 0x00000000ae500000, 0x00000000ae600000|  0%| F|  |TAMS 0x00000000ae500000, 0x00000000ae500000| Untracked 
| 742|0x00000000ae600000, 0x00000000ae600000, 0x00000000ae700000|  0%| F|  |TAMS 0x00000000ae600000, 0x00000000ae600000| Untracked 
| 743|0x00000000ae700000, 0x00000000ae700000, 0x00000000ae800000|  0%| F|  |TAMS 0x00000000ae700000, 0x00000000ae700000| Untracked 
| 744|0x00000000ae800000, 0x00000000ae800000, 0x00000000ae900000|  0%| F|  |TAMS 0x00000000ae800000, 0x00000000ae800000| Untracked 
| 745|0x00000000ae900000, 0x00000000ae900000, 0x00000000aea00000|  0%| F|  |TAMS 0x00000000ae900000, 0x00000000ae900000| Untracked 
| 746|0x00000000aea00000, 0x00000000aea00000, 0x00000000aeb00000|  0%| F|  |TAMS 0x00000000aea00000, 0x00000000aea00000| Untracked 
| 747|0x00000000aeb00000, 0x00000000aeb00000, 0x00000000aec00000|  0%| F|  |TAMS 0x00000000aeb00000, 0x00000000aeb00000| Untracked 
| 748|0x00000000aec00000, 0x00000000aec00000, 0x00000000aed00000|  0%| F|  |TAMS 0x00000000aec00000, 0x00000000aec00000| Untracked 
| 749|0x00000000aed00000, 0x00000000aed00000, 0x00000000aee00000|  0%| F|  |TAMS 0x00000000aed00000, 0x00000000aed00000| Untracked 
| 750|0x00000000aee00000, 0x00000000aee00000, 0x00000000aef00000|  0%| F|  |TAMS 0x00000000aee00000, 0x00000000aee00000| Untracked 
| 751|0x00000000aef00000, 0x00000000aef00000, 0x00000000af000000|  0%| F|  |TAMS 0x00000000aef00000, 0x00000000aef00000| Untracked 
| 752|0x00000000af000000, 0x00000000af000000, 0x00000000af100000|  0%| F|  |TAMS 0x00000000af000000, 0x00000000af000000| Untracked 
| 753|0x00000000af100000, 0x00000000af100000, 0x00000000af200000|  0%| F|  |TAMS 0x00000000af100000, 0x00000000af100000| Untracked 
| 754|0x00000000af200000, 0x00000000af200000, 0x00000000af300000|  0%| F|  |TAMS 0x00000000af200000, 0x00000000af200000| Untracked 
| 755|0x00000000af300000, 0x00000000af300000, 0x00000000af400000|  0%| F|  |TAMS 0x00000000af300000, 0x00000000af300000| Untracked 
| 756|0x00000000af400000, 0x00000000af400000, 0x00000000af500000|  0%| F|  |TAMS 0x00000000af400000, 0x00000000af400000| Untracked 
| 757|0x00000000af500000, 0x00000000af500000, 0x00000000af600000|  0%| F|  |TAMS 0x00000000af500000, 0x00000000af500000| Untracked 
| 758|0x00000000af600000, 0x00000000af600000, 0x00000000af700000|  0%| F|  |TAMS 0x00000000af600000, 0x00000000af600000| Untracked 
| 759|0x00000000af700000, 0x00000000af700000, 0x00000000af800000|  0%| F|  |TAMS 0x00000000af700000, 0x00000000af700000| Untracked 
| 760|0x00000000af800000, 0x00000000af800000, 0x00000000af900000|  0%| F|  |TAMS 0x00000000af800000, 0x00000000af800000| Untracked 
| 761|0x00000000af900000, 0x00000000af900000, 0x00000000afa00000|  0%| F|  |TAMS 0x00000000af900000, 0x00000000af900000| Untracked 
| 762|0x00000000afa00000, 0x00000000afa00000, 0x00000000afb00000|  0%| F|  |TAMS 0x00000000afa00000, 0x00000000afa00000| Untracked 
| 763|0x00000000afb00000, 0x00000000afb00000, 0x00000000afc00000|  0%| F|  |TAMS 0x00000000afb00000, 0x00000000afb00000| Untracked 
| 764|0x00000000afc00000, 0x00000000afc00000, 0x00000000afd00000|  0%| F|  |TAMS 0x00000000afc00000, 0x00000000afc00000| Untracked 
| 765|0x00000000afd00000, 0x00000000afd00000, 0x00000000afe00000|  0%| F|  |TAMS 0x00000000afd00000, 0x00000000afd00000| Untracked 
| 766|0x00000000afe00000, 0x00000000afe00000, 0x00000000aff00000|  0%| F|  |TAMS 0x00000000afe00000, 0x00000000afe00000| Untracked 
| 767|0x00000000aff00000, 0x00000000aff00000, 0x00000000b0000000|  0%| F|  |TAMS 0x00000000aff00000, 0x00000000aff00000| Untracked 
| 768|0x00000000b0000000, 0x00000000b0000000, 0x00000000b0100000|  0%| F|  |TAMS 0x00000000b0000000, 0x00000000b0000000| Untracked 
| 769|0x00000000b0100000, 0x00000000b0100000, 0x00000000b0200000|  0%| F|  |TAMS 0x00000000b0100000, 0x00000000b0100000| Untracked 
| 770|0x00000000b0200000, 0x00000000b0200000, 0x00000000b0300000|  0%| F|  |TAMS 0x00000000b0200000, 0x00000000b0200000| Untracked 
| 771|0x00000000b0300000, 0x00000000b0300000, 0x00000000b0400000|  0%| F|  |TAMS 0x00000000b0300000, 0x00000000b0300000| Untracked 
| 772|0x00000000b0400000, 0x00000000b0400000, 0x00000000b0500000|  0%| F|  |TAMS 0x00000000b0400000, 0x00000000b0400000| Untracked 
| 773|0x00000000b0500000, 0x00000000b0500000, 0x00000000b0600000|  0%| F|  |TAMS 0x00000000b0500000, 0x00000000b0500000| Untracked 
| 774|0x00000000b0600000, 0x00000000b0600000, 0x00000000b0700000|  0%| F|  |TAMS 0x00000000b0600000, 0x00000000b0600000| Untracked 
| 775|0x00000000b0700000, 0x00000000b0700000, 0x00000000b0800000|  0%| F|  |TAMS 0x00000000b0700000, 0x00000000b0700000| Untracked 
| 776|0x00000000b0800000, 0x00000000b0800000, 0x00000000b0900000|  0%| F|  |TAMS 0x00000000b0800000, 0x00000000b0800000| Untracked 
| 777|0x00000000b0900000, 0x00000000b0900000, 0x00000000b0a00000|  0%| F|  |TAMS 0x00000000b0900000, 0x00000000b0900000| Untracked 
| 778|0x00000000b0a00000, 0x00000000b0a00000, 0x00000000b0b00000|  0%| F|  |TAMS 0x00000000b0a00000, 0x00000000b0a00000| Untracked 
| 779|0x00000000b0b00000, 0x00000000b0b00000, 0x00000000b0c00000|  0%| F|  |TAMS 0x00000000b0b00000, 0x00000000b0b00000| Untracked 
| 780|0x00000000b0c00000, 0x00000000b0c00000, 0x00000000b0d00000|  0%| F|  |TAMS 0x00000000b0c00000, 0x00000000b0c00000| Untracked 
| 781|0x00000000b0d00000, 0x00000000b0d00000, 0x00000000b0e00000|  0%| F|  |TAMS 0x00000000b0d00000, 0x00000000b0d00000| Untracked 
| 782|0x00000000b0e00000, 0x00000000b0e00000, 0x00000000b0f00000|  0%| F|  |TAMS 0x00000000b0e00000, 0x00000000b0e00000| Untracked 
| 783|0x00000000b0f00000, 0x00000000b0f00000, 0x00000000b1000000|  0%| F|  |TAMS 0x00000000b0f00000, 0x00000000b0f00000| Untracked 
| 784|0x00000000b1000000, 0x00000000b1000000, 0x00000000b1100000|  0%| F|  |TAMS 0x00000000b1000000, 0x00000000b1000000| Untracked 
| 785|0x00000000b1100000, 0x00000000b1100000, 0x00000000b1200000|  0%| F|  |TAMS 0x00000000b1100000, 0x00000000b1100000| Untracked 
| 786|0x00000000b1200000, 0x00000000b1200000, 0x00000000b1300000|  0%| F|  |TAMS 0x00000000b1200000, 0x00000000b1200000| Untracked 
| 787|0x00000000b1300000, 0x00000000b1300000, 0x00000000b1400000|  0%| F|  |TAMS 0x00000000b1300000, 0x00000000b1300000| Untracked 
| 788|0x00000000b1400000, 0x00000000b1400000, 0x00000000b1500000|  0%| F|  |TAMS 0x00000000b1400000, 0x00000000b1400000| Untracked 
| 789|0x00000000b1500000, 0x00000000b1500000, 0x00000000b1600000|  0%| F|  |TAMS 0x00000000b1500000, 0x00000000b1500000| Untracked 
| 790|0x00000000b1600000, 0x00000000b1600000, 0x00000000b1700000|  0%| F|  |TAMS 0x00000000b1600000, 0x00000000b1600000| Untracked 
| 791|0x00000000b1700000, 0x00000000b1700000, 0x00000000b1800000|  0%| F|  |TAMS 0x00000000b1700000, 0x00000000b1700000| Untracked 
| 792|0x00000000b1800000, 0x00000000b1800000, 0x00000000b1900000|  0%| F|  |TAMS 0x00000000b1800000, 0x00000000b1800000| Untracked 
| 793|0x00000000b1900000, 0x00000000b1900000, 0x00000000b1a00000|  0%| F|  |TAMS 0x00000000b1900000, 0x00000000b1900000| Untracked 
| 794|0x00000000b1a00000, 0x00000000b1a00000, 0x00000000b1b00000|  0%| F|  |TAMS 0x00000000b1a00000, 0x00000000b1a00000| Untracked 
| 795|0x00000000b1b00000, 0x00000000b1b00000, 0x00000000b1c00000|  0%| F|  |TAMS 0x00000000b1b00000, 0x00000000b1b00000| Untracked 
| 796|0x00000000b1c00000, 0x00000000b1c00000, 0x00000000b1d00000|  0%| F|  |TAMS 0x00000000b1c00000, 0x00000000b1c00000| Untracked 
| 797|0x00000000b1d00000, 0x00000000b1d00000, 0x00000000b1e00000|  0%| F|  |TAMS 0x00000000b1d00000, 0x00000000b1d00000| Untracked 
| 798|0x00000000b1e00000, 0x00000000b1e00000, 0x00000000b1f00000|  0%| F|  |TAMS 0x00000000b1e00000, 0x00000000b1e00000| Untracked 
| 799|0x00000000b1f00000, 0x00000000b1f00000, 0x00000000b2000000|  0%| F|  |TAMS 0x00000000b1f00000, 0x00000000b1f00000| Untracked 
| 800|0x00000000b2000000, 0x00000000b2000000, 0x00000000b2100000|  0%| F|  |TAMS 0x00000000b2000000, 0x00000000b2000000| Untracked 
| 801|0x00000000b2100000, 0x00000000b2100000, 0x00000000b2200000|  0%| F|  |TAMS 0x00000000b2100000, 0x00000000b2100000| Untracked 
| 802|0x00000000b2200000, 0x00000000b2200000, 0x00000000b2300000|  0%| F|  |TAMS 0x00000000b2200000, 0x00000000b2200000| Untracked 
| 803|0x00000000b2300000, 0x00000000b2300000, 0x00000000b2400000|  0%| F|  |TAMS 0x00000000b2300000, 0x00000000b2300000| Untracked 
| 804|0x00000000b2400000, 0x00000000b2400000, 0x00000000b2500000|  0%| F|  |TAMS 0x00000000b2400000, 0x00000000b2400000| Untracked 
| 805|0x00000000b2500000, 0x00000000b2500000, 0x00000000b2600000|  0%| F|  |TAMS 0x00000000b2500000, 0x00000000b2500000| Untracked 
| 806|0x00000000b2600000, 0x00000000b2600000, 0x00000000b2700000|  0%| F|  |TAMS 0x00000000b2600000, 0x00000000b2600000| Untracked 
| 807|0x00000000b2700000, 0x00000000b2700000, 0x00000000b2800000|  0%| F|  |TAMS 0x00000000b2700000, 0x00000000b2700000| Untracked 
| 808|0x00000000b2800000, 0x00000000b2800000, 0x00000000b2900000|  0%| F|  |TAMS 0x00000000b2800000, 0x00000000b2800000| Untracked 
| 809|0x00000000b2900000, 0x00000000b2900000, 0x00000000b2a00000|  0%| F|  |TAMS 0x00000000b2900000, 0x00000000b2900000| Untracked 
| 810|0x00000000b2a00000, 0x00000000b2a00000, 0x00000000b2b00000|  0%| F|  |TAMS 0x00000000b2a00000, 0x00000000b2a00000| Untracked 
| 811|0x00000000b2b00000, 0x00000000b2b00000, 0x00000000b2c00000|  0%| F|  |TAMS 0x00000000b2b00000, 0x00000000b2b00000| Untracked 
| 812|0x00000000b2c00000, 0x00000000b2c00000, 0x00000000b2d00000|  0%| F|  |TAMS 0x00000000b2c00000, 0x00000000b2c00000| Untracked 
| 813|0x00000000b2d00000, 0x00000000b2d00000, 0x00000000b2e00000|  0%| F|  |TAMS 0x00000000b2d00000, 0x00000000b2d00000| Untracked 
| 814|0x00000000b2e00000, 0x00000000b2e00000, 0x00000000b2f00000|  0%| F|  |TAMS 0x00000000b2e00000, 0x00000000b2e00000| Untracked 
| 815|0x00000000b2f00000, 0x00000000b2f00000, 0x00000000b3000000|  0%| F|  |TAMS 0x00000000b2f00000, 0x00000000b2f00000| Untracked 
| 816|0x00000000b3000000, 0x00000000b3000000, 0x00000000b3100000|  0%| F|  |TAMS 0x00000000b3000000, 0x00000000b3000000| Untracked 
| 817|0x00000000b3100000, 0x00000000b3100000, 0x00000000b3200000|  0%| F|  |TAMS 0x00000000b3100000, 0x00000000b3100000| Untracked 
| 818|0x00000000b3200000, 0x00000000b3200000, 0x00000000b3300000|  0%| F|  |TAMS 0x00000000b3200000, 0x00000000b3200000| Untracked 
| 819|0x00000000b3300000, 0x00000000b3300000, 0x00000000b3400000|  0%| F|  |TAMS 0x00000000b3300000, 0x00000000b3300000| Untracked 
| 820|0x00000000b3400000, 0x00000000b3400000, 0x00000000b3500000|  0%| F|  |TAMS 0x00000000b3400000, 0x00000000b3400000| Untracked 
| 821|0x00000000b3500000, 0x00000000b3500000, 0x00000000b3600000|  0%| F|  |TAMS 0x00000000b3500000, 0x00000000b3500000| Untracked 
| 822|0x00000000b3600000, 0x00000000b3600000, 0x00000000b3700000|  0%| F|  |TAMS 0x00000000b3600000, 0x00000000b3600000| Untracked 
| 823|0x00000000b3700000, 0x00000000b3700000, 0x00000000b3800000|  0%| F|  |TAMS 0x00000000b3700000, 0x00000000b3700000| Untracked 
| 824|0x00000000b3800000, 0x00000000b3800000, 0x00000000b3900000|  0%| F|  |TAMS 0x00000000b3800000, 0x00000000b3800000| Untracked 
| 825|0x00000000b3900000, 0x00000000b3900000, 0x00000000b3a00000|  0%| F|  |TAMS 0x00000000b3900000, 0x00000000b3900000| Untracked 
| 826|0x00000000b3a00000, 0x00000000b3a00000, 0x00000000b3b00000|  0%| F|  |TAMS 0x00000000b3a00000, 0x00000000b3a00000| Untracked 
| 827|0x00000000b3b00000, 0x00000000b3b00000, 0x00000000b3c00000|  0%| F|  |TAMS 0x00000000b3b00000, 0x00000000b3b00000| Untracked 
| 828|0x00000000b3c00000, 0x00000000b3c00000, 0x00000000b3d00000|  0%| F|  |TAMS 0x00000000b3c00000, 0x00000000b3c00000| Untracked 
| 829|0x00000000b3d00000, 0x00000000b3d00000, 0x00000000b3e00000|  0%| F|  |TAMS 0x00000000b3d00000, 0x00000000b3d00000| Untracked 
| 830|0x00000000b3e00000, 0x00000000b3e00000, 0x00000000b3f00000|  0%| F|  |TAMS 0x00000000b3e00000, 0x00000000b3e00000| Untracked 
| 831|0x00000000b3f00000, 0x00000000b3f00000, 0x00000000b4000000|  0%| F|  |TAMS 0x00000000b3f00000, 0x00000000b3f00000| Untracked 
| 832|0x00000000b4000000, 0x00000000b4000000, 0x00000000b4100000|  0%| F|  |TAMS 0x00000000b4000000, 0x00000000b4000000| Untracked 
| 833|0x00000000b4100000, 0x00000000b4100000, 0x00000000b4200000|  0%| F|  |TAMS 0x00000000b4100000, 0x00000000b4100000| Untracked 
| 834|0x00000000b4200000, 0x00000000b4200000, 0x00000000b4300000|  0%| F|  |TAMS 0x00000000b4200000, 0x00000000b4200000| Untracked 
| 835|0x00000000b4300000, 0x00000000b4300000, 0x00000000b4400000|  0%| F|  |TAMS 0x00000000b4300000, 0x00000000b4300000| Untracked 
| 836|0x00000000b4400000, 0x00000000b4400000, 0x00000000b4500000|  0%| F|  |TAMS 0x00000000b4400000, 0x00000000b4400000| Untracked 
| 837|0x00000000b4500000, 0x00000000b4500000, 0x00000000b4600000|  0%| F|  |TAMS 0x00000000b4500000, 0x00000000b4500000| Untracked 
| 838|0x00000000b4600000, 0x00000000b4600000, 0x00000000b4700000|  0%| F|  |TAMS 0x00000000b4600000, 0x00000000b4600000| Untracked 
| 839|0x00000000b4700000, 0x00000000b4700000, 0x00000000b4800000|  0%| F|  |TAMS 0x00000000b4700000, 0x00000000b4700000| Untracked 
| 840|0x00000000b4800000, 0x00000000b4800000, 0x00000000b4900000|  0%| F|  |TAMS 0x00000000b4800000, 0x00000000b4800000| Untracked 
| 841|0x00000000b4900000, 0x00000000b4900000, 0x00000000b4a00000|  0%| F|  |TAMS 0x00000000b4900000, 0x00000000b4900000| Untracked 
| 842|0x00000000b4a00000, 0x00000000b4a00000, 0x00000000b4b00000|  0%| F|  |TAMS 0x00000000b4a00000, 0x00000000b4a00000| Untracked 
| 843|0x00000000b4b00000, 0x00000000b4b00000, 0x00000000b4c00000|  0%| F|  |TAMS 0x00000000b4b00000, 0x00000000b4b00000| Untracked 
| 844|0x00000000b4c00000, 0x00000000b4c00000, 0x00000000b4d00000|  0%| F|  |TAMS 0x00000000b4c00000, 0x00000000b4c00000| Untracked 
| 845|0x00000000b4d00000, 0x00000000b4d00000, 0x00000000b4e00000|  0%| F|  |TAMS 0x00000000b4d00000, 0x00000000b4d00000| Untracked 
| 846|0x00000000b4e00000, 0x00000000b4e00000, 0x00000000b4f00000|  0%| F|  |TAMS 0x00000000b4e00000, 0x00000000b4e00000| Untracked 
| 847|0x00000000b4f00000, 0x00000000b4f00000, 0x00000000b5000000|  0%| F|  |TAMS 0x00000000b4f00000, 0x00000000b4f00000| Untracked 
| 848|0x00000000b5000000, 0x00000000b5000000, 0x00000000b5100000|  0%| F|  |TAMS 0x00000000b5000000, 0x00000000b5000000| Untracked 
| 849|0x00000000b5100000, 0x00000000b5100000, 0x00000000b5200000|  0%| F|  |TAMS 0x00000000b5100000, 0x00000000b5100000| Untracked 
| 850|0x00000000b5200000, 0x00000000b5200000, 0x00000000b5300000|  0%| F|  |TAMS 0x00000000b5200000, 0x00000000b5200000| Untracked 
| 851|0x00000000b5300000, 0x00000000b5300000, 0x00000000b5400000|  0%| F|  |TAMS 0x00000000b5300000, 0x00000000b5300000| Untracked 
| 852|0x00000000b5400000, 0x00000000b5400000, 0x00000000b5500000|  0%| F|  |TAMS 0x00000000b5400000, 0x00000000b5400000| Untracked 
| 853|0x00000000b5500000, 0x00000000b5500000, 0x00000000b5600000|  0%| F|  |TAMS 0x00000000b5500000, 0x00000000b5500000| Untracked 
| 854|0x00000000b5600000, 0x00000000b5600000, 0x00000000b5700000|  0%| F|  |TAMS 0x00000000b5600000, 0x00000000b5600000| Untracked 
| 855|0x00000000b5700000, 0x00000000b5700000, 0x00000000b5800000|  0%| F|  |TAMS 0x00000000b5700000, 0x00000000b5700000| Untracked 
| 856|0x00000000b5800000, 0x00000000b5800000, 0x00000000b5900000|  0%| F|  |TAMS 0x00000000b5800000, 0x00000000b5800000| Untracked 
| 857|0x00000000b5900000, 0x00000000b5900000, 0x00000000b5a00000|  0%| F|  |TAMS 0x00000000b5900000, 0x00000000b5900000| Untracked 
| 858|0x00000000b5a00000, 0x00000000b5a00000, 0x00000000b5b00000|  0%| F|  |TAMS 0x00000000b5a00000, 0x00000000b5a00000| Untracked 
| 859|0x00000000b5b00000, 0x00000000b5b00000, 0x00000000b5c00000|  0%| F|  |TAMS 0x00000000b5b00000, 0x00000000b5b00000| Untracked 
| 860|0x00000000b5c00000, 0x00000000b5c00000, 0x00000000b5d00000|  0%| F|  |TAMS 0x00000000b5c00000, 0x00000000b5c00000| Untracked 
| 861|0x00000000b5d00000, 0x00000000b5d00000, 0x00000000b5e00000|  0%| F|  |TAMS 0x00000000b5d00000, 0x00000000b5d00000| Untracked 
| 862|0x00000000b5e00000, 0x00000000b5e00000, 0x00000000b5f00000|  0%| F|  |TAMS 0x00000000b5e00000, 0x00000000b5e00000| Untracked 
| 863|0x00000000b5f00000, 0x00000000b5f00000, 0x00000000b6000000|  0%| F|  |TAMS 0x00000000b5f00000, 0x00000000b5f00000| Untracked 
| 864|0x00000000b6000000, 0x00000000b6000000, 0x00000000b6100000|  0%| F|  |TAMS 0x00000000b6000000, 0x00000000b6000000| Untracked 
| 865|0x00000000b6100000, 0x00000000b6100000, 0x00000000b6200000|  0%| F|  |TAMS 0x00000000b6100000, 0x00000000b6100000| Untracked 
| 866|0x00000000b6200000, 0x00000000b6200000, 0x00000000b6300000|  0%| F|  |TAMS 0x00000000b6200000, 0x00000000b6200000| Untracked 
| 867|0x00000000b6300000, 0x00000000b6300000, 0x00000000b6400000|  0%| F|  |TAMS 0x00000000b6300000, 0x00000000b6300000| Untracked 
| 868|0x00000000b6400000, 0x00000000b6400000, 0x00000000b6500000|  0%| F|  |TAMS 0x00000000b6400000, 0x00000000b6400000| Untracked 
| 869|0x00000000b6500000, 0x00000000b6500000, 0x00000000b6600000|  0%| F|  |TAMS 0x00000000b6500000, 0x00000000b6500000| Untracked 
| 870|0x00000000b6600000, 0x00000000b6600000, 0x00000000b6700000|  0%| F|  |TAMS 0x00000000b6600000, 0x00000000b6600000| Untracked 
| 871|0x00000000b6700000, 0x00000000b6700000, 0x00000000b6800000|  0%| F|  |TAMS 0x00000000b6700000, 0x00000000b6700000| Untracked 
| 872|0x00000000b6800000, 0x00000000b6800000, 0x00000000b6900000|  0%| F|  |TAMS 0x00000000b6800000, 0x00000000b6800000| Untracked 
| 873|0x00000000b6900000, 0x00000000b6900000, 0x00000000b6a00000|  0%| F|  |TAMS 0x00000000b6900000, 0x00000000b6900000| Untracked 
| 874|0x00000000b6a00000, 0x00000000b6a00000, 0x00000000b6b00000|  0%| F|  |TAMS 0x00000000b6a00000, 0x00000000b6a00000| Untracked 
| 875|0x00000000b6b00000, 0x00000000b6b00000, 0x00000000b6c00000|  0%| F|  |TAMS 0x00000000b6b00000, 0x00000000b6b00000| Untracked 
| 876|0x00000000b6c00000, 0x00000000b6c00000, 0x00000000b6d00000|  0%| F|  |TAMS 0x00000000b6c00000, 0x00000000b6c00000| Untracked 
| 877|0x00000000b6d00000, 0x00000000b6d00000, 0x00000000b6e00000|  0%| F|  |TAMS 0x00000000b6d00000, 0x00000000b6d00000| Untracked 
| 878|0x00000000b6e00000, 0x00000000b6e00000, 0x00000000b6f00000|  0%| F|  |TAMS 0x00000000b6e00000, 0x00000000b6e00000| Untracked 
| 879|0x00000000b6f00000, 0x00000000b6f00000, 0x00000000b7000000|  0%| F|  |TAMS 0x00000000b6f00000, 0x00000000b6f00000| Untracked 
| 880|0x00000000b7000000, 0x00000000b7000000, 0x00000000b7100000|  0%| F|  |TAMS 0x00000000b7000000, 0x00000000b7000000| Untracked 
| 881|0x00000000b7100000, 0x00000000b7100000, 0x00000000b7200000|  0%| F|  |TAMS 0x00000000b7100000, 0x00000000b7100000| Untracked 
| 882|0x00000000b7200000, 0x00000000b7200000, 0x00000000b7300000|  0%| F|  |TAMS 0x00000000b7200000, 0x00000000b7200000| Untracked 
| 883|0x00000000b7300000, 0x00000000b7300000, 0x00000000b7400000|  0%| F|  |TAMS 0x00000000b7300000, 0x00000000b7300000| Untracked 
| 884|0x00000000b7400000, 0x00000000b7400000, 0x00000000b7500000|  0%| F|  |TAMS 0x00000000b7400000, 0x00000000b7400000| Untracked 
| 885|0x00000000b7500000, 0x00000000b7500000, 0x00000000b7600000|  0%| F|  |TAMS 0x00000000b7500000, 0x00000000b7500000| Untracked 
| 886|0x00000000b7600000, 0x00000000b7600000, 0x00000000b7700000|  0%| F|  |TAMS 0x00000000b7600000, 0x00000000b7600000| Untracked 
| 887|0x00000000b7700000, 0x00000000b7700000, 0x00000000b7800000|  0%| F|  |TAMS 0x00000000b7700000, 0x00000000b7700000| Untracked 
|1999|0x00000000fcf00000, 0x00000000fd000000, 0x00000000fd000000|100%| O|  |TAMS 0x00000000fd000000, 0x00000000fd000000| Untracked 
|2000|0x00000000fd000000, 0x00000000fd100000, 0x00000000fd100000|100%| O|  |TAMS 0x00000000fd100000, 0x00000000fd100000| Untracked 
|2001|0x00000000fd100000, 0x00000000fd200000, 0x00000000fd200000|100%| O|  |TAMS 0x00000000fd200000, 0x00000000fd200000| Untracked 
|2002|0x00000000fd200000, 0x00000000fd300000, 0x00000000fd300000|100%| O|  |TAMS 0x00000000fd300000, 0x00000000fd300000| Untracked 
|2003|0x00000000fd300000, 0x00000000fd400000, 0x00000000fd400000|100%| O|  |TAMS 0x00000000fd400000, 0x00000000fd400000| Untracked 
|2004|0x00000000fd400000, 0x00000000fd500000, 0x00000000fd500000|100%| O|  |TAMS 0x00000000fd500000, 0x00000000fd500000| Untracked 
|2005|0x00000000fd500000, 0x00000000fd600000, 0x00000000fd600000|100%| O|  |TAMS 0x00000000fd600000, 0x00000000fd600000| Untracked 
|2006|0x00000000fd600000, 0x00000000fd700000, 0x00000000fd700000|100%| O|  |TAMS 0x00000000fd700000, 0x00000000fd700000| Untracked 
|2007|0x00000000fd700000, 0x00000000fd800000, 0x00000000fd800000|100%| O|  |TAMS 0x00000000fd800000, 0x00000000fd800000| Untracked 
|2008|0x00000000fd800000, 0x00000000fd900000, 0x00000000fd900000|100%| O|  |TAMS 0x00000000fd900000, 0x00000000fd900000| Untracked 
|2009|0x00000000fd900000, 0x00000000fda00000, 0x00000000fda00000|100%| O|  |TAMS 0x00000000fda00000, 0x00000000fda00000| Untracked 
|2010|0x00000000fda00000, 0x00000000fdb00000, 0x00000000fdb00000|100%| O|  |TAMS 0x00000000fdb00000, 0x00000000fdb00000| Untracked 
|2011|0x00000000fdb00000, 0x00000000fdc00000, 0x00000000fdc00000|100%| O|  |TAMS 0x00000000fdc00000, 0x00000000fdc00000| Untracked 
|2012|0x00000000fdc00000, 0x00000000fdd00000, 0x00000000fdd00000|100%| O|  |TAMS 0x00000000fdd00000, 0x00000000fdd00000| Untracked 
|2013|0x00000000fdd00000, 0x00000000fde00000, 0x00000000fde00000|100%| O|  |TAMS 0x00000000fde00000, 0x00000000fde00000| Untracked 
|2014|0x00000000fde00000, 0x00000000fdf00000, 0x00000000fdf00000|100%| O|  |TAMS 0x00000000fdf00000, 0x00000000fdf00000| Untracked 
|2015|0x00000000fdf00000, 0x00000000fe000000, 0x00000000fe000000|100%| O|  |TAMS 0x00000000fe000000, 0x00000000fe000000| Untracked 
|2016|0x00000000fe000000, 0x00000000fe100000, 0x00000000fe100000|100%| O|  |TAMS 0x00000000fe100000, 0x00000000fe100000| Untracked 
|2017|0x00000000fe100000, 0x00000000fe200000, 0x00000000fe200000|100%| O|  |TAMS 0x00000000fe200000, 0x00000000fe200000| Untracked 
|2018|0x00000000fe200000, 0x00000000fe300000, 0x00000000fe300000|100%| O|  |TAMS 0x00000000fe300000, 0x00000000fe300000| Untracked 
|2019|0x00000000fe300000, 0x00000000fe300000, 0x00000000fe400000|  0%| F|  |TAMS 0x00000000fe300000, 0x00000000fe300000| Untracked 
|2020|0x00000000fe400000, 0x00000000fe400000, 0x00000000fe500000|  0%| F|  |TAMS 0x00000000fe400000, 0x00000000fe400000| Untracked 
|2021|0x00000000fe500000, 0x00000000fe500000, 0x00000000fe600000|  0%| F|  |TAMS 0x00000000fe500000, 0x00000000fe500000| Untracked 
|2022|0x00000000fe600000, 0x00000000fe600000, 0x00000000fe700000|  0%| F|  |TAMS 0x00000000fe600000, 0x00000000fe600000| Untracked 
|2023|0x00000000fe700000, 0x00000000fe700000, 0x00000000fe800000|  0%| F|  |TAMS 0x00000000fe700000, 0x00000000fe700000| Untracked 
|2024|0x00000000fe800000, 0x00000000fe800000, 0x00000000fe900000|  0%| F|  |TAMS 0x00000000fe800000, 0x00000000fe800000| Untracked 
|2025|0x00000000fe900000, 0x00000000fe900000, 0x00000000fea00000|  0%| F|  |TAMS 0x00000000fe900000, 0x00000000fe900000| Untracked 
|2026|0x00000000fea00000, 0x00000000fea00000, 0x00000000feb00000|  0%| F|  |TAMS 0x00000000fea00000, 0x00000000fea00000| Untracked 
|2027|0x00000000feb00000, 0x00000000feb00000, 0x00000000fec00000|  0%| F|  |TAMS 0x00000000feb00000, 0x00000000feb00000| Untracked 
|2028|0x00000000fec00000, 0x00000000fed00000, 0x00000000fed00000|100%| O|  |TAMS 0x00000000fed00000, 0x00000000fed00000| Untracked 
|2029|0x00000000fed00000, 0x00000000fee00000, 0x00000000fee00000|100%| O|  |TAMS 0x00000000fee00000, 0x00000000fee00000| Untracked 
|2030|0x00000000fee00000, 0x00000000fef00000, 0x00000000fef00000|100%| O|  |TAMS 0x00000000fef00000, 0x00000000fef00000| Untracked 
|2031|0x00000000fef00000, 0x00000000fef00000, 0x00000000ff000000|  0%| F|  |TAMS 0x00000000fef00000, 0x00000000fef00000| Untracked 
|2032|0x00000000ff000000, 0x00000000ff100000, 0x00000000ff100000|100%| O|  |TAMS 0x00000000ff100000, 0x00000000ff100000| Untracked 
|2033|0x00000000ff100000, 0x00000000ff200000, 0x00000000ff200000|100%| O|  |TAMS 0x00000000ff200000, 0x00000000ff200000| Untracked 
|2034|0x00000000ff200000, 0x00000000ff200000, 0x00000000ff300000|  0%| F|  |TAMS 0x00000000ff200000, 0x00000000ff200000| Untracked 
|2035|0x00000000ff300000, 0x00000000ff300000, 0x00000000ff400000|  0%| F|  |TAMS 0x00000000ff300000, 0x00000000ff300000| Untracked 
|2036|0x00000000ff400000, 0x00000000ff400000, 0x00000000ff500000|  0%| F|  |TAMS 0x00000000ff400000, 0x00000000ff400000| Untracked 
|2037|0x00000000ff500000, 0x00000000ff500000, 0x00000000ff600000|  0%| F|  |TAMS 0x00000000ff500000, 0x00000000ff500000| Untracked 
|2038|0x00000000ff600000, 0x00000000ff600000, 0x00000000ff700000|  0%| F|  |TAMS 0x00000000ff600000, 0x00000000ff600000| Untracked 
|2039|0x00000000ff700000, 0x00000000ff700000, 0x00000000ff800000|  0%| F|  |TAMS 0x00000000ff700000, 0x00000000ff700000| Untracked 
|2040|0x00000000ff800000, 0x00000000ff800000, 0x00000000ff900000|  0%| F|  |TAMS 0x00000000ff800000, 0x00000000ff800000| Untracked 
|2041|0x00000000ff900000, 0x00000000ff900000, 0x00000000ffa00000|  0%| F|  |TAMS 0x00000000ff900000, 0x00000000ff900000| Untracked 
|2042|0x00000000ffa00000, 0x00000000ffa00000, 0x00000000ffb00000|  0%| F|  |TAMS 0x00000000ffa00000, 0x00000000ffa00000| Untracked 
|2043|0x00000000ffb00000, 0x00000000ffb00000, 0x00000000ffc00000|  0%| F|  |TAMS 0x00000000ffb00000, 0x00000000ffb00000| Untracked 
|2044|0x00000000ffc00000, 0x00000000ffc00000, 0x00000000ffd00000|  0%| F|  |TAMS 0x00000000ffc00000, 0x00000000ffc00000| Untracked 
|2045|0x00000000ffd00000, 0x00000000ffd00000, 0x00000000ffe00000|  0%| F|  |TAMS 0x00000000ffd00000, 0x00000000ffd00000| Untracked 
|2046|0x00000000ffe00000, 0x00000000ffe00000, 0x00000000fff00000|  0%| F|  |TAMS 0x00000000ffe00000, 0x00000000ffe00000| Untracked 
|2047|0x00000000fff00000, 0x00000000fff00000, 0x0000000100000000|  0%| F|  |TAMS 0x00000000fff00000, 0x00000000fff00000| Untracked 

Card table byte_map: [0x000001f265300000,0x000001f265700000] _byte_map_base: 0x000001f264f00000

Marking Bits (Prev, Next): (CMBitMap*) 0x000001f2519ac470, (CMBitMap*) 0x000001f2519ac4b0
 Prev Bits: [0x000001f265b00000, 0x000001f267b00000)
 Next Bits: [0x000001f267b00000, 0x000001f269b00000)

Polling page: 0x000001f24fb10000

Metaspace:

Usage:
  Non-class:    152.48 MB used.
      Class:     22.99 MB used.
       Both:    175.47 MB used.

Virtual space:
  Non-class space:      192.00 MB reserved,     153.44 MB ( 80%) committed,  3 nodes.
      Class space:        1.00 GB reserved,      23.88 MB (  2%) committed,  1 nodes.
             Both:        1.19 GB reserved,     177.31 MB ( 15%) committed. 

Chunk freelists:
   Non-Class:  6.61 MB
       Class:  8.25 MB
        Both:  14.86 MB

MaxMetaspaceSize: unlimited
CompressedClassSpaceSize: 1.00 GB
Initial GC threshold: 21.00 MB
Current GC threshold: 295.56 MB
CDS: on
MetaspaceReclaimPolicy: balanced
 - commit_granule_bytes: 65536.
 - commit_granule_words: 8192.
 - virtual_space_node_default_size: 8388608.
 - enlarge_chunks_in_place: 1.
 - new_chunks_are_fully_committed: 0.
 - uncommit_free_chunks: 1.
 - use_allocation_guard: 0.
 - handle_deallocations: 1.


Internal statistics:

num_allocs_failed_limit: 9.
num_arena_births: 4398.
num_arena_deaths: 1234.
num_vsnodes_births: 4.
num_vsnodes_deaths: 0.
num_space_committed: 2864.
num_space_uncommitted: 29.
num_chunks_returned_to_freelist: 1872.
num_chunks_taken_from_freelist: 13167.
num_chunk_merges: 609.
num_chunk_splits: 7683.
num_chunks_enlarged: 4317.
num_inconsistent_stats: 0.

CodeHeap 'non-profiled nmethods': size=119168Kb used=47836Kb max_used=47836Kb free=71332Kb
 bounds [0x000001f25ccd0000, 0x000001f25fb90000, 0x000001f264130000]
CodeHeap 'profiled nmethods': size=119104Kb used=71278Kb max_used=71278Kb free=47825Kb
 bounds [0x000001f255130000, 0x000001f2596e0000, 0x000001f25c580000]
CodeHeap 'non-nmethods': size=7488Kb used=3714Kb max_used=4385Kb free=3773Kb
 bounds [0x000001f25c580000, 0x000001f25c9e0000, 0x000001f25ccd0000]
 total_blobs=38817 nmethods=37678 adapters=1047
 compilation: enabled
              stopped_count=0, restarted_count=0
 full_count=0

Compilation events (20 events):
Event: 11178.502 Thread 0x000001f27c7dbea0 50827       4       com.android.tools.r8.internal.l32::a (1138 bytes)
Event: 11178.502 Thread 0x000001f27c222db0 50831       3       com.android.tools.r8.graph.xa$c::a (782 bytes)
Event: 11178.502 Thread 0x000001f27c2242f0 nmethod 50829 0x000001f2596cd990 code [0x000001f2596cdb80, 0x000001f2596cdee8]
Event: 11178.502 Thread 0x000001f26d2896a0 nmethod 50828 0x000001f2596ce010 code [0x000001f2596ce240, 0x000001f2596cea98]
Event: 11178.502 Thread 0x000001f27c2242f0 50833       3       com.android.tools.r8.internal.zh2::b (148 bytes)
Event: 11178.503 Thread 0x000001f2457baa90 50830       4       com.android.tools.r8.internal.fn::c (284 bytes)
Event: 11178.503 Thread 0x000001f27c2242f0 nmethod 50833 0x000001f2596cee10 code [0x000001f2596cf020, 0x000001f2596cf768]
Event: 11178.503 Thread 0x000001f27c2242f0 50835       3       com.android.tools.r8.internal.ol::a (140 bytes)
Event: 11178.503 Thread 0x000001f26d2896a0 50836       3       com.android.tools.r8.internal.t40::equals (56 bytes)
Event: 11178.504 Thread 0x000001f26d2896a0 nmethod 50836 0x000001f2596cfa10 code [0x000001f2596cfbe0, 0x000001f2596cffd8]
Event: 11178.504 Thread 0x000001f27c2242f0 nmethod 50835 0x000001f2596d0110 code [0x000001f2596d03a0, 0x000001f2596d0ff8]
Event: 11178.505 Thread 0x000001f27c2242f0 50848       3       java.util.HashMap::replacementNode (21 bytes)
Event: 11178.505 Thread 0x000001f27c2242f0 nmethod 50848 0x000001f2596d1290 code [0x000001f2596d1440, 0x000001f2596d1798]
Event: 11178.506 Thread 0x000001f27c222db0 nmethod 50831 0x000001f2596d1910 code [0x000001f2596d20e0, 0x000001f2596d7078]
Event: 11178.506 Thread 0x000001f2457bb530 nmethod 50810 0x000001f25fb81b90 code [0x000001f25fb81d60, 0x000001f25fb82090]
Event: 11178.506 Thread 0x000001f2457bb530 50844       4       com.android.tools.r8.internal.qk2::a (448 bytes)
Event: 11178.509 Thread 0x000001f27b8b5800 nmethod 50738 0x000001f25fb82510 code [0x000001f25fb82760, 0x000001f25fb835d0]
Event: 11178.509 Thread 0x000001f27b8b5800 50853       4       com.android.tools.r8.internal.em1::a (84 bytes)
Event: 11178.509 Thread 0x000001f27b8b62a0 nmethod 50747 0x000001f25fb84110 code [0x000001f25fb843c0, 0x000001f25fb86020]
Event: 11178.509 Thread 0x000001f27b8b62a0 50854       4       com.android.tools.r8.internal.l32::d (65 bytes)

GC Heap History (20 events):
Event: 11173.815 GC heap after
{Heap after GC invocations=158 (full 1):
 garbage-first heap   total 768000K, used 196894K [0x0000000080000000, 0x0000000100000000)
  region size 1024K, 13 young (13312K), 13 survivors (13312K)
 Metaspace       used 180129K, committed 182016K, reserved 1245184K
  class space    used 23581K, committed 24448K, reserved 1048576K
}
Event: 11174.187 GC heap before
{Heap before GC invocations=159 (full 1):
 garbage-first heap   total 768000K, used 644382K [0x0000000080000000, 0x0000000100000000)
  region size 1024K, 382 young (391168K), 13 survivors (13312K)
 Metaspace       used 179590K, committed 181568K, reserved 1245184K
  class space    used 23537K, committed 24448K, reserved 1048576K
}
Event: 11174.231 GC heap after
{Heap after GC invocations=160 (full 1):
 garbage-first heap   total 794624K, used 347728K [0x0000000080000000, 0x0000000100000000)
  region size 1024K, 48 young (49152K), 48 survivors (49152K)
 Metaspace       used 179590K, committed 181568K, reserved 1245184K
  class space    used 23537K, committed 24448K, reserved 1048576K
}
Event: 11174.240 GC heap before
{Heap before GC invocations=160 (full 1):
 garbage-first heap   total 794624K, used 349776K [0x0000000080000000, 0x0000000100000000)
  region size 1024K, 50 young (51200K), 48 survivors (49152K)
 Metaspace       used 179590K, committed 181568K, reserved 1245184K
  class space    used 23537K, committed 24448K, reserved 1048576K
}
Event: 11174.257 GC heap after
{Heap after GC invocations=161 (full 1):
 garbage-first heap   total 794624K, used 346425K [0x0000000080000000, 0x0000000100000000)
  region size 1024K, 6 young (6144K), 6 survivors (6144K)
 Metaspace       used 179590K, committed 181568K, reserved 1245184K
  class space    used 23537K, committed 24448K, reserved 1048576K
}
Event: 11174.268 GC heap before
{Heap before GC invocations=161 (full 1):
 garbage-first heap   total 794624K, used 349497K [0x0000000080000000, 0x0000000100000000)
  region size 1024K, 10 young (10240K), 6 survivors (6144K)
 Metaspace       used 179590K, committed 181568K, reserved 1245184K
  class space    used 23537K, committed 24448K, reserved 1048576K
}
Event: 11174.270 GC heap after
{Heap after GC invocations=162 (full 1):
 garbage-first heap   total 794624K, used 342321K [0x0000000080000000, 0x0000000100000000)
  region size 1024K, 2 young (2048K), 2 survivors (2048K)
 Metaspace       used 179590K, committed 181568K, reserved 1245184K
  class space    used 23537K, committed 24448K, reserved 1048576K
}
Event: 11174.696 GC heap before
{Heap before GC invocations=163 (full 1):
 garbage-first heap   total 794624K, used 589105K [0x0000000080000000, 0x0000000100000000)
  region size 1024K, 213 young (218112K), 2 survivors (2048K)
 Metaspace       used 179590K, committed 181568K, reserved 1245184K
  class space    used 23537K, committed 24448K, reserved 1048576K
}
Event: 11174.703 GC heap after
{Heap after GC invocations=164 (full 1):
 garbage-first heap   total 794624K, used 385134K [0x0000000080000000, 0x0000000100000000)
  region size 1024K, 15 young (15360K), 15 survivors (15360K)
 Metaspace       used 179590K, committed 181568K, reserved 1245184K
  class space    used 23537K, committed 24448K, reserved 1048576K
}
Event: 11174.740 GC heap before
{Heap before GC invocations=164 (full 1):
 garbage-first heap   total 794624K, used 411758K [0x0000000080000000, 0x0000000100000000)
  region size 1024K, 38 young (38912K), 15 survivors (15360K)
 Metaspace       used 179590K, committed 181568K, reserved 1245184K
  class space    used 23537K, committed 24448K, reserved 1048576K
}
Event: 11174.746 GC heap after
{Heap after GC invocations=165 (full 1):
 garbage-first heap   total 794624K, used 387586K [0x0000000080000000, 0x0000000100000000)
  region size 1024K, 5 young (5120K), 5 survivors (5120K)
 Metaspace       used 179590K, committed 181568K, reserved 1245184K
  class space    used 23537K, committed 24448K, reserved 1048576K
}
Event: 11174.765 GC heap before
{Heap before GC invocations=165 (full 1):
 garbage-first heap   total 794624K, used 397826K [0x0000000080000000, 0x0000000100000000)
  region size 1024K, 17 young (17408K), 5 survivors (5120K)
 Metaspace       used 179590K, committed 181568K, reserved 1245184K
  class space    used 23537K, committed 24448K, reserved 1048576K
}
Event: 11174.767 GC heap after
{Heap after GC invocations=166 (full 1):
 garbage-first heap   total 794624K, used 389762K [0x0000000080000000, 0x0000000100000000)
  region size 1024K, 8 young (8192K), 8 survivors (8192K)
 Metaspace       used 179590K, committed 181568K, reserved 1245184K
  class space    used 23537K, committed 24448K, reserved 1048576K
}
Event: 11174.860 GC heap before
{Heap before GC invocations=166 (full 1):
 garbage-first heap   total 959488K, used 610946K [0x0000000080000000, 0x0000000100000000)
  region size 1024K, 200 young (204800K), 8 survivors (8192K)
 Metaspace       used 179594K, committed 181568K, reserved 1245184K
  class space    used 23537K, committed 24448K, reserved 1048576K
}
Event: 11174.866 GC heap after
{Heap after GC invocations=167 (full 1):
 garbage-first heap   total 959488K, used 421639K [0x0000000080000000, 0x0000000100000000)
  region size 1024K, 16 young (16384K), 16 survivors (16384K)
 Metaspace       used 179594K, committed 181568K, reserved 1245184K
  class space    used 23537K, committed 24448K, reserved 1048576K
}
Event: 11178.451 GC heap before
{Heap before GC invocations=168 (full 1):
 garbage-first heap   total 959488K, used 728839K [0x0000000080000000, 0x0000000100000000)
  region size 1024K, 288 young (294912K), 16 survivors (16384K)
 Metaspace       used 179640K, committed 181568K, reserved 1245184K
  class space    used 23542K, committed 24448K, reserved 1048576K
}
Event: 11178.454 GC heap after
{Heap after GC invocations=169 (full 1):
 garbage-first heap   total 959488K, used 388441K [0x0000000080000000, 0x0000000100000000)
  region size 1024K, 11 young (11264K), 11 survivors (11264K)
 Metaspace       used 179640K, committed 181568K, reserved 1245184K
  class space    used 23542K, committed 24448K, reserved 1048576K
}
Event: 11178.460 GC heap before
{Heap before GC invocations=169 (full 1):
 garbage-first heap   total 959488K, used 423257K [0x0000000080000000, 0x0000000100000000)
  region size 1024K, 46 young (47104K), 11 survivors (11264K)
 Metaspace       used 179651K, committed 181568K, reserved 1245184K
  class space    used 23542K, committed 24448K, reserved 1048576K
}
Event: 11178.464 GC heap after
{Heap after GC invocations=170 (full 1):
 garbage-first heap   total 959488K, used 389709K [0x0000000080000000, 0x0000000100000000)
  region size 1024K, 6 young (6144K), 6 survivors (6144K)
 Metaspace       used 179651K, committed 181568K, reserved 1245184K
  class space    used 23542K, committed 24448K, reserved 1048576K
}
Event: 11178.511 GC heap before
{Heap before GC invocations=170 (full 1):
 garbage-first heap   total 959488K, used 706125K [0x0000000080000000, 0x0000000100000000)
  region size 1024K, 316 young (323584K), 6 survivors (6144K)
 Metaspace       used 179685K, committed 181568K, reserved 1245184K
  class space    used 23542K, committed 24448K, reserved 1048576K
}

Dll operation events (4 events):
Event: 0.012 Loaded shared library C:\Users\Wire\.jdks\jbr-17.0.14\bin\java.dll
Event: 0.024 Loaded shared library C:\Users\Wire\.jdks\jbr-17.0.14\bin\jsvml.dll
Event: 0.052 Loaded shared library C:\Users\Wire\.jdks\jbr-17.0.14\bin\zip.dll
Event: 0.252 Loaded shared library C:\Users\Wire\.jdks\jbr-17.0.14\bin\verify.dll

Deoptimization events (20 events):
Event: 11178.321 Thread 0x000001f249231380 DEOPT PACKING pc=0x000001f258de78c9 sp=0x0000000c86cfbd10
Event: 11178.321 Thread 0x000001f249231380 DEOPT UNPACKING pc=0x000001f25c5d7143 sp=0x0000000c86cfb1d0 mode 0
Event: 11178.321 Thread 0x000001f249231380 DEOPT PACKING pc=0x000001f255cff554 sp=0x0000000c86cfbf80
Event: 11178.321 Thread 0x000001f249231380 DEOPT UNPACKING pc=0x000001f25c5d7143 sp=0x0000000c86cfb530 mode 0
Event: 11178.323 Thread 0x000001f249231380 DEOPT PACKING pc=0x000001f258de78c9 sp=0x0000000c86cfbd10
Event: 11178.323 Thread 0x000001f249231380 DEOPT UNPACKING pc=0x000001f25c5d7143 sp=0x0000000c86cfb1d0 mode 0
Event: 11178.324 Thread 0x000001f249231380 DEOPT PACKING pc=0x000001f255cff28c sp=0x0000000c86cfbf80
Event: 11178.324 Thread 0x000001f249231380 DEOPT UNPACKING pc=0x000001f25c5d7143 sp=0x0000000c86cfb530 mode 0
Event: 11178.327 Thread 0x000001f249231380 DEOPT PACKING pc=0x000001f255cff28c sp=0x0000000c86cfbf80
Event: 11178.327 Thread 0x000001f249231380 DEOPT UNPACKING pc=0x000001f25c5d7143 sp=0x0000000c86cfb530 mode 0
Event: 11178.330 Thread 0x000001f249231380 DEOPT PACKING pc=0x000001f255cff554 sp=0x0000000c86cfbf80
Event: 11178.330 Thread 0x000001f249231380 DEOPT UNPACKING pc=0x000001f25c5d7143 sp=0x0000000c86cfb530 mode 0
Event: 11178.496 Thread 0x000001f278f6ad80 Uncommon trap: trap_request=0xffffff6e fr.pc=0x000001f25ee3d5f4 relative=0x0000000000001154
Event: 11178.496 Thread 0x000001f278f6ad80 Uncommon trap: reason=loop_limit_check action=maybe_recompile pc=0x000001f25ee3d5f4 method=com.android.tools.r8.internal.fn.c(Lcom/android/tools/r8/internal/r31;)V @ 52 c2
Event: 11178.496 Thread 0x000001f278f6ad80 DEOPT PACKING pc=0x000001f25ee3d5f4 sp=0x0000000c8d0fd110
Event: 11178.496 Thread 0x000001f278f6ad80 DEOPT UNPACKING pc=0x000001f25c5d69a3 sp=0x0000000c8d0fd128 mode 2
Event: 11178.505 Thread 0x000001f278f6ad80 DEOPT PACKING pc=0x000001f255e05566 sp=0x0000000c8d0fd2c0
Event: 11178.505 Thread 0x000001f278f6ad80 DEOPT UNPACKING pc=0x000001f25c5d7143 sp=0x0000000c8d0fc8f8 mode 0
Event: 11178.509 Thread 0x000001f278f6b7a0 DEOPT PACKING pc=0x000001f2580bc1de sp=0x0000000c8ccfcf50
Event: 11178.509 Thread 0x000001f278f6b7a0 DEOPT UNPACKING pc=0x000001f25c5d7143 sp=0x0000000c8ccfc470 mode 0

Classes loaded (20 events):
Event: 4066.945 Loading class sun/nio/cs/Surrogate
Event: 4066.945 Loading class sun/nio/cs/Surrogate done
Event: 4069.307 Loading class jdk/internal/reflect/UnsafeQualifiedStaticIntegerFieldAccessorImpl
Event: 4069.307 Loading class jdk/internal/reflect/UnsafeQualifiedStaticIntegerFieldAccessorImpl done
Event: 4073.689 Loading class java/util/ServiceLoader$ProviderSpliterator
Event: 4073.690 Loading class java/util/ServiceLoader$ProviderSpliterator done
Event: 4073.770 Loading class jdk/internal/jrtfs/JrtFileSystemProvider$1
Event: 4073.770 Loading class jdk/internal/jrtfs/JrtFileSystemProvider$1 done
Event: 4073.770 Loading class jdk/internal/jrtfs/JrtFileSystemProvider$JrtFsLoader
Event: 4073.770 Loading class jdk/internal/jrtfs/JrtFileSystemProvider$JrtFsLoader done
Event: 4073.774 Loading class java/io/IOError
Event: 4073.774 Loading class java/io/IOError done
Event: 4073.992 Loading class java/util/regex/Pattern$Pos
Event: 4073.992 Loading class java/util/regex/Pattern$Pos done
Event: 4074.000 Loading class java/util/function/ToIntBiFunction
Event: 4074.000 Loading class java/util/function/ToIntBiFunction done
Event: 4074.720 Loading class sun/nio/cs/US_ASCII$Decoder
Event: 4074.720 Loading class sun/nio/cs/US_ASCII$Decoder done
Event: 5841.865 Loading class sun/rmi/transport/ObjectTable$1
Event: 5841.865 Loading class sun/rmi/transport/ObjectTable$1 done

Classes unloaded (20 events):
Event: 11173.846 Thread 0x000001f26d27d970 Unloading class 0x000001f201fead20 'com/bumptech/glide/annotation/compiler/RequestBuilderGenerator'
Event: 11173.846 Thread 0x000001f26d27d970 Unloading class 0x000001f201feaaf0 'com/bumptech/glide/annotation/compiler/GlideGenerator'
Event: 11173.846 Thread 0x000001f26d27d970 Unloading class 0x000001f201fea8c0 'com/bumptech/glide/annotation/compiler/RequestManagerFactoryGenerator'
Event: 11173.846 Thread 0x000001f26d27d970 Unloading class 0x000001f201fea690 'com/bumptech/glide/annotation/compiler/RequestManagerGenerator'
Event: 11173.846 Thread 0x000001f26d27d970 Unloading class 0x000001f201fea460 'com/bumptech/glide/annotation/compiler/RequestOptionsOverrideGenerator'
Event: 11173.846 Thread 0x000001f26d27d970 Unloading class 0x000001f201fea230 'com/bumptech/glide/annotation/compiler/RequestOptionsGenerator'
Event: 11173.846 Thread 0x000001f26d27d970 Unloading class 0x000001f201fea000 'com/bumptech/glide/annotation/compiler/AppModuleGenerator'
Event: 11173.846 Thread 0x000001f26d27d970 Unloading class 0x000001f2027e1dc0 'com/bumptech/glide/annotation/compiler/AppModuleProcessor'
Event: 11173.846 Thread 0x000001f26d27d970 Unloading class 0x000001f2027e1b90 'com/bumptech/glide/annotation/compiler/LibraryModuleProcessor'
Event: 11173.846 Thread 0x000001f26d27d970 Unloading class 0x000001f2027e1960 'com/bumptech/glide/annotation/compiler/IndexerGenerator'
Event: 11173.846 Thread 0x000001f26d27d970 Unloading class 0x000001f2027e1738 'com/bumptech/glide/repackaged/com/squareup/javapoet/Util'
Event: 11173.846 Thread 0x000001f26d27d970 Unloading class 0x000001f2027e14d0 'com/bumptech/glide/repackaged/com/squareup/javapoet/TypeVariableName'
Event: 11173.846 Thread 0x000001f26d27d970 Unloading class 0x000001f2027e1268 'com/bumptech/glide/repackaged/com/squareup/javapoet/ParameterizedTypeName'
Event: 11173.846 Thread 0x000001f26d27d970 Unloading class 0x000001f2027e1000 'com/bumptech/glide/repackaged/com/squareup/javapoet/ArrayTypeName'
Event: 11173.846 Thread 0x000001f26d27d970 Unloading class 0x000001f2016634a0 'com/bumptech/glide/repackaged/com/google/common/base/Function'
Event: 11173.846 Thread 0x000001f26d27d970 Unloading class 0x000001f201663280 'com/bumptech/glide/repackaged/com/google/common/base/Predicate'
Event: 11173.846 Thread 0x000001f26d27d970 Unloading class 0x000001f201663000 'com/bumptech/glide/repackaged/com/squareup/javapoet/ClassName'
Event: 11173.846 Thread 0x000001f26d27d970 Unloading class 0x000001f2019554d8 'com/bumptech/glide/repackaged/com/squareup/javapoet/TypeName'
Event: 11173.846 Thread 0x000001f26d27d970 Unloading class 0x000001f2019552a8 'com/bumptech/glide/annotation/compiler/ProcessorUtil'
Event: 11173.846 Thread 0x000001f26d27d970 Unloading class 0x000001f201955000 'com/bumptech/glide/annotation/compiler/GlideAnnotationProcessor'

Classes redefined (0 events):
No events

Internal exceptions (20 events):
Event: 11178.437 Thread 0x000001f249230960 Exception <a 'sun/nio/fs/WindowsException'{0x00000000a7fafb70}> (0x00000000a7fafb70) 
thrown [s\src\hotspot\share\prims\jni.cpp, line 531]
Event: 11178.437 Thread 0x000001f249230960 Exception <a 'sun/nio/fs/WindowsException'{0x00000000a7fb0ce8}> (0x00000000a7fb0ce8) 
thrown [s\src\hotspot\share\prims\jni.cpp, line 531]
Event: 11178.437 Thread 0x000001f249230960 Exception <a 'sun/nio/fs/WindowsException'{0x00000000a7fb2ea0}> (0x00000000a7fb2ea0) 
thrown [s\src\hotspot\share\prims\jni.cpp, line 531]
Event: 11178.438 Thread 0x000001f249230960 Exception <a 'sun/nio/fs/WindowsException'{0x00000000a7fb4018}> (0x00000000a7fb4018) 
thrown [s\src\hotspot\share\prims\jni.cpp, line 531]
Event: 11178.438 Thread 0x000001f249230960 Exception <a 'sun/nio/fs/WindowsException'{0x00000000a7fb7c10}> (0x00000000a7fb7c10) 
thrown [s\src\hotspot\share\prims\jni.cpp, line 531]
Event: 11178.439 Thread 0x000001f249230960 Exception <a 'sun/nio/fs/WindowsException'{0x00000000a7fb8d88}> (0x00000000a7fb8d88) 
thrown [s\src\hotspot\share\prims\jni.cpp, line 531]
Event: 11178.439 Thread 0x000001f249230960 Exception <a 'sun/nio/fs/WindowsException'{0x00000000a7fbaf20}> (0x00000000a7fbaf20) 
thrown [s\src\hotspot\share\prims\jni.cpp, line 531]
Event: 11178.439 Thread 0x000001f249230960 Exception <a 'sun/nio/fs/WindowsException'{0x00000000a7fbc098}> (0x00000000a7fbc098) 
thrown [s\src\hotspot\share\prims\jni.cpp, line 531]
Event: 11178.440 Thread 0x000001f249230960 Exception <a 'sun/nio/fs/WindowsException'{0x00000000a7fbe230}> (0x00000000a7fbe230) 
thrown [s\src\hotspot\share\prims\jni.cpp, line 531]
Event: 11178.440 Thread 0x000001f249230960 Exception <a 'sun/nio/fs/WindowsException'{0x00000000a7fbf3a8}> (0x00000000a7fbf3a8) 
thrown [s\src\hotspot\share\prims\jni.cpp, line 531]
Event: 11178.440 Thread 0x000001f249230960 Exception <a 'sun/nio/fs/WindowsException'{0x00000000a7fc5070}> (0x00000000a7fc5070) 
thrown [s\src\hotspot\share\prims\jni.cpp, line 531]
Event: 11178.441 Thread 0x000001f249230960 Exception <a 'sun/nio/fs/WindowsException'{0x00000000a7fc61e8}> (0x00000000a7fc61e8) 
thrown [s\src\hotspot\share\prims\jni.cpp, line 531]
Event: 11178.441 Thread 0x000001f249230960 Exception <a 'sun/nio/fs/WindowsException'{0x00000000a7fc8380}> (0x00000000a7fc8380) 
thrown [s\src\hotspot\share\prims\jni.cpp, line 531]
Event: 11178.442 Thread 0x000001f249230960 Exception <a 'sun/nio/fs/WindowsException'{0x00000000a7fc94f8}> (0x00000000a7fc94f8) 
thrown [s\src\hotspot\share\prims\jni.cpp, line 531]
Event: 11178.442 Thread 0x000001f249230960 Exception <a 'sun/nio/fs/WindowsException'{0x00000000a7fcb690}> (0x00000000a7fcb690) 
thrown [s\src\hotspot\share\prims\jni.cpp, line 531]
Event: 11178.442 Thread 0x000001f249230960 Exception <a 'sun/nio/fs/WindowsException'{0x00000000a7fceb58}> (0x00000000a7fceb58) 
thrown [s\src\hotspot\share\prims\jni.cpp, line 531]
Event: 11178.443 Thread 0x000001f249230960 Exception <a 'sun/nio/fs/WindowsException'{0x00000000a7fd0cf0}> (0x00000000a7fd0cf0) 
thrown [s\src\hotspot\share\prims\jni.cpp, line 531]
Event: 11178.443 Thread 0x000001f249230960 Exception <a 'sun/nio/fs/WindowsException'{0x00000000a7fd1e68}> (0x00000000a7fd1e68) 
thrown [s\src\hotspot\share\prims\jni.cpp, line 531]
Event: 11178.444 Thread 0x000001f249230960 Exception <a 'sun/nio/fs/WindowsException'{0x00000000a7fd4000}> (0x00000000a7fd4000) 
thrown [s\src\hotspot\share\prims\jni.cpp, line 531]
Event: 11178.444 Thread 0x000001f249230960 Exception <a 'sun/nio/fs/WindowsException'{0x00000000a7fd5178}> (0x00000000a7fd5178) 
thrown [s\src\hotspot\share\prims\jni.cpp, line 531]

VM Operations (20 events):
Event: 11174.746 Executing VM operation: G1CollectForAllocation done
Event: 11174.765 Executing VM operation: G1TryInitiateConcMark
Event: 11174.767 Executing VM operation: G1TryInitiateConcMark done
Event: 11174.841 Executing VM operation: G1PauseRemark
Event: 11174.846 Executing VM operation: G1PauseRemark done
Event: 11174.859 Executing VM operation: G1CollectForAllocation
Event: 11174.866 Executing VM operation: G1CollectForAllocation done
Event: 11174.881 Executing VM operation: G1PauseCleanup
Event: 11174.882 Executing VM operation: G1PauseCleanup done
Event: 11174.990 Executing VM operation: HandshakeAllThreads
Event: 11174.990 Executing VM operation: HandshakeAllThreads done
Event: 11175.990 Executing VM operation: Cleanup
Event: 11175.990 Executing VM operation: Cleanup done
Event: 11176.990 Executing VM operation: Cleanup
Event: 11176.990 Executing VM operation: Cleanup done
Event: 11178.451 Executing VM operation: G1CollectForAllocation
Event: 11178.454 Executing VM operation: G1CollectForAllocation done
Event: 11178.460 Executing VM operation: G1CollectForAllocation
Event: 11178.464 Executing VM operation: G1CollectForAllocation done
Event: 11178.511 Executing VM operation: G1CollectForAllocation

Memory protections (0 events):
No events

Nmethod flushes (20 events):
Event: 11175.014 Thread 0x000001f26d289fb0 flushing  nmethod 0x000001f257503010
Event: 11175.014 Thread 0x000001f26d289fb0 flushing  nmethod 0x000001f257790890
Event: 11175.017 Thread 0x000001f26d289fb0 flushing  nmethod 0x000001f257e6ab10
Event: 11175.018 Thread 0x000001f26d289fb0 flushing  nmethod 0x000001f258047910
Event: 11175.020 Thread 0x000001f26d289fb0 flushing  nmethod 0x000001f2583c2810
Event: 11175.020 Thread 0x000001f26d289fb0 flushing  nmethod 0x000001f2584bc710
Event: 11175.020 Thread 0x000001f26d289fb0 flushing  nmethod 0x000001f25855ab10
Event: 11175.023 Thread 0x000001f26d289fb0 flushing  nmethod 0x000001f258a52190
Event: 11175.024 Thread 0x000001f26d289fb0 flushing  nmethod 0x000001f258c98b10
Event: 11175.024 Thread 0x000001f26d289fb0 flushing  nmethod 0x000001f258ca0d10
Event: 11175.024 Thread 0x000001f26d289fb0 flushing  nmethod 0x000001f258ca3390
Event: 11175.024 Thread 0x000001f26d289fb0 flushing  nmethod 0x000001f258ca4d10
Event: 11175.024 Thread 0x000001f26d289fb0 flushing  nmethod 0x000001f258ca5190
Event: 11175.024 Thread 0x000001f26d289fb0 flushing  nmethod 0x000001f258d14110
Event: 11175.024 Thread 0x000001f26d289fb0 flushing  nmethod 0x000001f258d95690
Event: 11175.024 Thread 0x000001f26d289fb0 flushing  nmethod 0x000001f258da4b10
Event: 11175.025 Thread 0x000001f26d289fb0 flushing  nmethod 0x000001f258e65d90
Event: 11175.027 Thread 0x000001f26d289fb0 flushing  nmethod 0x000001f2594e4890
Event: 11175.027 Thread 0x000001f26d289fb0 flushing  nmethod 0x000001f2594f1810
Event: 11175.027 Thread 0x000001f26d289fb0 flushing  nmethod 0x000001f2594fa910

Events (20 events):
Event: 11175.055 Thread 0x000001f24939aaf0 Thread added: 0x000001f2458b55e0
Event: 11175.061 Thread 0x000001f26d863b60 Thread added: 0x000001f2749723b0
Event: 11175.205 Thread 0x000001f26d863b60 Thread added: 0x000001f2749728c0
Event: 11175.770 Thread 0x000001f249231380 Thread added: 0x000001f24effa0d0
Event: 11175.889 Thread 0x000001f249231380 Thread added: 0x000001f24effba20
Event: 11176.081 Thread 0x000001f249231380 Thread added: 0x000001f24effc950
Event: 11176.083 Thread 0x000001f2490eb9a0 Thread added: 0x000001f2476b0b70
Event: 11176.088 Thread 0x000001f26d863b60 Thread added: 0x000001f2749732e0
Event: 11178.334 Thread 0x000001f26d2896a0 Thread added: 0x000001f27c223850
Event: 11178.335 Thread 0x000001f26d2896a0 Thread added: 0x000001f27c222db0
Event: 11178.335 Thread 0x000001f26d2896a0 Thread added: 0x000001f27c2242f0
Event: 11178.445 Thread 0x000001f249230960 Thread added: 0x000001f27ae167f0
Event: 11178.456 Thread 0x000001f2476b0b70 Thread exited: 0x000001f2476b0b70
Event: 11178.456 Thread 0x000001f2458b55e0 Thread exited: 0x000001f2458b55e0
Event: 11178.473 Thread 0x000001f27c2242f0 Thread added: 0x000001f27b8b62a0
Event: 11178.479 Thread 0x000001f27c2242f0 Thread added: 0x000001f27b8b5800
Event: 11178.486 Thread 0x000001f27c222db0 Thread added: 0x000001f27c7dbea0
Event: 11178.499 Thread 0x000001f26d2896a0 Thread added: 0x000001f2457ba540
Event: 11178.499 Thread 0x000001f26d2896a0 Thread added: 0x000001f2457bb530
Event: 11178.503 Thread 0x000001f26d2896a0 Thread added: 0x000001f2457baa90


Dynamic libraries:
0x00007ff6749a0000 - 0x00007ff6749aa000 	C:\Users\Wire\.jdks\jbr-17.0.14\bin\java.exe
0x00007ff995760000 - 0x00007ff9959c6000 	C:\WINDOWS\SYSTEM32\ntdll.dll
0x00007ff994360000 - 0x00007ff994429000 	C:\WINDOWS\System32\KERNEL32.DLL
0x00007ff992980000 - 0x00007ff992d7e000 	C:\WINDOWS\System32\KERNELBASE.dll
0x00007ff9931c0000 - 0x00007ff99330c000 	C:\WINDOWS\System32\ucrtbase.dll
0x00007ff983f30000 - 0x00007ff983f47000 	C:\Users\Wire\.jdks\jbr-17.0.14\bin\jli.dll
0x00007ff994650000 - 0x00007ff994817000 	C:\WINDOWS\System32\USER32.dll
0x00007ff993190000 - 0x00007ff9931b7000 	C:\WINDOWS\System32\win32u.dll
0x00007ff993590000 - 0x00007ff9935bb000 	C:\WINDOWS\System32\GDI32.dll
0x00007ff992d90000 - 0x00007ff992eba000 	C:\WINDOWS\System32\gdi32full.dll
0x00007ff9933e0000 - 0x00007ff993483000 	C:\WINDOWS\System32\msvcp_win.dll
0x00007ff9747b0000 - 0x00007ff9747cb000 	C:\Users\Wire\.jdks\jbr-17.0.14\bin\VCRUNTIME140.dll
0x00007ff979b90000 - 0x00007ff979e22000 	C:\WINDOWS\WinSxS\amd64_microsoft.windows.common-controls_6595b64144ccf1df_6.0.26100.8875_none_3e0d5d42e32fe9dd\COMCTL32.dll
0x00007ff993c20000 - 0x00007ff993cc9000 	C:\WINDOWS\System32\msvcrt.dll
0x00007ff995650000 - 0x00007ff995682000 	C:\WINDOWS\System32\IMM32.DLL
0x00007ff986080000 - 0x00007ff98608c000 	C:\Users\Wire\.jdks\jbr-17.0.14\bin\vcruntime140_1.dll
0x00007ff95d980000 - 0x00007ff95da0d000 	C:\Users\Wire\.jdks\jbr-17.0.14\bin\msvcp140.dll
0x00007ff89c350000 - 0x00007ff89cfde000 	C:\Users\Wire\.jdks\jbr-17.0.14\bin\server\jvm.dll
0x00007ff995350000 - 0x00007ff995407000 	C:\WINDOWS\System32\ADVAPI32.dll
0x00007ff994fc0000 - 0x00007ff99506a000 	C:\WINDOWS\System32\sechost.dll
0x00007ff9944b0000 - 0x00007ff9945c8000 	C:\WINDOWS\System32\RPCRT4.dll
0x00007ff9952c0000 - 0x00007ff995340000 	C:\WINDOWS\System32\WS2_32.dll
0x00007ff9927e0000 - 0x00007ff99283e000 	C:\WINDOWS\SYSTEM32\POWRPROF.dll
0x00007ff983720000 - 0x00007ff983756000 	C:\WINDOWS\SYSTEM32\WINMM.dll
0x00007ff98bd30000 - 0x00007ff98bd3b000 	C:\WINDOWS\SYSTEM32\VERSION.dll
0x00007ff9927c0000 - 0x00007ff9927d4000 	C:\WINDOWS\SYSTEM32\UMPDC.dll
0x00007ff991620000 - 0x00007ff99163b000 	C:\WINDOWS\SYSTEM32\kernel.appcore.dll
0x00007ff984970000 - 0x00007ff98497a000 	C:\Users\Wire\.jdks\jbr-17.0.14\bin\jimage.dll
0x00007ff980eb0000 - 0x00007ff9810f2000 	C:\WINDOWS\SYSTEM32\DBGHELP.DLL
0x00007ff993860000 - 0x00007ff993be3000 	C:\WINDOWS\System32\combase.dll
0x00007ff9935c0000 - 0x00007ff993699000 	C:\WINDOWS\System32\OLEAUT32.dll
0x00007ff972710000 - 0x00007ff97274b000 	C:\WINDOWS\SYSTEM32\dbgcore.DLL
0x00007ff992ec0000 - 0x00007ff992f6c000 	C:\WINDOWS\System32\bcryptPrimitives.dll
0x00007ff974390000 - 0x00007ff97439e000 	C:\Users\Wire\.jdks\jbr-17.0.14\bin\instrument.dll
0x00007ff961e00000 - 0x00007ff961e25000 	C:\Users\Wire\.jdks\jbr-17.0.14\bin\java.dll
0x00007ff9320a0000 - 0x00007ff932177000 	C:\Users\Wire\.jdks\jbr-17.0.14\bin\jsvml.dll
0x00007ff994820000 - 0x00007ff994fb2000 	C:\WINDOWS\System32\SHELL32.dll
0x00007ff990430000 - 0x00007ff990cc2000 	C:\WINDOWS\SYSTEM32\windows.storage.dll
0x00007ff993490000 - 0x00007ff993587000 	C:\WINDOWS\System32\SHCORE.dll
0x00007ff994430000 - 0x00007ff994497000 	C:\WINDOWS\System32\shlwapi.dll
0x00007ff9928a0000 - 0x00007ff9928c9000 	C:\WINDOWS\SYSTEM32\profapi.dll
0x00007ff9718d0000 - 0x00007ff9718e8000 	C:\Users\Wire\.jdks\jbr-17.0.14\bin\zip.dll
0x00007ff96dc70000 - 0x00007ff96dc89000 	C:\Users\Wire\.jdks\jbr-17.0.14\bin\net.dll
0x00007ff98b910000 - 0x00007ff98ba37000 	C:\WINDOWS\SYSTEM32\WINHTTP.dll
0x00007ff991bd0000 - 0x00007ff991c3c000 	C:\WINDOWS\system32\mswsock.dll
0x00007ff961930000 - 0x00007ff961946000 	C:\Users\Wire\.jdks\jbr-17.0.14\bin\nio.dll
0x00007ff9742f0000 - 0x00007ff974300000 	C:\Users\Wire\.jdks\jbr-17.0.14\bin\verify.dll
0x00007ff95df40000 - 0x00007ff95df67000 	C:\Users\Wire\.gradle\native\1def1411415f61bf3af743bc5b6707747c0891f09f0c88961ee8f79bc544acac\windows-amd64\native-platform.dll
0x00007ff95d7a0000 - 0x00007ff95d818000 	C:\Users\Wire\.gradle\native\0.2.7\x86_64-windows-gnu\gradle-fileevents.dll
0x00007ff971230000 - 0x00007ff971239000 	C:\Users\Wire\.jdks\jbr-17.0.14\bin\management.dll
0x00007ff971170000 - 0x00007ff97117b000 	C:\Users\Wire\.jdks\jbr-17.0.14\bin\management_ext.dll
0x00007ff993850000 - 0x00007ff993858000 	C:\WINDOWS\System32\PSAPI.DLL
0x00007ff991000000 - 0x00007ff991033000 	C:\WINDOWS\SYSTEM32\IPHLPAPI.DLL
0x00007ff995640000 - 0x00007ff99564a000 	C:\WINDOWS\System32\NSI.dll
0x00007ff98bd40000 - 0x00007ff98bd5d000 	C:\WINDOWS\SYSTEM32\dhcpcsvc6.DLL
0x00007ff98b1c0000 - 0x00007ff98b1e5000 	C:\WINDOWS\SYSTEM32\dhcpcsvc.DLL
0x00007ff991040000 - 0x00007ff991196000 	C:\WINDOWS\SYSTEM32\DNSAPI.dll
0x00007ff9919b0000 - 0x00007ff9919bd000 	C:\WINDOWS\SYSTEM32\DSPARSE.dll
0x00007ff9710e0000 - 0x00007ff9710e9000 	C:\Users\Wire\.jdks\jbr-17.0.14\bin\extnet.dll
0x00007ff991ef0000 - 0x00007ff991f0b000 	C:\WINDOWS\SYSTEM32\CRYPTSP.dll
0x00007ff991580000 - 0x00007ff9915b9000 	C:\WINDOWS\system32\rsaenh.dll
0x00007ff991c90000 - 0x00007ff991cc2000 	C:\WINDOWS\SYSTEM32\USERENV.dll
0x00007ff992870000 - 0x00007ff99289a000 	C:\WINDOWS\SYSTEM32\bcrypt.dll
0x00007ff991ed0000 - 0x00007ff991edc000 	C:\WINDOWS\SYSTEM32\CRYPTBASE.dll
0x00007ff95eb40000 - 0x00007ff95eb4e000 	C:\Users\Wire\.jdks\jbr-17.0.14\bin\sunmscapi.dll
0x00007ff992f80000 - 0x00007ff9930f8000 	C:\WINDOWS\System32\CRYPT32.dll
0x00007ff992150000 - 0x00007ff992180000 	C:\WINDOWS\SYSTEM32\ncrypt.dll
0x00007ff992100000 - 0x00007ff99213f000 	C:\WINDOWS\SYSTEM32\NTASN1.dll
0x00007ff96d160000 - 0x00007ff96d168000 	C:\WINDOWS\system32\wshunix.dll
0x00007ff98a4c0000 - 0x00007ff98a4cb000 	C:\Windows\System32\rasadhlp.dll
0x00007ff98a640000 - 0x00007ff98a6c6000 	C:\WINDOWS\System32\fwpuclnt.dll
0x00007ff96d660000 - 0x00007ff96d678000 	C:\WINDOWS\system32\napinsp.dll
0x00007ff96d5d0000 - 0x00007ff96d5e3000 	C:\WINDOWS\System32\winrnr.dll
0x00007ff96d570000 - 0x00007ff96d592000 	C:\WINDOWS\system32\nlansp_c.dll
0x00007ff96d4f0000 - 0x00007ff96d506000 	C:\WINDOWS\system32\wshbth.dll
0x00007ff95eb30000 - 0x00007ff95eb37000 	C:\Users\Wire\.jdks\jbr-17.0.14\bin\rmi.dll
0x00007ff991750000 - 0x00007ff991786000 	C:\WINDOWS\SYSTEM32\ntmarta.dll

dbghelp: loaded successfully - version: 4.0.5 - missing functions: none
symbol engine: initialized successfully - sym options: 0x614 - pdb path: .;C:\Users\Wire\.jdks\jbr-17.0.14\bin;C:\WINDOWS\SYSTEM32;C:\WINDOWS\WinSxS\amd64_microsoft.windows.common-controls_6595b64144ccf1df_6.0.26100.8875_none_3e0d5d42e32fe9dd;C:\Users\Wire\.jdks\jbr-17.0.14\bin\server;C:\Users\Wire\.gradle\native\1def1411415f61bf3af743bc5b6707747c0891f09f0c88961ee8f79bc544acac\windows-amd64;C:\Users\Wire\.gradle\native\0.2.7\x86_64-windows-gnu

VM Arguments:
jvm_args: --add-opens=java.base/java.lang=ALL-UNNAMED --add-opens=java.base/java.lang.invoke=ALL-UNNAMED --add-opens=java.base/java.util=ALL-UNNAMED --add-opens=java.prefs/java.util.prefs=ALL-UNNAMED --add-exports=jdk.compiler/com.sun.tools.javac.api=ALL-UNNAMED --add-exports=jdk.compiler/com.sun.tools.javac.util=ALL-UNNAMED --add-opens=java.base/java.util=ALL-UNNAMED --add-opens=java.prefs/java.util.prefs=ALL-UNNAMED --add-opens=java.base/java.nio.charset=ALL-UNNAMED --add-opens=java.base/java.net=ALL-UNNAMED --add-opens=java.base/java.util.concurrent.atomic=ALL-UNNAMED --add-opens=java.xml/javax.xml.namespace=ALL-UNNAMED -Xmx2048m -Dfile.encoding=UTF-8 -Duser.country=US -Duser.language=en -Duser.variant -javaagent:C:\Users\Wire\.gradle\wrapper\dists\gradle-8.13-bin\5xuhj0ry160q40clulazy9h7d\gradle-8.13\lib\agents\gradle-instrumentation-agent-8.13.jar 
java_command: org.gradle.launcher.daemon.bootstrap.GradleDaemon 8.13
java_class_path (initial): C:\Users\Wire\.gradle\wrapper\dists\gradle-8.13-bin\5xuhj0ry160q40clulazy9h7d\gradle-8.13\lib\gradle-daemon-main-8.13.jar
Launcher Type: SUN_STANDARD

[Global flags]
     intx CICompilerCount                          = 12                                        {product} {ergonomic}
     uint ConcGCThreads                            = 5                                         {product} {ergonomic}
     uint G1ConcRefinementThreads                  = 18                                        {product} {ergonomic}
   size_t G1HeapRegionSize                         = 1048576                                   {product} {ergonomic}
    uintx GCDrainStackTargetSize                   = 64                                        {product} {ergonomic}
   size_t InitialHeapSize                          = 536870912                                 {product} {ergonomic}
   size_t MarkStackSize                            = 4194304                                   {product} {ergonomic}
   size_t MaxHeapSize                              = 2147483648                                {product} {command line}
   size_t MaxNewSize                               = 1287651328                                {product} {ergonomic}
   size_t MinHeapDeltaBytes                        = 1048576                                   {product} {ergonomic}
   size_t MinHeapSize                              = 8388608                                   {product} {ergonomic}
    uintx NonNMethodCodeHeapSize                   = 7602480                                {pd product} {ergonomic}
    uintx NonProfiledCodeHeapSize                  = 122027880                              {pd product} {ergonomic}
    uintx ProfiledCodeHeapSize                     = 122027880                              {pd product} {ergonomic}
    uintx ReservedCodeCacheSize                    = 251658240                              {pd product} {ergonomic}
     bool SegmentedCodeCache                       = true                                      {product} {ergonomic}
   size_t SoftMaxHeapSize                          = 2147483648                             {manageable} {ergonomic}
     bool UseCompressedClassPointers               = true                           {product lp64_product} {ergonomic}
     bool UseCompressedOops                        = true                           {product lp64_product} {ergonomic}
     bool UseG1GC                                  = true                                      {product} {ergonomic}
     bool UseLargePagesIndividualAllocation        = false                                  {pd product} {ergonomic}

Logging:
Log output configuration:
 #0: stdout all=warning uptime,level,tags
 #1: stderr all=off uptime,level,tags

Environment Variables:
PATH=C:\Program Files (x86)\VMware\VMware Player\bin\;c:\windows\system32;c:\windows;c:\windows\system32\wbem;c:\windows\system32\windowspowershell\v1.0\;c:\windows\system32\openssh\;c:\program files\putty\;c:\program files\dotnet\;C:\WINDOWS\system32;C:\WINDOWS;C:\WINDOWS\System32\Wbem;C:\WINDOWS\System32\WindowsPowerShell\v1.0\;C:\WINDOWS\System32\OpenSSH\;C:\Program Files\WireGuard\;C:\Program Files (x86)\NVIDIA Corporation\PhysX\Common;C:\Program Files\Go\bin;C:\Program Files\Git\cmd;C:\Program Files\Microsoft SQL Server\170\DTS\Binn\;C:\Users\Wire\AppData\Local\Microsoft\WindowsApps;C:\Users\Wire\AppData\Local\Programs\Microsoft VS Code\bin;C:\Users\Wire\AppData\Local\Microsoft\WinGet\Packages\SQLite.SQLite_Microsoft.Winget.Source_8wekyb3d8bbwe;C:\Users\Wire\.dotnet\tools;C:\Users\Wire\go\bin;
USERNAME=Wire
OS=Windows_NT
PROCESSOR_IDENTIFIER=AMD64 Family 25 Model 33 Stepping 2, AuthenticAMD
TMP=C:\Users\Wire\AppData\Local\Temp
TEMP=C:\Users\Wire\AppData\Local\Temp



Periodic native trim disabled

JNI global refs:
JNI global refs: 43, weak refs: 31

JNI global refs memory usage: 843, weak refs: 841

Process memory usage:
Resident Set Size: 1572888K (4% of 33460476K total physical memory with 6082280K free physical memory)

OOME stack traces (most recent first):
Classloader memory used:
Loader org.gradle.internal.classloader.VisitableURLClassLoader$InstrumentingVisitableURLClassLoader: 8899K
Loader org.gradle.internal.classloader.VisitableURLClassLoader                         : 6304K
Loader bootstrap                                                                       : 3044K
Loader org.gradle.initialization.MixInLegacyTypesClassLoader                           : 1774K
Loader jdk.internal.loader.ClassLoaders$AppClassLoader                                 : 1239K
Loader java.net.URLClassLoader                                                         : 594K
Loader jdk.internal.reflect.DelegatingClassLoader                                      : 414K
Loader jdk.internal.loader.ClassLoaders$PlatformClassLoader                            : 142K
Loader org.gradle.groovy.scripts.internal.DefaultScriptCompilationHandler$ScriptClassLoader: 37731B
Loader org.gradle.internal.classloader.VisitableURLClassLoader                         : 5451B
Loader org.codehaus.groovy.runtime.callsite.CallSiteClassLoader                        : 5245B
Loader sun.reflect.misc.MethodUtil                                                     : 373B

Classes loaded by more than one classloader:
Class kotlin.io.CloseableKt                                                           : loaded 3 times (x 69B)
Class kotlin.collections.SetsKt__SetsKt                                               : loaded 3 times (x 69B)
Class kotlin.SynchronizedLazyImpl                                                     : loaded 3 times (x 74B)
Class kotlin.collections.AbstractList$Companion                                       : loaded 3 times (x 69B)
Class kotlin.Pair                                                                     : loaded 3 times (x 70B)
Class kotlin.collections.AbstractList                                                 : loaded 3 times (x 157B)
Class kotlin.collections.AbstractCollection                                           : loaded 3 times (x 115B)
Class kotlin.collections.ArraysKt__ArraysJVMKt                                        : loaded 3 times (x 69B)
Class kotlin.text.StringsKt___StringsKt                                               : loaded 3 times (x 69B)
Class kotlin.io.TerminateException                                                    : loaded 3 times (x 80B)
Class kotlin.LazyKt__LazyKt                                                           : loaded 3 times (x 69B)
Class kotlin.sequences.Sequence                                                       : loaded 3 times (x 68B)
Class kotlin.collections.MapsKt___MapsKt                                              : loaded 3 times (x 69B)
Class kotlin.collections.ArraysKt                                                     : loaded 3 times (x 69B)
Class kotlin.collections.MapsKt__MapsKt                                               : loaded 3 times (x 69B)
Class kotlin.sequences.SequencesKt___SequencesJvmKt                                   : loaded 3 times (x 69B)
Class kotlin.collections.CollectionsKt__IterablesKt                                   : loaded 3 times (x 69B)
Class kotlin.io.FilesKt__FileTreeWalkKt                                               : loaded 3 times (x 69B)
Class kotlin.io.FilesKt__UtilsKt                                                      : loaded 3 times (x 69B)
Class kotlin.collections.MapsKt                                                       : loaded 3 times (x 69B)
Class kotlin.collections.MapsKt__MapWithDefaultKt                                     : loaded 3 times (x 69B)
Class kotlin.text.StringsKt__IndentKt                                                 : loaded 3 times (x 69B)
Class kotlin.LazyKt__LazyJVMKt                                                        : loaded 3 times (x 69B)
Class kotlin.TuplesKt                                                                 : loaded 3 times (x 69B)
Class kotlin.text.StringsKt__StringNumberConversionsJVMKt                             : loaded 3 times (x 69B)
Class kotlin.collections.ArraysKt___ArraysKt                                          : loaded 3 times (x 69B)
Class kotlin.collections.MapsKt__MapsJVMKt                                            : loaded 3 times (x 69B)
Class kotlin.text.StringsKt__StringsKt                                                : loaded 3 times (x 69B)
Class kotlin.collections.CollectionsKt__IteratorsKt                                   : loaded 3 times (x 69B)
Class kotlin.NotImplementedError                                                      : loaded 3 times (x 80B)
Class kotlin.ranges.RangesKt__RangesKt                                                : loaded 3 times (x 69B)
Class kotlin.collections.CollectionsKt___CollectionsJvmKt                             : loaded 3 times (x 69B)
Class kotlin.collections.ArraysKt___ArraysJvmKt                                       : loaded 3 times (x 69B)
Class kotlin.collections.CollectionsKt                                                : loaded 3 times (x 69B)
Class kotlin.Unit                                                                     : loaded 3 times (x 69B)
Class kotlin.io.FilesKt__FilePathComponentsKt                                         : loaded 3 times (x 69B)
Class kotlin.enums.EnumEntries                                                        : loaded 3 times (x 68B)
Class kotlin.text.StringsKt__RegexExtensionsJVMKt                                     : loaded 3 times (x 69B)
Class kotlin.io.FilesKt__FileReadWriteKt                                              : loaded 3 times (x 69B)
Class kotlin.Function                                                                 : loaded 3 times (x 68B)
Class kotlin.collections.SetsKt                                                       : loaded 3 times (x 69B)
Class kotlin.io.FileAlreadyExistsException                                            : loaded 3 times (x 80B)
Class kotlin.UNINITIALIZED_VALUE                                                      : loaded 3 times (x 69B)
Class kotlin.ranges.RangesKt                                                          : loaded 3 times (x 69B)
Class kotlin.collections.CollectionsKt___CollectionsKt                                : loaded 3 times (x 69B)
Class kotlin.enums.EnumEntriesKt                                                      : loaded 3 times (x 69B)
Class kotlin.ranges.RangesKt___RangesKt                                               : loaded 3 times (x 69B)
Class kotlin.io.NoSuchFileException                                                   : loaded 3 times (x 80B)
Class kotlin.KotlinNullPointerException                                               : loaded 3 times (x 81B)
Class kotlin.sequences.ConstrainedOnceSequence                                        : loaded 3 times (x 73B)
Class kotlin.jvm.functions.Function1                                                  : loaded 3 times (x 68B)
Class kotlin.text.StringsKt__AppendableKt                                             : loaded 3 times (x 69B)
Class kotlin.jvm.functions.Function0                                                  : loaded 3 times (x 68B)
Class kotlin.enums.EnumEntriesList                                                    : loaded 3 times (x 183B)
Class kotlin.collections.MapsKt___MapsJvmKt                                           : loaded 3 times (x 69B)
Class kotlin.collections.SetsKt__SetsJVMKt                                            : loaded 3 times (x 69B)
Class kotlin.sequences.SequencesKt___SequencesKt                                      : loaded 3 times (x 69B)
Class kotlin.collections.CollectionsKt__CollectionsJVMKt                              : loaded 3 times (x 69B)
Class kotlin.text.StringsKt__StringBuilderKt                                          : loaded 3 times (x 69B)
Class kotlin.NoWhenBranchMatchedException                                             : loaded 3 times (x 80B)
Class kotlin.LazyKt                                                                   : loaded 3 times (x 69B)
Class kotlin.sequences.SequencesKt__SequencesJVMKt                                    : loaded 3 times (x 69B)
Class kotlin.sequences.SequencesKt__SequencesKt                                       : loaded 3 times (x 69B)
Class kotlin.collections.CollectionsKt__IteratorsJVMKt                                : loaded 3 times (x 69B)
Class kotlin.sequences.SequencesKt                                                    : loaded 3 times (x 69B)
Class kotlin.text.StringsKt___StringsJvmKt                                            : loaded 3 times (x 69B)
Class kotlin.jvm.internal.Intrinsics                                                  : loaded 3 times (x 69B)
Class kotlin.collections.EmptyList                                                    : loaded 3 times (x 134B)
Class kotlin.collections.CollectionsKt__MutableCollectionsJVMKt                       : loaded 3 times (x 69B)
Class kotlin.jvm.internal.markers.KMappedMarker                                       : loaded 3 times (x 68B)
Class kotlin.text.StringsKt__StringNumberConversionsKt                                : loaded 3 times (x 69B)
Class kotlin.sequences.SequencesKt__SequenceBuilderKt                                 : loaded 3 times (x 69B)
Class kotlin.collections.CollectionsKt__ReversedViewsKt                               : loaded 3 times (x 69B)
Class kotlin.collections.CollectionsKt__MutableCollectionsKt                          : loaded 3 times (x 69B)
Class kotlin.text.StringsKt__StringsJVMKt                                             : loaded 3 times (x 69B)
Class kotlin.collections.SetsKt___SetsKt                                              : loaded 3 times (x 69B)
Class kotlin.text.StringsKt__StringBuilderJVMKt                                       : loaded 3 times (x 69B)
Class kotlin.text.StringsKt__RegexExtensionsKt                                        : loaded 3 times (x 69B)
Class kotlin.UninitializedPropertyAccessException                                     : loaded 3 times (x 80B)
Class kotlin.text.StringsKt                                                           : loaded 3 times (x 69B)
Class kotlin.collections.ArraysKt__ArraysKt                                           : loaded 3 times (x 69B)
Class kotlin.Lazy                                                                     : loaded 3 times (x 68B)
Class kotlin.io.FileSystemException                                                   : loaded 3 times (x 80B)
Class kotlin.collections.CollectionsKt__CollectionsKt                                 : loaded 3 times (x 69B)
Class kotlin.io.FilesKt                                                               : loaded 3 times (x 69B)
Class kotlin.comparisons.ComparisonsKt                                                : loaded 2 times (x 69B)
Class com.google.common.collect.ImmutableSet$EmptySetBuilderImpl                      : loaded 2 times (x 74B)
Class com.google.common.base.Equivalence                                              : loaded 2 times (x 80B)
Class com.google.common.primitives.Ints                                               : loaded 2 times (x 69B)
Class com.google.common.cache.LocalCache$EntryFactory$1                               : loaded 2 times (x 81B)
Class org.jetbrains.org.objectweb.asm.MethodWriter                                    : loaded 2 times (x 103B)
Class com.google.common.base.Converter                                                : loaded 2 times (x 88B)
Class com.google.common.cache.LocalCache$EntryFactory$2                               : loaded 2 times (x 81B)
Class com.google.common.collect.ImmutableSet$SerializedForm                           : loaded 2 times (x 71B)
Class com.google.common.cache.LocalCache$EntryFactory$3                               : loaded 2 times (x 81B)
Class [Lcom.google.common.collect.Maps$EntryFunction;                                 : loaded 2 times (x 67B)
Class com.google.common.cache.LocalCache$EntryFactory$4                               : loaded 2 times (x 81B)
Class com.google.common.cache.LocalCache$EntryFactory$5                               : loaded 2 times (x 81B)
Class com.google.common.cache.LocalCache$EntryFactory$6                               : loaded 2 times (x 81B)
Class com.google.common.reflect.TypeResolver$TypeVariableKey                          : loaded 2 times (x 70B)
Class com.google.common.cache.LocalCache$EntryFactory$7                               : loaded 2 times (x 81B)
Class com.google.common.cache.LocalCache$EntryFactory$8                               : loaded 2 times (x 81B)
Class kotlin.reflect.KDeclarationContainer                                            : loaded 2 times (x 68B)
Class com.google.common.base.Predicate                                                : loaded 2 times (x 68B)
Class kotlin.jvm.internal.CallableReference                                           : loaded 2 times (x 104B)
Class com.google.common.cache.LocalCache$StrongValueReference                         : loaded 2 times (x 88B)
Class org.gradle.internal.classloader.FilteringClassLoader                            : loaded 2 times (x 103B)
Class com.google.common.collect.AbstractMapBasedMultimap$WrappedCollection            : loaded 2 times (x 122B)
Class com.google.common.reflect.TypeResolver$TypeTable                                : loaded 2 times (x 71B)
Class com.google.common.reflect.Invokable$MethodInvokable                             : loaded 2 times (x 103B)
Class com.google.common.collect.RegularImmutableSet                                   : loaded 2 times (x 147B)
Class kotlin.jvm.internal.Lambda                                                      : loaded 2 times (x 73B)
Class ijJvmDebugger1_2ji4yvz2nymw9ft1udyqzkuam                                        : loaded 2 times (x 177B)
Class kotlin.reflect.KCallable                                                        : loaded 2 times (x 68B)
Class [Lcom.google.common.cache.LocalCache$Strength;                                  : loaded 2 times (x 67B)
Class org.gradle.internal.classpath.DefaultClassPath$ImmutableUniqueList$Builder      : loaded 2 times (x 73B)
Class com.google.common.collect.AbstractRangeSet                                      : loaded 2 times (x 112B)
Class com.google.common.collect.ImmutableMap                                          : loaded 2 times (x 118B)
Class com.google.common.collect.SortedSetMultimap                                     : loaded 2 times (x 68B)
Class com.google.common.collect.Maps$8                                                : loaded 2 times (x 80B)
Class com.google.common.base.PatternCompiler                                          : loaded 2 times (x 68B)
Class [Lcom.google.common.cache.CacheBuilder$NullListener;                            : loaded 2 times (x 67B)
Class com.google.common.io.CharStreams$NullWriter                                     : loaded 2 times (x 97B)
Class com.google.common.base.CharMatcher$InRange                                      : loaded 2 times (x 109B)
Class com.google.common.collect.Maps$KeySet                                           : loaded 2 times (x 135B)
Class com.google.common.collect.ImmutableMultimap$EntryCollection                     : loaded 2 times (x 126B)
Class com.google.common.collect.Sets$SetView                                          : loaded 2 times (x 136B)
Class com.google.common.collect.Lists                                                 : loaded 2 times (x 69B)
Class com.google.common.collect.BiMap                                                 : loaded 2 times (x 68B)
Class org.objectweb.asm.AnnotationWriter                                              : loaded 2 times (x 77B)
Class org.apache.commons.io.output.ThresholdingOutputStream                           : loaded 2 times (x 93B)
Class com.google.common.math.IntMath$1                                                : loaded 2 times (x 69B)
Class org.gradle.internal.classloader.ClassLoaderVisitor                              : loaded 2 times (x 74B)
Class org.jetbrains.kotlin.name.ClassId                                               : loaded 2 times (x 70B)
Class [Lcom.google.common.collect.HashBiMap$BiEntry;                                  : loaded 2 times (x 67B)
Class org.objectweb.asm.Label                                                         : loaded 2 times (x 71B)
Class kotlin.jvm.internal.TypeIntrinsics                                              : loaded 2 times (x 69B)
Class com.google.common.cache.CacheBuilder$NullListener                               : loaded 2 times (x 80B)
Class [Lorg.jetbrains.org.objectweb.asm.AnnotationVisitor;                            : loaded 2 times (x 67B)
Class com.google.common.collect.ImmutableMultimap                                     : loaded 2 times (x 145B)
Class org.apache.commons.io.filefilter.IOFileFilter                                   : loaded 2 times (x 68B)
Class com.google.common.math.MathPreconditions                                        : loaded 2 times (x 69B)
Class com.google.common.io.ByteStreams$1                                              : loaded 2 times (x 83B)
Class com.google.common.io.Files$FileByteSource                                       : loaded 2 times (x 83B)
Class org.jetbrains.org.objectweb.asm.Frame                                           : loaded 2 times (x 71B)
Class org.gradle.internal.service.DefaultServiceLocator                               : loaded 2 times (x 81B)
Class com.google.common.reflect.Reflection                                            : loaded 2 times (x 69B)
Class org.gradle.internal.service.UnknownServiceException                             : loaded 2 times (x 81B)
Class com.google.common.collect.ImmutableMap$IteratorBasedImmutableMap                : loaded 2 times (x 124B)
Class com.google.common.collect.ArrayListMultimap                                     : loaded 2 times (x 170B)
Class com.google.common.util.concurrent.AbstractFuture$SynchronizedHelper             : loaded 2 times (x 76B)
Class com.google.common.collect.Collections2$FilteredCollection                       : loaded 2 times (x 117B)
Class org.jetbrains.kotlin.build.report.metrics.DoNothingBuildMetricsReporter         : loaded 2 times (x 84B)
Class org.jetbrains.kotlin.name.FqNameUnsafe                                          : loaded 2 times (x 70B)
Class com.google.common.base.Strings                                                  : loaded 2 times (x 69B)
Class com.google.common.io.Closer                                                     : loaded 2 times (x 76B)
Class com.google.common.cache.LocalCache$Values                                       : loaded 2 times (x 116B)
Class com.google.common.cache.CacheLoader$InvalidCacheLoadException                   : loaded 2 times (x 80B)
Class org.gradle.internal.classloader.DefaultClassLoaderFactory                       : loaded 2 times (x 80B)
Class com.google.common.collect.UnmodifiableIterator                                  : loaded 2 times (x 78B)
Class com.google.common.base.Stopwatch                                                : loaded 2 times (x 70B)
Class com.google.common.reflect.Types                                                 : loaded 2 times (x 69B)
Class com.google.common.base.Platform$JdkPatternCompiler                              : loaded 2 times (x 73B)
Class com.google.common.collect.Interners$InternerImpl                                : loaded 2 times (x 73B)
Class com.google.common.collect.Table                                                 : loaded 2 times (x 68B)
Class com.google.common.base.CharMatcher$BitSetMatcher                                : loaded 2 times (x 110B)
Class com.google.common.cache.LocalCache$LoadingValueReference                        : loaded 2 times (x 94B)
Class org.apache.commons.io.output.ByteArrayOutputStream                              : loaded 2 times (x 100B)
Class [Lorg.jetbrains.kotlin.build.report.metrics.GradleBuildTime;                    : loaded 2 times (x 67B)
Class com.google.common.collect.Hashing                                               : loaded 2 times (x 69B)
Class com.google.common.io.ByteStreams$LimitedInputStream                             : loaded 2 times (x 90B)
Class com.google.common.collect.MapMakerInternalMap$AbstractStrongKeyEntry            : loaded 2 times (x 78B)
Class com.google.common.collect.ImmutableRangeSet$ComplementRanges                    : loaded 2 times (x 167B)
Class org.jetbrains.org.objectweb.asm.RecordComponentVisitor                          : loaded 2 times (x 75B)
Class [Lcom.google.common.reflect.Types$ClassOwnership;                               : loaded 2 times (x 67B)
Class com.google.common.util.concurrent.AbstractFuture$Failure                        : loaded 2 times (x 70B)
Class com.google.common.base.JdkPattern                                               : loaded 2 times (x 73B)
Class com.google.common.base.Optional                                                 : loaded 2 times (x 78B)
Class com.google.common.collect.Multimap                                              : loaded 2 times (x 68B)
Class [Lcom.google.common.cache.RemovalCause;                                         : loaded 2 times (x 67B)
Class com.google.common.base.FunctionalEquivalence                                    : loaded 2 times (x 81B)
Class org.jetbrains.org.objectweb.asm.ClassTooLargeException                          : loaded 2 times (x 81B)
Class [Lorg.jetbrains.org.objectweb.asm.Attribute;                                    : loaded 2 times (x 67B)
Class org.objectweb.asm.AnnotationVisitor                                             : loaded 2 times (x 76B)
Class org.objectweb.asm.RecordComponentWriter                                         : loaded 2 times (x 76B)
Class com.google.common.cache.LocalCache$1                                            : loaded 2 times (x 87B)
Class com.google.common.cache.LocalCache$2                                            : loaded 2 times (x 140B)
Class com.google.common.collect.RegularImmutableBiMap                                 : loaded 2 times (x 147B)
Class org.objectweb.asm.Type                                                          : loaded 2 times (x 70B)
Class com.google.common.cache.LocalCache$AbstractReferenceEntry                       : loaded 2 times (x 105B)
Class org.gradle.internal.classloader.VisitableURLClassLoader$Spec                    : loaded 2 times (x 72B)
Class settings_8an8lvvuhe8n69gayy8h9a9jb$_run_closure1                                : loaded 2 times (x 137B)
Class org.gradle.api.GradleException                                                  : loaded 2 times (x 80B)
Class org.gradle.api.internal.classpath.ModuleRegistry                                : loaded 2 times (x 68B)
Class com.google.common.collect.ForwardingObject                                      : loaded 2 times (x 70B)
Class com.google.common.reflect.TypeToken$1                                           : loaded 2 times (x 106B)
Class com.google.common.cache.CacheBuilder                                            : loaded 2 times (x 70B)
Class com.google.common.reflect.TypeToken$2                                           : loaded 2 times (x 106B)
Class org.objectweb.asm.ByteVector                                                    : loaded 2 times (x 77B)
Class com.google.common.collect.ImmutableCollection                                   : loaded 2 times (x 123B)
Class com.google.common.collect.ImmutableRangeSet                                     : loaded 2 times (x 113B)
Class org.gradle.internal.installation.GradleInstallation$1                           : loaded 2 times (x 73B)
Class com.google.common.base.PairwiseEquivalence                                      : loaded 2 times (x 81B)
Class com.google.common.base.Ticker                                                   : loaded 2 times (x 70B)
Class org.jetbrains.kotlin.name.FqName                                                : loaded 2 times (x 70B)
Class org.gradle.api.internal.ClassPathProvider                                       : loaded 2 times (x 68B)
Class com.google.common.base.Ascii                                                    : loaded 2 times (x 69B)
Class com.google.common.collect.RegularImmutableMap$Values                            : loaded 2 times (x 167B)
Class org.objectweb.asm.ModuleWriter                                                  : loaded 2 times (x 80B)
Class org.gradle.internal.classloader.ClasspathUtil$1                                 : loaded 2 times (x 74B)
Class com.google.common.io.ByteSource$AsCharSource                                    : loaded 2 times (x 84B)
Class com.google.common.collect.ImmutableEnumMap                                      : loaded 2 times (x 124B)
Class ijJvmDebugger1_2ji4yvz2nymw9ft1udyqzkuam$_run_closure1$_closure2                : loaded 2 times (x 138B)
Class com.google.common.collect.ImmutableList$ReverseImmutableList                    : loaded 2 times (x 169B)
Class org.gradle.api.internal.DefaultClassPathProvider                                : loaded 2 times (x 74B)
Class com.google.common.cache.LocalCache$Segment                                      : loaded 2 times (x 152B)
Class com.google.common.cache.AbstractCache$StatsCounter                              : loaded 2 times (x 68B)
Class com.google.common.collect.Maps$EntryFunction$1                                  : loaded 2 times (x 89B)
Class com.google.common.collect.Maps$EntryFunction$2                                  : loaded 2 times (x 89B)
Class org.objectweb.asm.FieldVisitor                                                  : loaded 2 times (x 75B)
Class org.objectweb.asm.Symbol                                                        : loaded 2 times (x 71B)
Class com.google.common.reflect.TypeToken                                             : loaded 2 times (x 71B)
Class com.google.common.cache.LocalCache$Strength$1                                   : loaded 2 times (x 79B)
Class com.google.common.collect.EmptyImmutableListMultimap                            : loaded 2 times (x 174B)
Class com.google.common.cache.LocalCache$Strength$2                                   : loaded 2 times (x 79B)
Class com.google.common.cache.LocalCache$Strength$3                                   : loaded 2 times (x 79B)
Class org.gradle.internal.classloader.ClassLoaderFactory                              : loaded 2 times (x 68B)
Class com.google.common.collect.ObjectArrays                                          : loaded 2 times (x 69B)
Class kotlin.io.LinesSequence$iterator$1                                              : loaded 2 times (x 77B)
Class com.google.common.base.Absent                                                   : loaded 2 times (x 78B)
Class com.google.common.util.concurrent.AbstractFuture$Waiter                         : loaded 2 times (x 70B)
Class kotlin.jvm.internal.FunctionReference                                           : loaded 2 times (x 120B)
Class com.google.common.util.concurrent.Uninterruptibles                              : loaded 2 times (x 69B)
Class com.google.common.collect.Iterators$EmptyModifiableIterator                     : loaded 2 times (x 84B)
Class com.google.common.collect.ImmutableList                                         : loaded 2 times (x 166B)
Class org.gradle.api.internal.classpath.ManifestUtil                                  : loaded 2 times (x 69B)
Class org.gradle.api.specs.Spec                                                       : loaded 2 times (x 68B)
Class com.google.common.collect.RangeSet                                              : loaded 2 times (x 68B)
Class com.google.common.collect.MapMakerInternalMap$Strength                          : loaded 2 times (x 78B)
Class com.google.common.cache.CacheLoader$UnsupportedLoadingOperationException        : loaded 2 times (x 80B)
Class com.google.common.base.CharMatcher$Whitespace                                   : loaded 2 times (x 110B)
Class com.google.common.util.concurrent.ListenableFuture                              : loaded 2 times (x 68B)
Class com.google.common.collect.MapMaker$Dummy                                        : loaded 2 times (x 77B)
Class com.google.common.collect.Iterators$ArrayItr                                    : loaded 2 times (x 95B)
Class org.jetbrains.kotlin.build.report.metrics.BuildMetricsReporter                  : loaded 2 times (x 68B)
Class org.jetbrains.org.objectweb.asm.ClassWriter                                     : loaded 2 times (x 102B)
Class com.google.common.collect.Iterators$1                                           : loaded 2 times (x 79B)
Class com.google.common.collect.BaseImmutableMultimap                                 : loaded 2 times (x 121B)
Class com.google.common.collect.Iterators$4                                           : loaded 2 times (x 80B)
Class com.google.common.collect.RegularImmutableMap$BucketOverflowException           : loaded 2 times (x 80B)
Class com.google.common.collect.Iterators$5                                           : loaded 2 times (x 80B)
Class com.google.common.collect.Iterators$6                                           : loaded 2 times (x 79B)
Class com.google.common.util.concurrent.AbstractFuture$UnsafeAtomicHelper             : loaded 2 times (x 76B)
Class com.google.common.base.Joiner                                                   : loaded 2 times (x 77B)
Class com.google.common.base.Equivalence$Equals                                       : loaded 2 times (x 80B)
Class com.google.common.base.Preconditions                                            : loaded 2 times (x 69B)
Class com.google.common.base.Function                                                 : loaded 2 times (x 68B)
Class com.google.common.collect.Iterators$9                                           : loaded 2 times (x 79B)
Class org.gradle.internal.IoActions                                                   : loaded 2 times (x 69B)
Class com.google.common.collect.MapMakerInternalMap$StrongKeyDummyValueEntry$Helper   : loaded 2 times (x 77B)
Class [Lorg.jetbrains.kotlin.build.report.metrics.BuildTime;                          : loaded 2 times (x 67B)
Class com.google.common.cache.ReferenceEntry                                          : loaded 2 times (x 68B)
Class com.google.common.collect.CollectPreconditions                                  : loaded 2 times (x 69B)
Class com.google.common.collect.RegularImmutableMap$KeySet                            : loaded 2 times (x 150B)
Class [Lcom.google.common.cache.Weigher;                                              : loaded 2 times (x 67B)
Class [Lcom.google.common.base.Function;                                              : loaded 2 times (x 67B)
Class com.google.common.primitives.IntsMethodsForWeb                                  : loaded 2 times (x 69B)
Class com.google.common.collect.RangeGwtSerializationDependencies                     : loaded 2 times (x 69B)
Class kotlin.io.TextStreamsKt                                                         : loaded 2 times (x 69B)
Class kotlin.collections.EmptyIterator                                                : loaded 2 times (x 87B)
Class com.google.common.collect.Maps                                                  : loaded 2 times (x 69B)
Class com.google.common.collect.RegularImmutableMap                                   : loaded 2 times (x 119B)
Class com.google.common.collect.AbstractIndexedListIterator                           : loaded 2 times (x 94B)
Class kotlin.comparisons.ComparisonsKt___ComparisonsJvmKt                             : loaded 2 times (x 69B)
Class com.google.common.collect.ImmutableMultimap$Builder                             : loaded 2 times (x 84B)
Class org.jetbrains.kotlin.build.report.metrics.GradleBuildTime$Companion             : loaded 2 times (x 69B)
Class com.google.common.base.CharMatcher$None                                         : loaded 2 times (x 110B)
Class [Lorg.apache.commons.io.StandardLineSeparator;                                  : loaded 2 times (x 67B)
Class org.jetbrains.org.objectweb.asm.AnnotationVisitor                               : loaded 2 times (x 75B)
Class org.gradle.api.internal.classpath.EffectiveClassPath                            : loaded 2 times (x 88B)
Class org.apache.commons.io.StandardLineSeparator                                     : loaded 2 times (x 77B)
Class org.apache.commons.io.output.AppendableWriter                                   : loaded 2 times (x 98B)
Class com.google.common.collect.UnmodifiableListIterator                              : loaded 2 times (x 93B)
Class kotlin.jvm.internal.DefaultConstructorMarker                                    : loaded 2 times (x 69B)
Class com.google.common.io.Files                                                      : loaded 2 times (x 69B)
Class com.google.common.cache.CacheLoader$FunctionToCacheLoader                       : loaded 2 times (x 73B)
Class com.google.common.cache.CacheBuilder$1                                          : loaded 2 times (x 83B)
Class com.google.common.base.Splitter$Strategy                                        : loaded 2 times (x 68B)
Class com.google.common.cache.CacheBuilder$2                                          : loaded 2 times (x 77B)
Class com.google.common.collect.ImmutableList$1                                       : loaded 2 times (x 95B)
Class com.google.common.cache.CacheBuilder$3                                          : loaded 2 times (x 70B)
Class com.google.common.io.CharStreams                                                : loaded 2 times (x 69B)
Class com.google.common.collect.ImmutableMapEntrySet$RegularEntrySet                  : loaded 2 times (x 150B)
Class com.google.common.base.Predicates$CompositionPredicate                          : loaded 2 times (x 86B)
Class [Lcom.google.common.cache.RemovalListener;                                      : loaded 2 times (x 67B)
Class [Lcom.google.common.collect.ImmutableMapEntry;                                  : loaded 2 times (x 67B)
Class com.google.common.collect.Interners                                             : loaded 2 times (x 69B)
Class com.google.common.collect.MapMakerInternalMap$Strength$1                        : loaded 2 times (x 78B)
Class org.gradle.internal.installation.CurrentGradleInstallation                      : loaded 2 times (x 71B)
Class com.google.common.collect.MapMakerInternalMap$Strength$2                        : loaded 2 times (x 78B)
Class kotlin.Metadata                                                                 : loaded 2 times (x 68B)
Class org.gradle.internal.installation.CurrentGradleInstallationLocator               : loaded 2 times (x 69B)
Class com.google.common.base.Splitter                                                 : loaded 2 times (x 70B)
Class [Lcom.google.common.cache.LocalCache$Segment;                                   : loaded 2 times (x 67B)
Class org.gradle.api.internal.classpath.Module                                        : loaded 2 times (x 68B)
Class com.google.common.io.ByteSource$ByteArrayByteSource                             : loaded 2 times (x 83B)
Class com.google.common.collect.Multimaps$CustomSetMultimap                           : loaded 2 times (x 176B)
Class kotlin.sequences.FilteringSequence                                              : loaded 2 times (x 73B)
Class com.google.common.collect.ImmutableSortedSet                                    : loaded 2 times (x 234B)
Class org.jetbrains.org.objectweb.asm.ClassReader                                     : loaded 2 times (x 89B)
Class kotlin.annotation.Target                                                        : loaded 2 times (x 68B)
Class com.google.common.base.Splitter$1$1                                             : loaded 2 times (x 84B)
Class com.google.common.collect.MapMakerInternalMap$Segment                           : loaded 2 times (x 140B)
Class com.google.common.collect.SetMultimap                                           : loaded 2 times (x 68B)
Class com.google.common.collect.Maps$IteratorBasedAbstractMap                         : loaded 2 times (x 123B)
Class com.google.common.collect.RegularImmutableSortedSet                             : loaded 2 times (x 234B)
Class com.google.common.collect.ImmutableSet$JdkBackedSetBuilderImpl                  : loaded 2 times (x 74B)
Class com.google.common.reflect.Types$TypeVariableInvocationHandler                   : loaded 2 times (x 73B)
Class com.google.common.reflect.Types$ClassOwnership                                  : loaded 2 times (x 78B)
Class com.google.common.collect.ImmutableSet$RegularSetBuilderImpl                    : loaded 2 times (x 75B)
Class [Lorg.objectweb.asm.AnnotationWriter;                                           : loaded 2 times (x 67B)
Class org.gradle.internal.service.CachingServiceLocator                               : loaded 2 times (x 80B)
Class [Lorg.jetbrains.org.objectweb.asm.SymbolTable$Entry;                            : loaded 2 times (x 67B)
Class org.jetbrains.org.objectweb.asm.ModuleWriter                                    : loaded 2 times (x 79B)
Class [Lcom.google.common.collect.ImmutableEntry;                                     : loaded 2 times (x 67B)
Class com.google.common.base.CharMatcher$IsNot                                        : loaded 2 times (x 109B)
Class kotlin.sequences.FilteringSequence$iterator$1                                   : loaded 2 times (x 77B)
Class com.google.common.collect.Sets$ImprovedAbstractSet                              : loaded 2 times (x 133B)
Class com.google.common.collect.AbstractMapBasedMultimap$AsMap                        : loaded 2 times (x 126B)
Class org.gradle.internal.classpath.DefaultClassPath                                  : loaded 2 times (x 88B)
Class com.google.common.collect.AbstractSetMultimap                                   : loaded 2 times (x 172B)
Class com.google.common.collect.MapMakerInternalMap$1                                 : loaded 2 times (x 81B)
Class org.jetbrains.org.objectweb.asm.FieldVisitor                                    : loaded 2 times (x 74B)
Class kotlin.annotation.Retention                                                     : loaded 2 times (x 68B)
Class com.google.common.util.concurrent.AbstractFuture$SetFuture                      : loaded 2 times (x 73B)
Class com.google.common.base.CharMatcher                                              : loaded 2 times (x 109B)
Class org.jetbrains.org.objectweb.asm.AnnotationWriter                                : loaded 2 times (x 76B)
Class com.google.common.collect.CollectCollectors                                     : loaded 2 times (x 69B)
Class kotlin.jvm.internal.CallableReference$NoReceiver                                : loaded 2 times (x 69B)
Class org.objectweb.asm.FieldWriter                                                   : loaded 2 times (x 76B)
Class com.google.common.collect.TransformedIterator                                   : loaded 2 times (x 78B)
Class com.google.common.base.Splitter$SplittingIterator                               : loaded 2 times (x 82B)
Class com.google.common.collect.ImmutableMultisetGwtSerializationDependencies         : loaded 2 times (x 123B)
Class com.google.common.reflect.TypeParameter                                         : loaded 2 times (x 70B)
Class org.jetbrains.org.objectweb.asm.Attribute                                       : loaded 2 times (x 73B)
Class com.google.common.collect.MapMakerInternalMap$InternalEntryHelper               : loaded 2 times (x 68B)
Class com.google.common.collect.ImmutableListMultimap                                 : loaded 2 times (x 174B)
Class com.google.common.cache.LocalCache$LocalManualCache$1                           : loaded 2 times (x 73B)
Class com.google.common.reflect.Types$ClassOwnership$1LocalClass                      : loaded 2 times (x 69B)
Class com.google.common.cache.LocalCache$StrongEntry                                  : loaded 2 times (x 106B)
Class com.google.common.collect.Lists$RandomAccessReverseList                         : loaded 2 times (x 160B)
Class com.google.common.collect.ImmutableMap$SerializedForm                           : loaded 2 times (x 71B)
Class kotlin.jvm.functions.Function2                                                  : loaded 2 times (x 68B)
Class kotlin.jvm.functions.Function3                                                  : loaded 2 times (x 68B)
Class [Lcom.google.common.collect.AbstractIterator$State;                             : loaded 2 times (x 67B)
Class org.objectweb.asm.SymbolTable$Entry                                             : loaded 2 times (x 72B)
Class [Lcom.google.common.cache.LocalCache$EntryFactory;                              : loaded 2 times (x 67B)
Class org.apache.commons.io.Charsets                                                  : loaded 2 times (x 69B)
Class settings_8an8lvvuhe8n69gayy8h9a9jb                                              : loaded 2 times (x 177B)
Class com.google.common.base.CharMatcher$Is                                           : loaded 2 times (x 109B)
Class com.google.common.collect.Maps$AbstractFilteredMap                              : loaded 2 times (x 125B)
Class com.google.common.base.Platform                                                 : loaded 2 times (x 69B)
Class com.google.common.collect.RegularImmutableAsList                                : loaded 2 times (x 177B)
Class com.google.common.base.Suppliers$NonSerializableMemoizingSupplier               : loaded 2 times (x 77B)
Class com.google.common.collect.PeekingIterator                                       : loaded 2 times (x 68B)
Class org.apache.commons.io.function.IOSupplier                                       : loaded 2 times (x 68B)
Class [Lcom.google.common.base.Supplier;                                              : loaded 2 times (x 67B)
Class com.google.common.collect.ImmutableSetMultimap                                  : loaded 2 times (x 178B)
Class kotlin._Assertions                                                              : loaded 2 times (x 69B)
Class com.google.common.collect.AbstractMapBasedMultimap$WrappedSet                   : loaded 2 times (x 140B)
Class com.google.common.collect.ImmutableEntry                                        : loaded 2 times (x 80B)
Class org.apache.commons.io.CloseableURLConnection                                    : loaded 2 times (x 114B)
Class com.google.common.reflect.TypeResolver$TypeTable$1                              : loaded 2 times (x 71B)
Class com.google.common.collect.ImmutableMapEntrySet                                  : loaded 2 times (x 150B)
Class com.google.common.cache.CacheLoader                                             : loaded 2 times (x 72B)
Class com.google.common.collect.Lists$StringAsImmutableList                           : loaded 2 times (x 167B)
Class kotlin.reflect.KAnnotatedElement                                                : loaded 2 times (x 68B)
Class org.objectweb.asm.MethodTooLargeException                                       : loaded 2 times (x 81B)
Class kotlin.text.CharsKt                                                             : loaded 2 times (x 69B)
Class ijKotlinCoroutineJvmDebugInit1_47wgggy7g3aoyc50ehuy0dbm0                        : loaded 2 times (x 177B)
Class com.google.common.io.ByteArrayDataOutput                                        : loaded 2 times (x 68B)
Class com.google.common.collect.HashBiMap$Inverse                                     : loaded 2 times (x 140B)
Class org.jetbrains.org.objectweb.asm.MethodTooLargeException                         : loaded 2 times (x 81B)
Class org.apache.commons.io.output.NullWriter                                         : loaded 2 times (x 97B)
Class com.google.common.cache.Cache                                                   : loaded 2 times (x 68B)
Class com.google.common.collect.Maps$EntrySet                                         : loaded 2 times (x 134B)
Class com.google.common.collect.ImmutableBiMap$Builder                                : loaded 2 times (x 80B)
Class org.gradle.internal.classloader.SystemClassLoaderSpec                           : loaded 2 times (x 69B)
Class com.google.common.io.LineBuffer                                                 : loaded 2 times (x 73B)
Class org.jetbrains.org.objectweb.asm.ByteVector                                      : loaded 2 times (x 76B)
Class org.jetbrains.kotlin.name.ClassId$Companion                                     : loaded 2 times (x 69B)
Class com.google.common.util.concurrent.internal.InternalFutureFailureAccess          : loaded 2 times (x 70B)
Class com.google.common.base.Charsets                                                 : loaded 2 times (x 69B)
Class com.google.common.collect.SingletonImmutableSet                                 : loaded 2 times (x 144B)
Class com.google.common.collect.Interners$InternerBuilder                             : loaded 2 times (x 74B)
Class [Lcom.google.common.base.AbstractIterator$State;                                : loaded 2 times (x 67B)
Class com.google.common.reflect.Types$TypeVariableImpl                                : loaded 2 times (x 70B)
Class com.google.common.collect.ImmutableMap$Builder                                  : loaded 2 times (x 80B)
Class com.google.common.io.LineReader$1                                               : loaded 2 times (x 73B)
Class com.google.common.io.ByteSource$SlicedByteSource                                : loaded 2 times (x 83B)
Class com.google.common.base.AbstractIterator                                         : loaded 2 times (x 78B)
Class org.objectweb.asm.ClassWriter                                                   : loaded 2 times (x 104B)
Class kotlin.text.Charsets                                                            : loaded 2 times (x 69B)
Class org.jetbrains.org.objectweb.asm.Label                                           : loaded 2 times (x 70B)
Class com.google.common.collect.Range                                                 : loaded 2 times (x 85B)
Class org.apache.commons.io.IOUtils                                                   : loaded 2 times (x 69B)
Class org.gradle.api.Action                                                           : loaded 2 times (x 68B)
Class kotlin.jvm.internal.FunctionBase                                                : loaded 2 times (x 68B)
Class org.apache.commons.io.filefilter.AbstractFileFilter                             : loaded 2 times (x 119B)
Class com.google.common.cache.CacheBuilder$OneWeigher                                 : loaded 2 times (x 80B)
Class kotlin.io.LinesSequence                                                         : loaded 2 times (x 73B)
Class kotlin.collections.MapWithDefault                                               : loaded 2 times (x 68B)
Class [Lcom.google.common.cache.CacheBuilder$OneWeigher;                              : loaded 2 times (x 67B)
Class com.google.common.collect.Iterators                                             : loaded 2 times (x 69B)
Class com.google.common.base.CharMatcher$Ascii                                        : loaded 2 times (x 110B)
Class com.google.common.base.CharMatcher$1                                            : loaded 2 times (x 111B)
Class com.google.common.cache.LocalCache$ComputingValueReference                      : loaded 2 times (x 94B)
Class com.google.common.cache.LocalCache$SoftValueReference                           : loaded 2 times (x 95B)
Class com.google.common.collect.ImmutableList$SerializedForm                          : loaded 2 times (x 71B)
Class org.gradle.api.UncheckedIOException                                             : loaded 2 times (x 80B)
Class com.google.common.base.CharMatcher$And                                          : loaded 2 times (x 110B)
Class build_b4r1rbaiu50w5g4wgrtlvtexx                                                 : loaded 2 times (x 178B)
Class com.google.common.io.ByteSource$ConcatenatedByteSource                          : loaded 2 times (x 83B)
Class [Lcom.google.common.io.FileWriteMode;                                           : loaded 2 times (x 67B)
Class com.google.common.io.Files$FileByteSink                                         : loaded 2 times (x 75B)
Class com.google.common.collect.IndexedImmutableSet                                   : loaded 2 times (x 150B)
Class com.google.common.base.ExtraObjectsMethodsForWeb                                : loaded 2 times (x 69B)
Class org.jetbrains.org.objectweb.asm.SymbolTable                                     : loaded 2 times (x 70B)
Class [Lkotlin.jvm.functions.Function1;                                               : loaded 2 times (x 67B)
Class com.google.common.collect.IndexedImmutableSet$1                                 : loaded 2 times (x 173B)
Class com.google.common.collect.AbstractListMultimap                                  : loaded 2 times (x 170B)
Class org.apache.commons.io.file.PathVisitor                                          : loaded 2 times (x 68B)
Class org.apache.commons.io.output.UnsynchronizedByteArrayOutputStream                : loaded 2 times (x 100B)
Class com.google.common.cache.LocalCache$Strength                                     : loaded 2 times (x 79B)
Class com.google.common.collect.AbstractMapBasedMultimap$KeySet                       : loaded 2 times (x 135B)
Class com.google.common.collect.SortedIterable                                        : loaded 2 times (x 68B)
Class com.google.common.collect.ArrayListMultimapGwtSerializationDependencies         : loaded 2 times (x 170B)
Class com.google.common.collect.AbstractMultimap                                      : loaded 2 times (x 121B)
Class kotlin.io.FilePathComponents                                                    : loaded 2 times (x 70B)
Class com.google.common.collect.AbstractMapBasedMultimap$RandomAccessWrappedList      : loaded 2 times (x 165B)
Class org.objectweb.asm.Handler                                                       : loaded 2 times (x 70B)
Class org.gradle.api.internal.classpath.GlobalCacheRootsProvider                      : loaded 2 times (x 68B)
Class com.google.common.collect.ListMultimap                                          : loaded 2 times (x 68B)
Class [Lorg.jetbrains.org.objectweb.asm.Symbol;                                       : loaded 2 times (x 67B)
Class [Lcom.google.common.collect.MapMaker$Dummy;                                     : loaded 2 times (x 67B)
Class com.google.common.collect.ImmutableList$SubList                                 : loaded 2 times (x 169B)
Class com.google.common.collect.ImmutableEnumSet                                      : loaded 2 times (x 144B)
Class com.google.common.cache.LocalCache$ValueReference                               : loaded 2 times (x 68B)
Class com.google.common.collect.CollectSpliterators                                   : loaded 2 times (x 69B)
Class org.jetbrains.org.objectweb.asm.RecordComponentWriter                           : loaded 2 times (x 76B)
Class com.google.common.io.Java8Compatibility                                         : loaded 2 times (x 69B)
Class org.gradle.internal.classloader.ClasspathUtil                                   : loaded 2 times (x 69B)
Class org.apache.commons.io.filefilter.AndFileFilter                                  : loaded 2 times (x 130B)
Class org.apache.commons.io.FileUtils                                                 : loaded 2 times (x 69B)
Class org.objectweb.asm.CurrentFrame                                                  : loaded 2 times (x 71B)
Class com.google.common.util.concurrent.AbstractFuture                                : loaded 2 times (x 93B)
Class org.jetbrains.org.objectweb.asm.SymbolTable$Entry                               : loaded 2 times (x 72B)
Class com.google.common.collect.FluentIterable$3                                      : loaded 2 times (x 79B)
Class com.google.common.reflect.TypeResolver                                          : loaded 2 times (x 70B)
Class build_b4r1rbaiu50w5g4wgrtlvtexx$_run_closure1                                   : loaded 2 times (x 137B)
Class [Lorg.apache.commons.io.FileSystem;                                             : loaded 2 times (x 67B)
Class com.google.common.collect.FluentIterable$2                                      : loaded 2 times (x 79B)
Class com.google.common.base.Splitter$1                                               : loaded 2 times (x 75B)
Class com.google.common.collect.TransformedListIterator                               : loaded 2 times (x 91B)
Class com.google.common.cache.LocalCache$ValueIterator                                : loaded 2 times (x 84B)
Class com.google.common.base.Ticker$1                                                 : loaded 2 times (x 70B)
Class com.google.common.collect.Maps$BiMapConverter                                   : loaded 2 times (x 88B)
Class org.gradle.api.internal.DefaultClassPathRegistry                                : loaded 2 times (x 74B)
Class com.google.common.collect.AbstractIterator$State                                : loaded 2 times (x 77B)
Class com.google.common.util.concurrent.AbstractFuture$Cancellation                   : loaded 2 times (x 70B)
Class [Lorg.objectweb.asm.Symbol;                                                     : loaded 2 times (x 67B)
Class com.google.common.collect.Interner                                              : loaded 2 times (x 68B)
Class com.google.common.base.Predicates                                               : loaded 2 times (x 69B)
Class com.google.common.collect.ImmutableSet$SetBuilderImpl                           : loaded 2 times (x 74B)
Class org.gradle.api.internal.classpath.DefaultModuleRegistry$DefaultModule           : loaded 2 times (x 84B)
Class com.google.common.io.LineReader                                                 : loaded 2 times (x 70B)
Class com.google.common.collect.ImmutableMap$1                                        : loaded 2 times (x 79B)
Class com.google.common.base.CharMatcher$Or                                           : loaded 2 times (x 110B)
Class com.google.common.cache.RemovalCause$1                                          : loaded 2 times (x 78B)
Class com.google.common.cache.RemovalCause$2                                          : loaded 2 times (x 78B)
Class com.google.common.cache.RemovalCause$3                                          : loaded 2 times (x 78B)
Class com.google.common.collect.ImmutableBiMap$SerializedForm                         : loaded 2 times (x 73B)
Class com.google.common.cache.RemovalCause$4                                          : loaded 2 times (x 78B)
Class com.google.common.cache.RemovalCause$5                                          : loaded 2 times (x 78B)
Class kotlin.comparisons.ComparisonsKt___ComparisonsKt                                : loaded 2 times (x 69B)
Class com.google.common.base.Suppliers$SupplierOfInstance                             : loaded 2 times (x 77B)
Class org.objectweb.asm.RecordComponentVisitor                                        : loaded 2 times (x 75B)
Class org.jetbrains.kotlin.build.report.metrics.GradleBuildTime                       : loaded 2 times (x 84B)
Class com.google.common.reflect.Types$ClassOwnership$1                                : loaded 2 times (x 78B)
Class com.google.common.reflect.Invokable                                             : loaded 2 times (x 99B)
Class com.google.common.reflect.Types$ClassOwnership$2                                : loaded 2 times (x 78B)
Class com.google.common.reflect.Types$ClassOwnership$3                                : loaded 2 times (x 69B)
Class com.google.common.cache.LocalCache$HashIterator                                 : loaded 2 times (x 84B)
Class com.google.common.collect.Iterables                                             : loaded 2 times (x 69B)
Class com.google.common.cache.LocalCache$WriteThroughEntry                            : loaded 2 times (x 77B)
Class org.objectweb.asm.ClassTooLargeException                                        : loaded 2 times (x 81B)
Class org.gradle.api.internal.classpath.UnknownModuleException                        : loaded 2 times (x 80B)
Class com.google.common.collect.FluentIterable$1                                      : loaded 2 times (x 79B)
Class com.google.common.collect.FluentIterable                                        : loaded 2 times (x 79B)
Class com.google.common.util.concurrent.AbstractFuture$Listener                       : loaded 2 times (x 70B)
Class com.google.common.collect.CollectSpliterators$1                                 : loaded 2 times (x 88B)
Class org.apache.commons.io.output.AbstractByteArrayOutputStream                      : loaded 2 times (x 100B)
Class com.google.common.collect.MapMakerInternalMap$StrongKeyDummyValueEntry$LinkedStrongKeyDummyValueEntry: loaded 2 times (x 80B)
Class com.google.common.collect.Iterables$4                                           : loaded 2 times (x 79B)
Class com.google.common.collect.Iterables$5                                           : loaded 2 times (x 79B)
Class org.objectweb.asm.Edge                                                          : loaded 2 times (x 70B)
Class com.google.common.collect.Maps$EntryTransformer                                 : loaded 2 times (x 68B)
Class com.google.common.collect.ImmutableCollection$Builder                           : loaded 2 times (x 74B)
Class org.gradle.api.internal.classpath.DefaultModuleRegistry                         : loaded 2 times (x 84B)
Class com.google.common.io.ByteArrayDataInput                                         : loaded 2 times (x 68B)
Class com.google.common.cache.RemovalListener                                         : loaded 2 times (x 68B)
Class org.apache.commons.io.FilenameUtils                                             : loaded 2 times (x 69B)
Class [Lorg.objectweb.asm.SymbolTable$Entry;                                          : loaded 2 times (x 67B)
Class com.google.common.reflect.Types$JavaVersion                                     : loaded 2 times (x 81B)
Class com.google.common.collect.SingletonImmutableBiMap                               : loaded 2 times (x 141B)
Class com.google.common.io.FileWriteMode                                              : loaded 2 times (x 77B)
Class kotlin.text.CharsKt__CharJVMKt                                                  : loaded 2 times (x 69B)
Class org.apache.commons.io.file.PathFilter                                           : loaded 2 times (x 68B)
Class com.google.common.base.CommonPattern                                            : loaded 2 times (x 72B)
Class com.google.common.collect.CollectSpliterators$1WithCharacteristics              : loaded 2 times (x 88B)
Class com.google.common.base.Suppliers$MemoizingSupplier                              : loaded 2 times (x 77B)
Class com.google.common.base.Suppliers                                                : loaded 2 times (x 69B)
Class [Lorg.apache.commons.io.IOCase;                                                 : loaded 2 times (x 67B)
Class [Lcom.google.common.collect.Iterators$EmptyModifiableIterator;                  : loaded 2 times (x 67B)
Class org.gradle.internal.classpath.ClassPath                                         : loaded 2 times (x 68B)
Class com.google.common.cache.CacheLoader$SupplierToCacheLoader                       : loaded 2 times (x 73B)
Class org.objectweb.asm.ClassVisitor                                                  : loaded 2 times (x 86B)
Class com.google.common.collect.MapMakerInternalMap$StrongKeyDummyValueEntry          : loaded 2 times (x 80B)
Class com.google.common.cache.LoadingCache                                            : loaded 2 times (x 68B)
Class org.gradle.internal.service.ServiceLookupException                              : loaded 2 times (x 80B)
Class com.google.common.collect.SingletonImmutableList                                : loaded 2 times (x 167B)
Class com.google.common.collect.MapMakerInternalMap$StrongKeyDummyValueSegment        : loaded 2 times (x 140B)
Class org.jetbrains.org.objectweb.asm.Context                                         : loaded 2 times (x 70B)
Class com.google.common.base.Present                                                  : loaded 2 times (x 79B)
Class kotlin.collections.EmptySet                                                     : loaded 2 times (x 120B)
Class com.google.common.base.CharMatcher$NegatedFastMatcher                           : loaded 2 times (x 111B)
Class [Lorg.gradle.api.internal.ClassPathProvider;                                    : loaded 2 times (x 67B)
Class com.google.common.util.concurrent.AbstractFuture$SafeAtomicHelper               : loaded 2 times (x 77B)
Class com.google.common.collect.ImmutableMultimap$Values                              : loaded 2 times (x 124B)
Class com.google.common.collect.ImmutableRangeSet$AsSet                               : loaded 2 times (x 234B)
Class org.gradle.util.internal.GUtil                                                  : loaded 2 times (x 69B)
Class com.google.common.math.IntMath                                                  : loaded 2 times (x 69B)
Class [Lcom.google.common.reflect.Types$JavaVersion;                                  : loaded 2 times (x 67B)
Class com.google.common.collect.AbstractIterator                                      : loaded 2 times (x 80B)
Class org.gradle.internal.classloader.ClassLoaderSpec                                 : loaded 2 times (x 69B)
Class com.google.common.io.LineProcessor                                              : loaded 2 times (x 68B)
Class com.google.common.base.NullnessCasts                                            : loaded 2 times (x 69B)
Class com.google.common.io.CharSink                                                   : loaded 2 times (x 77B)
Class org.objectweb.asm.Frame                                                         : loaded 2 times (x 71B)
Class com.google.common.cache.LocalCache$LocalManualCache                             : loaded 2 times (x 97B)
Class com.google.common.collect.AbstractMapEntry                                      : loaded 2 times (x 79B)
Class com.google.common.collect.ImmutableList$Builder                                 : loaded 2 times (x 75B)
Class com.google.common.base.CharMatcher$Negated                                      : loaded 2 times (x 111B)
Class com.google.common.cache.CacheLoader$1                                           : loaded 2 times (x 73B)
Class [Lcom.google.common.collect.MapMakerInternalMap$Strength;                       : loaded 2 times (x 67B)
Class com.google.common.util.concurrent.AbstractFuture$TrustedFuture                  : loaded 2 times (x 95B)
Class com.google.common.cache.RemovalCause                                            : loaded 2 times (x 78B)
Class [Lkotlin.Pair;                                                                  : loaded 2 times (x 67B)
Class org.gradle.internal.classloader.InstrumentingClassLoader                        : loaded 2 times (x 68B)
Class com.google.common.collect.MapMakerInternalMap$InternalEntry                     : loaded 2 times (x 68B)
Class org.apache.commons.io.FileExistsException                                       : loaded 2 times (x 80B)
Class org.jetbrains.org.objectweb.asm.CurrentFrame                                    : loaded 2 times (x 71B)
Class com.google.common.collect.Maps$ViewCachingAbstractMap                           : loaded 2 times (x 123B)
Class com.google.common.collect.Sets                                                  : loaded 2 times (x 69B)
Class org.apache.commons.io.output.QueueOutputStream                                  : loaded 2 times (x 85B)
Class com.google.common.io.AppendableWriter                                           : loaded 2 times (x 98B)
Class com.google.common.collect.ImmutableSet$Builder                                  : loaded 2 times (x 83B)
Class com.google.common.collect.Sets$FilteredSet                                      : loaded 2 times (x 135B)
Class com.google.common.collect.MapMakerInternalMap                                   : loaded 2 times (x 159B)
Class com.google.common.base.CharMatcher$ForPredicate                                 : loaded 2 times (x 110B)
Class com.google.common.collect.ImmutableMap$MapViewOfValuesAsSingletonSets           : loaded 2 times (x 124B)
Class com.google.common.collect.ImmutableMapKeySet                                    : loaded 2 times (x 150B)
Class org.apache.commons.io.output.StringBuilderWriter                                : loaded 2 times (x 98B)
Class com.google.common.base.MoreObjects                                              : loaded 2 times (x 69B)
Class com.google.common.collect.SortedMapDifference                                   : loaded 2 times (x 68B)
Class kotlin.collections.ArraysUtilJVM                                                : loaded 2 times (x 69B)
Class org.objectweb.asm.SymbolTable                                                   : loaded 2 times (x 70B)
Class [Lorg.objectweb.asm.AnnotationVisitor;                                          : loaded 2 times (x 67B)
Class com.google.common.cache.CacheStats                                              : loaded 2 times (x 69B)
Class org.objectweb.asm.Attribute                                                     : loaded 2 times (x 75B)
Class org.gradle.internal.classloader.VisitableURLClassLoader                         : loaded 2 times (x 115B)
Class com.google.common.cache.LocalCache$LocalLoadingCache                            : loaded 2 times (x 132B)
Class com.google.common.base.Supplier                                                 : loaded 2 times (x 68B)
Class com.google.common.collect.HashBiMap$BiEntry                                     : loaded 2 times (x 81B)
Class org.jetbrains.org.objectweb.asm.Symbol                                          : loaded 2 times (x 71B)
Class [Lcom.google.common.collect.AbstractMapEntry;                                   : loaded 2 times (x 67B)
Class com.google.common.collect.ImmutableMultimap$Keys                                : loaded 2 times (x 164B)
Class com.google.common.base.Objects                                                  : loaded 2 times (x 69B)
Class com.google.common.util.concurrent.AbstractFuture$AtomicHelper                   : loaded 2 times (x 76B)
Class com.google.common.collect.ImmutableBiMap                                        : loaded 2 times (x 141B)
Class org.gradle.internal.Cast                                                        : loaded 2 times (x 69B)
Class org.jetbrains.org.objectweb.asm.FieldWriter                                     : loaded 2 times (x 75B)
Class com.google.common.hash.PrimitiveSink                                            : loaded 2 times (x 68B)
Class org.apache.commons.io.FileSystem                                                : loaded 2 times (x 78B)
Class com.google.common.collect.NullnessCasts                                         : loaded 2 times (x 69B)
Class org.gradle.api.internal.ClassPathRegistry                                       : loaded 2 times (x 68B)
Class com.google.common.cache.LocalCache$EntryFactory                                 : loaded 2 times (x 81B)
Class com.google.common.util.concurrent.UncheckedExecutionException                   : loaded 2 times (x 80B)
Class com.google.common.collect.ImmutableSet                                          : loaded 2 times (x 143B)
Class org.gradle.internal.classloader.VisitableURLClassLoader$InstrumentingVisitableURLClassLoader: loaded 2 times (x 121B)
Class org.gradle.internal.classloader.ClassLoaderHierarchy                            : loaded 2 times (x 68B)
Class com.google.common.collect.Maps$IteratorBasedAbstractMap$1                       : loaded 2 times (x 136B)
Class com.google.common.io.ByteSource                                                 : loaded 2 times (x 82B)
Class org.apache.commons.io.file.DeleteOption                                         : loaded 2 times (x 68B)
Class [Lorg.jetbrains.org.objectweb.asm.Label;                                        : loaded 2 times (x 67B)
Class kotlin.text.CharsKt__CharKt                                                     : loaded 2 times (x 69B)
Class com.google.common.collect.Lists$ReverseList                                     : loaded 2 times (x 160B)
Class com.google.common.io.Closer$Suppressor                                          : loaded 2 times (x 68B)
Class [Lorg.jetbrains.org.objectweb.asm.AnnotationWriter;                             : loaded 2 times (x 67B)
Class com.google.common.collect.AbstractMapBasedMultimap$WrappedList                  : loaded 2 times (x 165B)
Class [Lorg.objectweb.asm.Type;                                                       : loaded 2 times (x 67B)
Class com.google.common.collect.MapMakerInternalMap$WeakValueReference                : loaded 2 times (x 68B)
Class com.google.common.base.AbstractIterator$State                                   : loaded 2 times (x 77B)
Class com.google.common.collect.Lists$ReverseList$1                                   : loaded 2 times (x 97B)
Class com.google.common.cache.Weigher                                                 : loaded 2 times (x 68B)
Class com.google.common.collect.MapMakerInternalMap$StrongValueEntry                  : loaded 2 times (x 68B)
Class com.google.common.base.CharMatcher$NamedFastMatcher                             : loaded 2 times (x 110B)
Class org.gradle.internal.InternalTransformer                                         : loaded 2 times (x 68B)
Class com.google.common.collect.AbstractMapBasedMultimap$AsMap$AsMapEntries           : loaded 2 times (x 136B)
Class org.apache.commons.io.output.NullOutputStream                                   : loaded 2 times (x 83B)
Class org.objectweb.asm.ModuleVisitor                                                 : loaded 2 times (x 79B)
Class org.jetbrains.org.objectweb.asm.ClassVisitor                                    : loaded 2 times (x 85B)
Class org.gradle.internal.service.ServiceLocator                                      : loaded 2 times (x 68B)
Class org.jetbrains.org.objectweb.asm.MethodVisitor                                   : loaded 2 times (x 102B)
Class com.google.common.collect.ImmutableRangeSet$1                                   : loaded 2 times (x 170B)
Class com.google.common.util.concurrent.SettableFuture                                : loaded 2 times (x 95B)
Class com.google.common.io.Files$2                                                    : loaded 2 times (x 74B)
Class com.google.common.collect.ImmutableMapEntry                                     : loaded 2 times (x 83B)
Class com.google.common.reflect.Types$ParameterizedTypeImpl                           : loaded 2 times (x 79B)
Class com.google.common.collect.Maps$EntryFunction                                    : loaded 2 times (x 89B)
Class com.google.common.io.ByteStreams                                                : loaded 2 times (x 69B)
Class org.jetbrains.kotlin.name.Name                                                  : loaded 2 times (x 73B)
Class kotlin.reflect.KFunction                                                        : loaded 2 times (x 68B)
Class com.google.common.base.Joiner$1                                                 : loaded 2 times (x 78B)
Class org.apache.commons.io.filefilter.ConditionalFileFilter                          : loaded 2 times (x 68B)
Class kotlin.jvm.KotlinReflectionNotSupportedError                                    : loaded 2 times (x 80B)
Class com.google.common.collect.MapMaker                                              : loaded 2 times (x 70B)
Class com.google.common.base.Joiner$2                                                 : loaded 2 times (x 77B)
Class com.google.common.collect.HashBiMap                                             : loaded 2 times (x 141B)
Class org.apache.commons.io.function.IOFunction                                       : loaded 2 times (x 68B)
Class org.jetbrains.org.objectweb.asm.ModuleVisitor                                   : loaded 2 times (x 78B)
Class ijKotlinCoroutineJvmDebugInit1_47wgggy7g3aoyc50ehuy0dbm0$_run_closure1$_closure2: loaded 2 times (x 137B)
Class com.google.common.collect.ImmutableMultiset                                     : loaded 2 times (x 161B)
Class com.google.common.reflect.Types$JavaVersion$1                                   : loaded 2 times (x 81B)
Class com.google.common.base.CharMatcher$FastMatcher                                  : loaded 2 times (x 109B)
Class com.google.common.reflect.Types$JavaVersion$2                                   : loaded 2 times (x 81B)
Class com.google.common.reflect.Types$JavaVersion$3                                   : loaded 2 times (x 81B)
Class org.gradle.internal.classpath.DefaultClassPath$ImmutableUniqueList              : loaded 2 times (x 159B)
Class com.google.common.reflect.Types$JavaVersion$4                                   : loaded 2 times (x 81B)
Class com.google.common.reflect.Types$JavaVersion$5                                   : loaded 2 times (x 69B)
Class com.google.common.base.CharMatcher$JavaLetter                                   : loaded 2 times (x 109B)
Class com.google.common.collect.ImmutableMultimap$1                                   : loaded 2 times (x 80B)
Class com.google.common.collect.ImmutableMultimap$2                                   : loaded 2 times (x 79B)
Class org.gradle.internal.classpath.TransformedClassPath                              : loaded 2 times (x 94B)
Class com.google.common.collect.MapDifference                                         : loaded 2 times (x 68B)
Class com.google.common.io.ByteSource$EmptyByteSource                                 : loaded 2 times (x 83B)
Class com.google.common.reflect.TypeToken$SimpleTypeToken                             : loaded 2 times (x 71B)
Class com.google.common.collect.Sets$1                                                : loaded 2 times (x 137B)
Class com.google.common.collect.Sets$2                                                : loaded 2 times (x 137B)
Class com.google.common.util.concurrent.AbstractFuture$Trusted                        : loaded 2 times (x 68B)
Class com.google.common.collect.Sets$3                                                : loaded 2 times (x 137B)
Class com.google.common.graph.SuccessorsFunction                                      : loaded 2 times (x 68B)
Class com.google.common.collect.Sets$4                                                : loaded 2 times (x 137B)
Class org.jetbrains.kotlin.build.report.metrics.BuildTime                             : loaded 2 times (x 68B)
Class ijJvmDebugger1_2ji4yvz2nymw9ft1udyqzkuam$_run_closure1                          : loaded 2 times (x 137B)
Class com.google.common.reflect.Types$NativeTypeVariableEquals                        : loaded 2 times (x 69B)
Class com.google.common.collect.Iterators$MergingIterator                             : loaded 2 times (x 79B)
Class com.google.common.io.ByteSink                                                   : loaded 2 times (x 74B)
Class com.google.common.collect.AbstractMapBasedMultimap$WrappedCollection$WrappedIterator: loaded 2 times (x 82B)
Class org.objectweb.asm.MethodWriter                                                  : loaded 2 times (x 104B)
Class [Lcom.google.common.collect.MapMakerInternalMap$Segment;                        : loaded 2 times (x 67B)
Class com.google.common.collect.Multimaps                                             : loaded 2 times (x 69B)
Class com.google.common.collect.Platform                                              : loaded 2 times (x 69B)
Class com.google.common.collect.ImmutableAsList                                       : loaded 2 times (x 169B)
Class org.gradle.internal.installation.GradleInstallation                             : loaded 2 times (x 73B)
Class com.google.common.util.concurrent.ExecutionError                                : loaded 2 times (x 80B)
Class com.google.common.io.ByteSink$AsCharSink                                        : loaded 2 times (x 78B)
Class com.google.common.base.Equivalence$Identity                                     : loaded 2 times (x 80B)
Class ijKotlinCoroutineJvmDebugInit1_47wgggy7g3aoyc50ehuy0dbm0$_run_closure1          : loaded 2 times (x 137B)
Class com.google.common.base.CharMatcher$AnyOf                                        : loaded 2 times (x 110B)
Class com.google.common.base.CharMatcher$IsEither                                     : loaded 2 times (x 109B)
Class com.google.common.reflect.TypeCapture                                           : loaded 2 times (x 69B)
Class com.google.common.io.CharSource                                                 : loaded 2 times (x 83B)
Class com.google.common.cache.LocalCache                                              : loaded 2 times (x 185B)
Class com.google.common.collect.ImmutableRangeSet$Builder                             : loaded 2 times (x 75B)
Class org.jetbrains.kotlin.name.FqNameUnsafe$1                                        : loaded 2 times (x 72B)
Class org.apache.commons.io.IOCase                                                    : loaded 2 times (x 78B)
Class com.google.common.collect.RegularImmutableList                                  : loaded 2 times (x 173B)
Class com.google.common.util.concurrent.AbstractFuture$UnsafeAtomicHelper$1           : loaded 2 times (x 74B)
Class [Lorg.apache.commons.io.file.DeleteOption;                                      : loaded 2 times (x 67B)
Class org.apache.commons.io.file.PathUtils                                            : loaded 2 times (x 69B)
Class [Lkotlin.Function;                                                              : loaded 2 times (x 67B)
Class com.google.common.collect.Multiset                                              : loaded 2 times (x 68B)
Class com.google.common.collect.ImmutableSet$CachingAsList                            : loaded 2 times (x 146B)
Class kotlin.comparisons.ComparisonsKt__ComparisonsKt                                 : loaded 2 times (x 69B)
Class kotlin.collections.EmptyMap                                                     : loaded 2 times (x 107B)
Class com.google.common.reflect.Invokable$ConstructorInvokable                        : loaded 2 times (x 103B)
Class org.objectweb.asm.MethodVisitor                                                 : loaded 2 times (x 103B)
Class kotlin.io.ByteStreamsKt                                                         : loaded 2 times (x 69B)
Class com.google.common.collect.AbstractMapBasedMultimap$KeySet$1                     : loaded 2 times (x 80B)
Class com.google.common.collect.ImmutableMapEntry$NonTerminalImmutableMapEntry        : loaded 2 times (x 83B)
Class com.google.common.collect.AbstractMapBasedMultimap                              : loaded 2 times (x 137B)


---------------  S Y S T E M  ---------------

OS:
 Windows 11 , 64 bit Build 26100 (10.0.26100.8875)
OS uptime: 6 days 21:47 hours

CPU: total 24 (initial active 24) (24 cores per cpu, 2 threads per core) family 25 model 33 stepping 2 microcode 0xa201210, cx8, cmov, fxsr, ht, mmx, 3dnowpref, sse, sse2, sse3, ssse3, sse4a, sse4.1, sse4.2, popcnt, lzcnt, tsc, tscinvbit, avx, avx2, aes, erms, clmul, bmi1, bmi2, adx, sha, fma, vzeroupper, clflush, clflushopt
Processor Information for all 24 processors :
  Max Mhz: 3700, Current Mhz: 3700, Mhz Limit: 3700

Memory: 4k page, system-wide physical 32676M (5939M free)
TotalPageFile size 42656M (AvailPageFile size 169M)
current process WorkingSet (physical memory assigned to process): 1537M, peak: 2081M
current process commit charge ("private bytes"): 1666M, peak: 2315M

vm_info: OpenJDK 64-Bit Server VM (17.0.14+1-b1367.22) for windows-amd64 JRE (17.0.14+1-b1367.22), built on 2025-01-30 by "builduser" with MS VC++ 16.10 / 16.11 (VS2019)

END.
