#
# There is insufficient memory for the Java Runtime Environment to continue.
# Native memory allocation (mmap) failed to map 542113792 bytes. Error detail: G1 virtual space
# Possible reasons:
#   The system is out of physical RAM or swap space
#   This process is running with CompressedOops enabled, and the Java Heap may be blocking the growth of the native heap
# Possible solutions:
#   Reduce memory load on the system
#   Increase physical memory or swap space
#   Check if swap backing store is full
#   Decrease Java heap size (-Xmx/-Xms)
#   Decrease number of Java threads
#   Decrease Java thread stack sizes (-Xss)
#   Set larger code cache with -XX:ReservedCodeCacheSize=
#   JVM is running with Unscaled Compressed Oops mode in which the Java heap is
#     placed in the first 4GB address space. The Java Heap base address is the
#     maximum limit for the native heap growth. Please use -XX:HeapBaseMinAddress
#     to set the Java Heap base and to place the Java Heap above 4GB virtual address.
# This output file may be truncated or incomplete.
#
#  Out of Memory Error (os_windows.cpp:3830), pid=46552, tid=15036
#
# JRE version: OpenJDK Runtime Environment JBR-17.0.14+1-1367.22-nomod (17.0.14+1) (build 17.0.14+1-b1367.22)
# Java VM: OpenJDK 64-Bit Server VM JBR-17.0.14+1-1367.22-nomod (17.0.14+1-b1367.22, mixed mode, sharing, tiered, compressed oops, compressed class ptrs, g1 gc, windows-amd64)
# No core dump will be written. Minidumps are not enabled by default on client versions of Windows
#

---------------  S U M M A R Y ------------

Command Line: --add-opens=java.base/java.lang=ALL-UNNAMED --add-opens=java.base/java.lang.invoke=ALL-UNNAMED --add-opens=java.base/java.util=ALL-UNNAMED --add-opens=java.prefs/java.util.prefs=ALL-UNNAMED --add-exports=jdk.compiler/com.sun.tools.javac.api=ALL-UNNAMED --add-exports=jdk.compiler/com.sun.tools.javac.util=ALL-UNNAMED --add-opens=java.base/java.util=ALL-UNNAMED --add-opens=java.prefs/java.util.prefs=ALL-UNNAMED --add-opens=java.base/java.nio.charset=ALL-UNNAMED --add-opens=java.base/java.net=ALL-UNNAMED --add-opens=java.base/java.util.concurrent.atomic=ALL-UNNAMED --add-opens=java.xml/javax.xml.namespace=ALL-UNNAMED -Xmx2048m -Dfile.encoding=UTF-8 -Duser.country=US -Duser.language=en -Duser.variant -javaagent:C:\Users\Wire\.gradle\wrapper\dists\gradle-8.13-bin\5xuhj0ry160q40clulazy9h7d\gradle-8.13\lib\agents\gradle-instrumentation-agent-8.13.jar org.gradle.launcher.daemon.bootstrap.GradleDaemon 8.13

Host: AMD Ryzen 9 5900X 12-Core Processor            , 24 cores, 31G,  Windows 11 , 64 bit Build 26100 (10.0.26100.8875)
Time: Sun Jul 19 10:00:08 2026 Pacific Daylight Time elapsed time: 37.814339 seconds (0d 0h 0m 37s)

---------------  T H R E A D  ---------------

Current thread (0x000001ecad277550):  VMThread "VM Thread" [stack: 0x00000008d6e00000,0x00000008d6f00000] [id=15036]

Stack: [0x00000008d6e00000,0x00000008d6f00000]
Native frames: (J=compiled Java code, j=interpreted, Vv=VM code, C=native code)
V  [jvm.dll+0x68b969]  os::platform_print_native_stack+0xd9  (os_windows_x86.cpp:235)
V  [jvm.dll+0x84572a]  VMError::report+0xc6a  (vmError.cpp:868)
V  [jvm.dll+0x8473ae]  VMError::report_and_die+0x78e  (vmError.cpp:1766)
V  [jvm.dll+0x847a13]  VMError::report_and_die+0x43  (vmError.cpp:1552)
V  [jvm.dll+0x24a83f]  report_vm_out_of_memory+0x8f  (debug.cpp:321)
V  [jvm.dll+0x688629]  os::pd_commit_memory_or_exit+0xc9  (os_windows.cpp:3838)
V  [jvm.dll+0x67cf3a]  os::commit_memory_or_exit+0x2a  (os.cpp:1768)
V  [jvm.dll+0x30b83b]  G1PageBasedVirtualSpace::commit+0x19b  (g1PageBasedVirtualSpace.cpp:204)
V  [jvm.dll+0x312d26]  G1RegionsLargerThanCommitSizeMapper::commit_regions+0x96  (g1RegionToSpaceMapper.cpp:100)
V  [jvm.dll+0x3630fe]  HeapRegionManager::expand_any+0xee  (heapRegionManager.cpp:363)
V  [jvm.dll+0x36333f]  HeapRegionManager::expand_by+0x7f  (heapRegionManager.cpp:380)
V  [jvm.dll+0x2e18cc]  G1CollectedHeap::expand+0xbc  (g1CollectedHeap.cpp:1292)
V  [jvm.dll+0x2dfc8f]  G1CollectedHeap::do_collection_pause_at_safepoint_helper+0x8bf  (g1CollectedHeap.cpp:3094)
V  [jvm.dll+0x2df3bc]  G1CollectedHeap::do_collection_pause_at_safepoint+0x5c  (g1CollectedHeap.cpp:2898)
V  [jvm.dll+0x323a7b]  VM_G1CollectForAllocation::doit+0x6b  (g1VMOperations.cpp:147)
V  [jvm.dll+0x84c11d]  VM_Operation::evaluate+0xfd  (vmOperations.cpp:73)
V  [jvm.dll+0x84ce62]  VMThread::evaluate_operation+0xd2  (vmThread.cpp:269)
V  [jvm.dll+0x84d38f]  VMThread::inner_execute+0x1af  (vmThread.cpp:417)
V  [jvm.dll+0x84d774]  VMThread::loop+0x254  (vmThread.cpp:481)
V  [jvm.dll+0x84d840]  VMThread::run+0x70  (vmThread.cpp:167)
V  [jvm.dll+0x7f3a1c]  Thread::call_run+0x8c  (thread.cpp:405)
V  [jvm.dll+0x68a7c7]  thread_native_entry+0x77  (os_windows.cpp:551)
C  [ucrtbase.dll+0x2cd30]
C  [KERNEL32.DLL+0x2e957]
C  [ntdll.dll+0xaad6c]

VM_Operation (0x00000008e88fdd50): G1CollectForAllocation, mode: safepoint, requested by thread 0x000001ecfe88f8f0


---------------  P R O C E S S  ---------------

Threads class SMR info:
_java_thread_list=0x000001ec8428eb30, length=279, elements={
0x000001ec91ed84f0, 0x000001ecad27a530, 0x000001ecad27b000, 0x000001ecad298380,
0x000001ecad298e50, 0x000001ecad29aa20, 0x000001ecad7ff9c0, 0x000001ecad800bd0,
0x000001ecad80b7b0, 0x000001ecad80f4d0, 0x000001ecad8eeba0, 0x000001ecada928b0,
0x000001ecf4fd2f20, 0x000001ecf4d93840, 0x000001ecf53b2cc0, 0x000001ecf412d9d0,
0x000001ecf3259e10, 0x000001ecf3259900, 0x000001ecf325a320, 0x000001ecf3257aa0,
0x000001ecf5d52280, 0x000001ecf5d4ff10, 0x000001ecf5d536c0, 0x000001ecf5d50e40,
0x000001ecf5d53bd0, 0x000001ecf5d54b00, 0x000001ecf9d529a0, 0x000001ecf9d4f700,
0x000001ecf960ab10, 0x000001ecf960a0f0, 0x000001ecf960bf50, 0x000001ecf96096d0,
0x000001ecf960ce80, 0x000001ecf9610630, 0x000001ecf8a31b70, 0x000001ecf8a37180,
0x000001ecf8a36760, 0x000001ecfaef0b20, 0x000001ecfaef5200, 0x000001ecfbc81320,
0x000001ecfbc82250, 0x000001ecfbc82760, 0x000001ecfbc82c70, 0x000001ecfbc7f9d0,
0x000001ecfbc854f0, 0x000001ecfbc86930, 0x000001ecfe88fe00, 0x000001ecf5fdd710,
0x000001ecad8ba9c0, 0x000001ecf72a10c0, 0x000001ecfaf2f0d0, 0x000001ecfbbe2980,
0x000001ec843da6d0, 0x000001ecfaf2f5e0, 0x000001ecfae9bed0, 0x000001ecfbbe33a0,
0x000001ecfe88f3e0, 0x000001ec85051060, 0x000001ecf9822200, 0x000001ecf9822c20,
0x000001ecf9823640, 0x000001ecfc9afd20, 0x000001ecfc9af810, 0x000001ecfc9ae3d0,
0x000001ecfc9aedf0, 0x000001ecf7691470, 0x000001ecfc9af300, 0x000001ecf64515c0,
0x000001ecf644ed40, 0x000001ecf6450690, 0x000001ecf6450ba0, 0x000001ecf6451ad0,
0x000001ecf644f760, 0x000001ecf8e9d6f0, 0x000001ecf7692f00, 0x000001ecf768f9e0,
0x000001ecf7691f10, 0x000001ecf76939a0, 0x000001ecf768ff30, 0x000001ecf8e9c7c0,
0x000001ecf8e9dc00, 0x000001ecf8e9e110, 0x000001ecf8e9ccd0, 0x000001ecf8e9d1e0,
0x000001ecf31e4630, 0x000001ecf31e4120, 0x000001ecf31e22c0, 0x000001ecf31e3700,
0x000001ecf31e31f0, 0x000001ecf31e4b40, 0x000001ecf31e5050, 0x000001ecf31e3c10,
0x000001ecf31e27d0, 0x000001ecf31e2ce0, 0x000001ecf31e5560, 0x000001ecf31e5a70,
0x000001ecf941f460, 0x000001ecf941e530, 0x000001ecf941cbe0, 0x000001ecf941e020,
0x000001ecf941d0f0, 0x000001ecf941db10, 0x000001ecf941ea40, 0x000001ecf941ef50,
0x000001ecf941f970, 0x000001ecf941fe80, 0x000001ecf9420390, 0x000001ecf941d600,
0x000001ecf7111770, 0x000001ecf71135d0, 0x000001ecf7111260, 0x000001ecf7110840,
0x000001ecf7112190, 0x000001ecf71126a0, 0x000001ecf71130c0, 0x000001ecf710fe20,
0x000001ecf7112bb0, 0x000001ecf7110d50, 0x000001ecf7111c80, 0x000001ecf7110330,
0x000001ecf601fc50, 0x000001ecf601f230, 0x000001ecf601f740, 0x000001ecf60215a0,
0x000001ecf60224d0, 0x000001ecf7694440, 0x000001ecf7693ef0, 0x000001ecf60229e0,
0x000001ecf6020160, 0x000001ecf6020670, 0x000001ecfba39d60, 0x000001ecfba3a780,
0x000001ecfba3caf0, 0x000001ecfba3c0d0, 0x000001ecfba39850, 0x000001ecfba3d000,
0x000001ecfba3bbc0, 0x000001ecfba3c5e0, 0x000001ecfba3a270, 0x000001ecfba3d510,
0x000001ecfba3e440, 0x000001ecfba3df30, 0x000001ecf60c42b0, 0x000001ecfba3da20,
0x000001ecfba3ac90, 0x000001ec843dabe0, 0x000001ec843d9cb0, 0x000001ec843da1c0,
0x000001ec843db0f0, 0x000001ec843db600, 0x000001ecf5c8a240, 0x000001ecf5c883e0,
0x000001ecf5c888f0, 0x000001ecf5c8a750, 0x000001ecf60c51e0, 0x000001ecf60c56f0,
0x000001ecf60c5c00, 0x000001ecf60c47c0, 0x000001ecf36867e0, 0x000001ecf3685dc0,
0x000001ecf3687200, 0x000001ecf36862d0, 0x000001ecf3687710, 0x000001ecf3688130,
0x000001ecf3686cf0, 0x000001ecf3687c20, 0x000001ecf3688640, 0x000001ecf3684e90,
0x000001ecf36853a0, 0x000001ecf36858b0, 0x000001ecf60c4cd0, 0x000001ecf9ce77b0,
0x000001ecf9ce6880, 0x000001ecf9ce7cc0, 0x000001ecf9ce6370, 0x000001ecf9ce9100,
0x000001ecf9ce72a0, 0x000001ecfbbe2470, 0x000001ecfbbe2e90, 0x000001ecfe007eb0,
0x000001ecfe0079a0, 0x000001ecfe0083c0, 0x000001ecfe008de0, 0x000001ecfe0088d0,
0x000001ecf7696970, 0x000001ecfba3e950, 0x000001ecf4353ae0, 0x000001ecf43530c0,
0x000001ec85050640, 0x000001ec85050b50, 0x000001ec85051570, 0x000001ec85050130,
0x000001ecfb5f1aa0, 0x000001ecfb5f1fb0, 0x000001ecfb5f24c0, 0x000001ecfb5eed10,
0x000001ecfb5f0150, 0x000001ecfb5ef220, 0x000001ecfb5f0b70, 0x000001ecfb5f0660,
0x000001ecfb5f1080, 0x000001ecfb5f1590, 0x000001ecfb5ef730, 0x000001ecfb5efc40,
0x000001ecfb0e0320, 0x000001ecfb0e0d40, 0x000001ecfb0e2690, 0x000001ecfb0e1250,
0x000001ecfb0e2180, 0x000001ecfb0e2ba0, 0x000001ecfb0e1760, 0x000001ecfdfd1bf0,
0x000001ecfdfd2610, 0x000001ecfdfd2b20, 0x000001ecfdfd3030, 0x000001ecfdfd3540,
0x000001ecfdfd2100, 0x000001ecfad2c760, 0x000001ecfad2bd40, 0x000001ecfad2c250,
0x000001ecfad2cc70, 0x000001ecfad2b320, 0x000001ecfad2b830, 0x000001ecfca36160,
0x000001ecfca375a0, 0x000001ecfca36b80, 0x000001ecfca37ab0, 0x000001ecfca37fc0,
0x000001ecfca38ef0, 0x000001ecfaf2ebc0, 0x000001ecfb1b7100, 0x000001ecfb1b57b0,
0x000001ecfb1b8030, 0x000001ecfb1b7b20, 0x000001ecfbfd9900, 0x000001ecad8baed0,
0x000001ecf9ce6d90, 0x000001ecad8bb8f0, 0x000001ecad8bb3e0, 0x000001ecad8bbe00,
0x000001ecad8bc310, 0x000001ecf78ff2d0, 0x000001ecf78fde90, 0x000001ecf78fe8b0,
0x000001ecfb0e30b0, 0x000001ecff4c97d0, 0x000001ecff4c7e80, 0x000001ecff4c8db0,
0x000001ecff4c88a0, 0x000001ecff4c8390, 0x000001ecfabdc8c0, 0x000001ecfabda550,
0x000001ecfabdcdd0, 0x000001ecfabdbea0, 0x000001ecf60ff550, 0x000001ecf60ffa60,
0x000001ec84f21940, 0x000001ec84f21430, 0x000001ec84f21e50, 0x000001ecfe68a2f0,
0x000001ecfe88f8f0, 0x000001ecf43535d0, 0x000001ecf5c86fa0, 0x000001ecfe007490,
0x000001ecfc10eff0, 0x000001ecfe0092f0, 0x000001ecfe689de0, 0x000001ecf729fc80,
0x000001ecfb0e1c70, 0x000001ecfbba1fc0, 0x000001ecfba3b1a0, 0x000001ecf60ff040,
0x000001ecf78fedc0, 0x000001ecf8cf4730, 0x000001ecf6021ab0, 0x000001ecfba3ee60,
0x000001ecf8bfd040, 0x000001ecf5c89820, 0x000001ecfbba2ef0
}

Java Threads: ( => current thread )
  0x000001ec91ed84f0 JavaThread "main" [_thread_blocked, id=45184, stack(0x00000008d6800000,0x00000008d6900000)]
  0x000001ecad27a530 JavaThread "Reference Handler" daemon [_thread_blocked, id=42860, stack(0x00000008d6f00000,0x00000008d7000000)]
  0x000001ecad27b000 JavaThread "Finalizer" daemon [_thread_blocked, id=4524, stack(0x00000008d7000000,0x00000008d7100000)]
  0x000001ecad298380 JavaThread "Signal Dispatcher" daemon [_thread_blocked, id=43740, stack(0x00000008d7100000,0x00000008d7200000)]
  0x000001ecad298e50 JavaThread "Attach Listener" daemon [_thread_blocked, id=44220, stack(0x00000008d7200000,0x00000008d7300000)]
  0x000001ecad29aa20 JavaThread "Service Thread" daemon [_thread_blocked, id=41668, stack(0x00000008d7300000,0x00000008d7400000)]
  0x000001ecad7ff9c0 JavaThread "Monitor Deflation Thread" daemon [_thread_blocked, id=39432, stack(0x00000008d7400000,0x00000008d7500000)]
  0x000001ecad800bd0 JavaThread "C2 CompilerThread0" daemon [_thread_blocked, id=32568, stack(0x00000008d7500000,0x00000008d7600000)]
  0x000001ecad80b7b0 JavaThread "C1 CompilerThread0" daemon [_thread_blocked, id=29288, stack(0x00000008d7600000,0x00000008d7700000)]
  0x000001ecad80f4d0 JavaThread "Sweeper thread" daemon [_thread_blocked, id=42972, stack(0x00000008d7700000,0x00000008d7800000)]
  0x000001ecad8eeba0 JavaThread "Common-Cleaner" daemon [_thread_blocked, id=36532, stack(0x00000008d7800000,0x00000008d7900000)]
  0x000001ecada928b0 JavaThread "Notification Thread" daemon [_thread_blocked, id=45400, stack(0x00000008d7c00000,0x00000008d7d00000)]
  0x000001ecf4fd2f20 JavaThread "Daemon health stats" [_thread_blocked, id=43904, stack(0x00000008d7f00000,0x00000008d8000000)]
  0x000001ecf4d93840 JavaThread "Incoming local TCP Connector on port 50869" [_thread_in_native, id=24724, stack(0x00000008d8000000,0x00000008d8100000)]
  0x000001ecf53b2cc0 JavaThread "Daemon periodic checks" [_thread_blocked, id=26652, stack(0x00000008d8d00000,0x00000008d8e00000)]
  0x000001ecf412d9d0 JavaThread "Daemon" [_thread_blocked, id=44676, stack(0x00000008d8e00000,0x00000008d8f00000)]
  0x000001ecf3259e10 JavaThread "Daemon worker" [_thread_blocked, id=45256, stack(0x00000008d9100000,0x00000008d9200000)]
  0x000001ecf3259900 JavaThread "Cache worker for journal cache (C:\Users\Wire\.gradle\caches\journal-1)" [_thread_blocked, id=50084, stack(0x00000008d9500000,0x00000008d9600000)]
  0x000001ecf325a320 JavaThread "File lock request listener" [_thread_in_native, id=36356, stack(0x00000008d9600000,0x00000008d9700000)]
  0x000001ecf3257aa0 JavaThread "Cache worker for file hash cache (C:\Users\Wire\.gradle\caches\8.13\fileHashes)" [_thread_blocked, id=29444, stack(0x00000008d9700000,0x00000008d9800000)]
  0x000001ecf5d52280 JavaThread "File watcher server" daemon [_thread_blocked, id=47740, stack(0x00000008d7900000,0x00000008d7a00000)]
  0x000001ecf5d4ff10 JavaThread "File watcher consumer" daemon [_thread_blocked, id=37416, stack(0x00000008d7a00000,0x00000008d7b00000)]
  0x000001ecf5d536c0 JavaThread "jar transforms" [_thread_blocked, id=7780, stack(0x00000008d8c00000,0x00000008d8d00000)]
  0x000001ecf5d50e40 JavaThread "jar transforms Thread 2" [_thread_blocked, id=6464, stack(0x00000008da400000,0x00000008da500000)]
  0x000001ecf5d53bd0 JavaThread "Cache worker for file content cache (C:\Users\Wire\.gradle\caches\8.13\fileContent)" [_thread_blocked, id=49276, stack(0x00000008dad00000,0x00000008dae00000)]
  0x000001ecf5d54b00 JavaThread "jar transforms Thread 3" [_thread_blocked, id=43924, stack(0x00000008dae00000,0x00000008daf00000)]
  0x000001ecf9d529a0 JavaThread "jar transforms Thread 4" [_thread_blocked, id=36128, stack(0x00000008dc500000,0x00000008dc600000)]
  0x000001ecf9d4f700 JavaThread "jar transforms Thread 5" [_thread_blocked, id=13336, stack(0x00000008dc600000,0x00000008dc700000)]
  0x000001ecf960ab10 JavaThread "jar transforms Thread 6" [_thread_blocked, id=40968, stack(0x00000008dd200000,0x00000008dd300000)]
  0x000001ecf960a0f0 JavaThread "jar transforms Thread 7" [_thread_blocked, id=28044, stack(0x00000008dd300000,0x00000008dd400000)]
  0x000001ecf960bf50 JavaThread "jar transforms Thread 8" [_thread_blocked, id=42280, stack(0x00000008dd400000,0x00000008dd500000)]
  0x000001ecf96096d0 JavaThread "jar transforms Thread 9" [_thread_blocked, id=41680, stack(0x00000008dd500000,0x00000008dd600000)]
  0x000001ecf960ce80 JavaThread "jar transforms Thread 10" [_thread_blocked, id=30476, stack(0x00000008dd900000,0x00000008dda00000)]
  0x000001ecf9610630 JavaThread "jar transforms Thread 11" [_thread_blocked, id=6112, stack(0x00000008ddb00000,0x00000008ddc00000)]
  0x000001ecf8a31b70 JavaThread "jar transforms Thread 12" [_thread_blocked, id=40940, stack(0x00000008e2700000,0x00000008e2800000)]
  0x000001ecf8a37180 JavaThread "jar transforms Thread 13" [_thread_blocked, id=44672, stack(0x00000008e2800000,0x00000008e2900000)]
  0x000001ecf8a36760 JavaThread "Memory manager" [_thread_blocked, id=16884, stack(0x00000008e2600000,0x00000008e2700000)]
  0x000001ecfaef0b20 JavaThread "jar transforms Thread 14" [_thread_blocked, id=49868, stack(0x00000008e2b00000,0x00000008e2c00000)]
  0x000001ecfaef5200 JavaThread "included builds" [_thread_blocked, id=49716, stack(0x00000008e2500000,0x00000008e2600000)]
  0x000001ecfbc81320 JavaThread "RMI Scheduler(0)" daemon [_thread_blocked, id=42532, stack(0x00000008e2400000,0x00000008e2500000)]
  0x000001ecfbc82250 JavaThread "RMI GC Daemon" daemon [_thread_blocked, id=35012, stack(0x00000008e5d00000,0x00000008e5e00000)]
  0x000001ecfbc82760 JavaThread "RMI TCP Accept-0" daemon [_thread_in_native, id=46324, stack(0x00000008ece00000,0x00000008ecf00000)]
  0x000001ecfbc82c70 JavaThread "RMI Reaper" [_thread_blocked, id=44152, stack(0x00000008ecf00000,0x00000008ed000000)]
  0x000001ecfbc7f9d0 JavaThread "RMI TCP Connection(3)-127.0.0.1" daemon [_thread_in_native, id=48960, stack(0x00000008ed000000,0x00000008ed100000)]
  0x000001ecfbc854f0 JavaThread "RMI TCP Connection(2)-127.0.0.1" daemon [_thread_in_native, id=15980, stack(0x00000008ed700000,0x00000008ed800000)]
  0x000001ecfbc86930 JavaThread "Cache worker for Java compile cache (C:\Users\Wire\.gradle\caches\8.13\javaCompile)" [_thread_blocked, id=43900, stack(0x00000008dab00000,0x00000008dac00000)]
  0x000001ecfe88fe00 JavaThread "ForkJoinPool.commonPool-worker-1" daemon [_thread_blocked, id=15504, stack(0x00000008f0400000,0x00000008f0500000)]
  0x000001ecf5fdd710 JavaThread "ForkJoinPool.commonPool-worker-2" daemon [_thread_blocked, id=3640, stack(0x00000008f0500000,0x00000008f0600000)]
  0x000001ecad8ba9c0 JavaThread "ForkJoinPool.commonPool-worker-3" daemon [_thread_blocked, id=45968, stack(0x00000008f0600000,0x00000008f0700000)]
  0x000001ecf72a10c0 JavaThread "ForkJoinPool.commonPool-worker-4" daemon [_thread_blocked, id=13676, stack(0x00000008f0700000,0x00000008f0800000)]
  0x000001ecfaf2f0d0 JavaThread "ForkJoinPool.commonPool-worker-5" daemon [_thread_blocked, id=48236, stack(0x00000008f0800000,0x00000008f0900000)]
  0x000001ecfbbe2980 JavaThread "ForkJoinPool.commonPool-worker-6" daemon [_thread_blocked, id=25524, stack(0x00000008f0900000,0x00000008f0a00000)]
  0x000001ec843da6d0 JavaThread "ForkJoinPool.commonPool-worker-7" daemon [_thread_blocked, id=43720, stack(0x00000008f0a00000,0x00000008f0b00000)]
  0x000001ecfaf2f5e0 JavaThread "ForkJoinPool.commonPool-worker-8" daemon [_thread_blocked, id=49704, stack(0x00000008f0b00000,0x00000008f0c00000)]
  0x000001ecfae9bed0 JavaThread "ForkJoinPool.commonPool-worker-9" daemon [_thread_blocked, id=3032, stack(0x00000008f0c00000,0x00000008f0d00000)]
  0x000001ecfbbe33a0 JavaThread "ForkJoinPool.commonPool-worker-10" daemon [_thread_blocked, id=45564, stack(0x00000008f0d00000,0x00000008f0e00000)]
  0x000001ecfe88f3e0 JavaThread "ForkJoinPool.commonPool-worker-11" daemon [_thread_blocked, id=40000, stack(0x00000008f0e00000,0x00000008f0f00000)]
  0x000001ec85051060 JavaThread "ForkJoinPool.commonPool-worker-12" daemon [_thread_blocked, id=45604, stack(0x00000008f0f00000,0x00000008f1000000)]
  0x000001ecf9822200 JavaThread "VFS cleanup" [_thread_blocked, id=3104, stack(0x00000008d7e00000,0x00000008d7f00000)]
  0x000001ecf9822c20 JavaThread "Handler for socket connection from /127.0.0.1:50869 to /127.0.0.1:50924" [_thread_in_native, id=32784, stack(0x00000008d9000000,0x00000008d9100000)]
  0x000001ecf9823640 JavaThread "Cancel handler" [_thread_blocked, id=48040, stack(0x00000008d9200000,0x00000008d9300000)]
  0x000001ecfc9afd20 JavaThread "Asynchronous log dispatcher for DefaultDaemonConnection: socket connection from /127.0.0.1:50869 to /127.0.0.1:50924" [_thread_blocked, id=28372, stack(0x00000008d9300000,0x00000008d9400000)]
  0x000001ecfc9af810 JavaThread "Stdin handler" [_thread_blocked, id=49948, stack(0x00000008d9400000,0x00000008d9500000)]
  0x000001ecfc9ae3d0 JavaThread "Daemon client event forwarder" [_thread_blocked, id=49000, stack(0x00000008d9800000,0x00000008d9900000)]
  0x000001ecfc9aedf0 JavaThread "Cache worker for file hash cache (C:\Users\Wire\AndroidStudioProjects\SignalDVR\.gradle\8.13\fileHashes)" [_thread_blocked, id=29700, stack(0x00000008d9900000,0x00000008d9a00000)]
  0x000001ecf7691470 JavaThread "C2 CompilerThread1" daemon [_thread_blocked, id=38508, stack(0x00000008da500000,0x00000008da600000)]
  0x000001ecfc9af300 JavaThread "Cache worker for Build Output Cleanup Cache (C:\Users\Wire\AndroidStudioProjects\SignalDVR\.gradle\buildOutputCleanup)" [_thread_blocked, id=38392, stack(0x00000008da600000,0x00000008da700000)]
  0x000001ecf64515c0 JavaThread "Cache worker for checksums cache (C:\Users\Wire\AndroidStudioProjects\SignalDVR\.gradle\8.13\checksums)" [_thread_blocked, id=47764, stack(0x00000008da700000,0x00000008da800000)]
  0x000001ecf644ed40 JavaThread "Cache worker for cache directory md-supplier (C:\Users\Wire\.gradle\caches\8.13\md-supplier)" [_thread_blocked, id=15836, stack(0x00000008da800000,0x00000008da900000)]
  0x000001ecf6450690 JavaThread "Cache worker for cache directory md-rule (C:\Users\Wire\.gradle\caches\8.13\md-rule)" [_thread_blocked, id=15060, stack(0x00000008da900000,0x00000008daa00000)]
  0x000001ecf6450ba0 JavaThread "Unconstrained build operations" [_thread_blocked, id=15064, stack(0x00000008daa00000,0x00000008dab00000)]
  0x000001ecf6451ad0 JavaThread "Unconstrained build operations Thread 2" [_thread_blocked, id=46236, stack(0x00000008dac00000,0x00000008dad00000)]
  0x000001ecf644f760 JavaThread "Unconstrained build operations Thread 3" [_thread_blocked, id=48208, stack(0x00000008daf00000,0x00000008db000000)]
  0x000001ecf8e9d6f0 JavaThread "Unconstrained build operations Thread 4" [_thread_blocked, id=43580, stack(0x00000008db000000,0x00000008db100000)]
  0x000001ecf7692f00 JavaThread "C1 CompilerThread1" daemon [_thread_blocked, id=21216, stack(0x00000008db100000,0x00000008db200000)]
  0x000001ecf768f9e0 JavaThread "C1 CompilerThread2" daemon [_thread_blocked, id=44172, stack(0x00000008db200000,0x00000008db300000)]
  0x000001ecf7691f10 JavaThread "C2 CompilerThread2" daemon [_thread_blocked, id=36196, stack(0x00000008db300000,0x00000008db400000)]
  0x000001ecf76939a0 JavaThread "C1 CompilerThread3" daemon [_thread_blocked, id=21892, stack(0x00000008db400000,0x00000008db500000)]
  0x000001ecf768ff30 JavaThread "C2 CompilerThread3" daemon [_thread_blocked, id=45616, stack(0x00000008db500000,0x00000008db600000)]
  0x000001ecf8e9c7c0 JavaThread "Unconstrained build operations Thread 5" [_thread_blocked, id=48644, stack(0x00000008db600000,0x00000008db700000)]
  0x000001ecf8e9dc00 JavaThread "Unconstrained build operations Thread 6" [_thread_blocked, id=36676, stack(0x00000008db700000,0x00000008db800000)]
  0x000001ecf8e9e110 JavaThread "Unconstrained build operations Thread 7" [_thread_blocked, id=29092, stack(0x00000008db800000,0x00000008db900000)]
  0x000001ecf8e9ccd0 JavaThread "Unconstrained build operations Thread 8" [_thread_blocked, id=47152, stack(0x00000008db900000,0x00000008dba00000)]
  0x000001ecf8e9d1e0 JavaThread "Unconstrained build operations Thread 9" [_thread_blocked, id=39524, stack(0x00000008dba00000,0x00000008dbb00000)]
  0x000001ecf31e4630 JavaThread "Unconstrained build operations Thread 10" [_thread_blocked, id=40424, stack(0x00000008dbb00000,0x00000008dbc00000)]
  0x000001ecf31e4120 JavaThread "Unconstrained build operations Thread 11" [_thread_blocked, id=33828, stack(0x00000008dbc00000,0x00000008dbd00000)]
  0x000001ecf31e22c0 JavaThread "Unconstrained build operations Thread 12" [_thread_blocked, id=45020, stack(0x00000008dbd00000,0x00000008dbe00000)]
  0x000001ecf31e3700 JavaThread "Unconstrained build operations Thread 13" [_thread_blocked, id=39616, stack(0x00000008dbe00000,0x00000008dbf00000)]
  0x000001ecf31e31f0 JavaThread "Unconstrained build operations Thread 14" [_thread_blocked, id=19212, stack(0x00000008dbf00000,0x00000008dc000000)]
  0x000001ecf31e4b40 JavaThread "Unconstrained build operations Thread 15" [_thread_blocked, id=21380, stack(0x00000008dc000000,0x00000008dc100000)]
  0x000001ecf31e5050 JavaThread "Unconstrained build operations Thread 16" [_thread_blocked, id=43948, stack(0x00000008dc100000,0x00000008dc200000)]
  0x000001ecf31e3c10 JavaThread "Unconstrained build operations Thread 17" [_thread_blocked, id=47568, stack(0x00000008dc200000,0x00000008dc300000)]
  0x000001ecf31e27d0 JavaThread "Unconstrained build operations Thread 18" [_thread_blocked, id=46600, stack(0x00000008dc300000,0x00000008dc400000)]
  0x000001ecf31e2ce0 JavaThread "Unconstrained build operations Thread 19" [_thread_blocked, id=49792, stack(0x00000008dc400000,0x00000008dc500000)]
  0x000001ecf31e5560 JavaThread "Unconstrained build operations Thread 20" [_thread_blocked, id=36164, stack(0x00000008dc700000,0x00000008dc800000)]
  0x000001ecf31e5a70 JavaThread "Unconstrained build operations Thread 21" [_thread_blocked, id=11800, stack(0x00000008dc800000,0x00000008dc900000)]
  0x000001ecf941f460 JavaThread "Unconstrained build operations Thread 22" [_thread_blocked, id=45580, stack(0x00000008dc900000,0x00000008dca00000)]
  0x000001ecf941e530 JavaThread "Unconstrained build operations Thread 23" [_thread_blocked, id=45648, stack(0x00000008dca00000,0x00000008dcb00000)]
  0x000001ecf941cbe0 JavaThread "Unconstrained build operations Thread 24" [_thread_blocked, id=47516, stack(0x00000008dcb00000,0x00000008dcc00000)]
  0x000001ecf941e020 JavaThread "Unconstrained build operations Thread 25" [_thread_blocked, id=36396, stack(0x00000008dcc00000,0x00000008dcd00000)]
  0x000001ecf941d0f0 JavaThread "Unconstrained build operations Thread 26" [_thread_blocked, id=39376, stack(0x00000008dcd00000,0x00000008dce00000)]
  0x000001ecf941db10 JavaThread "Unconstrained build operations Thread 27" [_thread_blocked, id=336, stack(0x00000008dce00000,0x00000008dcf00000)]
  0x000001ecf941ea40 JavaThread "Unconstrained build operations Thread 28" [_thread_blocked, id=11656, stack(0x00000008dcf00000,0x00000008dd000000)]
  0x000001ecf941ef50 JavaThread "Unconstrained build operations Thread 29" [_thread_blocked, id=31356, stack(0x00000008dd000000,0x00000008dd100000)]
  0x000001ecf941f970 JavaThread "Unconstrained build operations Thread 30" [_thread_blocked, id=4280, stack(0x00000008dd100000,0x00000008dd200000)]
  0x000001ecf941fe80 JavaThread "Unconstrained build operations Thread 31" [_thread_blocked, id=27744, stack(0x00000008dd700000,0x00000008dd800000)]
  0x000001ecf9420390 JavaThread "Unconstrained build operations Thread 32" [_thread_blocked, id=37020, stack(0x00000008dd800000,0x00000008dd900000)]
  0x000001ecf941d600 JavaThread "Unconstrained build operations Thread 33" [_thread_blocked, id=38824, stack(0x00000008dda00000,0x00000008ddb00000)]
  0x000001ecf7111770 JavaThread "Unconstrained build operations Thread 34" [_thread_blocked, id=40984, stack(0x00000008ddc00000,0x00000008ddd00000)]
  0x000001ecf71135d0 JavaThread "Unconstrained build operations Thread 35" [_thread_blocked, id=23320, stack(0x00000008ddd00000,0x00000008dde00000)]
  0x000001ecf7111260 JavaThread "Unconstrained build operations Thread 36" [_thread_blocked, id=44056, stack(0x00000008dde00000,0x00000008ddf00000)]
  0x000001ecf7110840 JavaThread "Unconstrained build operations Thread 37" [_thread_blocked, id=42472, stack(0x00000008ddf00000,0x00000008de000000)]
  0x000001ecf7112190 JavaThread "Unconstrained build operations Thread 38" [_thread_blocked, id=17156, stack(0x00000008de000000,0x00000008de100000)]
  0x000001ecf71126a0 JavaThread "Unconstrained build operations Thread 39" [_thread_blocked, id=7024, stack(0x00000008de100000,0x00000008de200000)]
  0x000001ecf71130c0 JavaThread "Unconstrained build operations Thread 40" [_thread_blocked, id=23408, stack(0x00000008de200000,0x00000008de300000)]
  0x000001ecf710fe20 JavaThread "Unconstrained build operations Thread 41" [_thread_blocked, id=39144, stack(0x00000008de300000,0x00000008de400000)]
  0x000001ecf7112bb0 JavaThread "Unconstrained build operations Thread 42" [_thread_blocked, id=45476, stack(0x00000008de400000,0x00000008de500000)]
  0x000001ecf7110d50 JavaThread "Unconstrained build operations Thread 43" [_thread_blocked, id=41324, stack(0x00000008de500000,0x00000008de600000)]
  0x000001ecf7111c80 JavaThread "Unconstrained build operations Thread 44" [_thread_blocked, id=23852, stack(0x00000008de600000,0x00000008de700000)]
  0x000001ecf7110330 JavaThread "Unconstrained build operations Thread 45" [_thread_blocked, id=31252, stack(0x00000008de700000,0x00000008de800000)]
  0x000001ecf601fc50 JavaThread "Unconstrained build operations Thread 46" [_thread_blocked, id=38648, stack(0x00000008de800000,0x00000008de900000)]
  0x000001ecf601f230 JavaThread "Unconstrained build operations Thread 47" [_thread_blocked, id=35192, stack(0x00000008de900000,0x00000008dea00000)]
  0x000001ecf601f740 JavaThread "Unconstrained build operations Thread 48" [_thread_blocked, id=33532, stack(0x00000008dea00000,0x00000008deb00000)]
  0x000001ecf60215a0 JavaThread "Unconstrained build operations Thread 49" [_thread_blocked, id=47220, stack(0x00000008deb00000,0x00000008dec00000)]
  0x000001ecf60224d0 JavaThread "Unconstrained build operations Thread 50" [_thread_blocked, id=43152, stack(0x00000008dec00000,0x00000008ded00000)]
  0x000001ecf7694440 JavaThread "C2 CompilerThread4" daemon [_thread_blocked, id=2376, stack(0x00000008ded00000,0x00000008dee00000)]
  0x000001ecf7693ef0 JavaThread "C2 CompilerThread5" daemon [_thread_blocked, id=44320, stack(0x00000008dee00000,0x00000008def00000)]
  0x000001ecf60229e0 JavaThread "build event listener" [_thread_blocked, id=9028, stack(0x00000008def00000,0x00000008df000000)]
  0x000001ecf6020160 JavaThread "Problems report writer" [_thread_blocked, id=49412, stack(0x00000008df000000,0x00000008df100000)]
  0x000001ecf6020670 JavaThread "included builds" [_thread_blocked, id=45852, stack(0x00000008df100000,0x00000008df200000)]
  0x000001ecfba39d60 JavaThread "Execution worker" [_thread_blocked, id=37496, stack(0x00000008df200000,0x00000008df300000)]
  0x000001ecfba3a780 JavaThread "Execution worker Thread 2" [_thread_blocked, id=46440, stack(0x00000008df300000,0x00000008df400000)]
  0x000001ecfba3caf0 JavaThread "Execution worker Thread 3" [_thread_blocked, id=48704, stack(0x00000008df400000,0x00000008df500000)]
  0x000001ecfba3c0d0 JavaThread "Execution worker Thread 4" [_thread_blocked, id=30336, stack(0x00000008df500000,0x00000008df600000)]
  0x000001ecfba39850 JavaThread "Execution worker Thread 5" [_thread_blocked, id=45416, stack(0x00000008df600000,0x00000008df700000)]
  0x000001ecfba3d000 JavaThread "Execution worker Thread 6" [_thread_blocked, id=11356, stack(0x00000008df700000,0x00000008df800000)]
  0x000001ecfba3bbc0 JavaThread "Execution worker Thread 7" [_thread_blocked, id=38688, stack(0x00000008df800000,0x00000008df900000)]
  0x000001ecfba3c5e0 JavaThread "Execution worker Thread 8" [_thread_blocked, id=45336, stack(0x00000008df900000,0x00000008dfa00000)]
  0x000001ecfba3a270 JavaThread "Execution worker Thread 9" [_thread_blocked, id=47724, stack(0x00000008dfa00000,0x00000008dfb00000)]
  0x000001ecfba3d510 JavaThread "Execution worker Thread 10" [_thread_blocked, id=42412, stack(0x00000008dfb00000,0x00000008dfc00000)]
  0x000001ecfba3e440 JavaThread "Execution worker Thread 11" [_thread_blocked, id=47248, stack(0x00000008dfc00000,0x00000008dfd00000)]
  0x000001ecfba3df30 JavaThread "Execution worker Thread 12" [_thread_blocked, id=10948, stack(0x00000008dfd00000,0x00000008dfe00000)]
  0x000001ecf60c42b0 JavaThread "Cache worker for execution history cache (C:\Users\Wire\AndroidStudioProjects\SignalDVR\.gradle\8.13\executionHistory)" [_thread_blocked, id=35160, stack(0x00000008dfe00000,0x00000008dff00000)]
  0x000001ecfba3da20 JavaThread "Execution worker Thread 13" [_thread_blocked, id=41720, stack(0x00000008dff00000,0x00000008e0000000)]
  0x000001ecfba3ac90 JavaThread "Execution worker Thread 14" [_thread_blocked, id=8180, stack(0x00000008e0000000,0x00000008e0100000)]
  0x000001ec843dabe0 JavaThread "Execution worker Thread 15" [_thread_blocked, id=41696, stack(0x00000008e0100000,0x00000008e0200000)]
  0x000001ec843d9cb0 JavaThread "Execution worker Thread 16" [_thread_blocked, id=34784, stack(0x00000008e0200000,0x00000008e0300000)]
  0x000001ec843da1c0 JavaThread "Execution worker Thread 17" [_thread_blocked, id=49484, stack(0x00000008e0300000,0x00000008e0400000)]
  0x000001ec843db0f0 JavaThread "Execution worker Thread 18" [_thread_blocked, id=42360, stack(0x00000008e0400000,0x00000008e0500000)]
  0x000001ec843db600 JavaThread "Execution worker Thread 19" [_thread_blocked, id=46536, stack(0x00000008e0500000,0x00000008e0600000)]
  0x000001ecf5c8a240 JavaThread "Execution worker Thread 20" [_thread_blocked, id=42476, stack(0x00000008e0600000,0x00000008e0700000)]
  0x000001ecf5c883e0 JavaThread "Execution worker Thread 21" [_thread_blocked, id=39480, stack(0x00000008e0700000,0x00000008e0800000)]
  0x000001ecf5c888f0 JavaThread "Execution worker Thread 22" [_thread_blocked, id=39200, stack(0x00000008e0800000,0x00000008e0900000)]
  0x000001ecf5c8a750 JavaThread "Execution worker Thread 23" [_thread_blocked, id=17480, stack(0x00000008e0900000,0x00000008e0a00000)]
  0x000001ecf60c51e0 JavaThread "Unconstrained build operations Thread 51" [_thread_blocked, id=44892, stack(0x00000008e0a00000,0x00000008e0b00000)]
  0x000001ecf60c56f0 JavaThread "Unconstrained build operations Thread 52" [_thread_blocked, id=16228, stack(0x00000008e0b00000,0x00000008e0c00000)]
  0x000001ecf60c5c00 JavaThread "Unconstrained build operations Thread 53" [_thread_blocked, id=29572, stack(0x00000008e0c00000,0x00000008e0d00000)]
  0x000001ecf60c47c0 JavaThread "Unconstrained build operations Thread 54" [_thread_blocked, id=31772, stack(0x00000008e0d00000,0x00000008e0e00000)]
  0x000001ecf36867e0 JavaThread "Unconstrained build operations Thread 55" [_thread_blocked, id=5012, stack(0x00000008e0e00000,0x00000008e0f00000)]
  0x000001ecf3685dc0 JavaThread "Unconstrained build operations Thread 56" [_thread_blocked, id=37404, stack(0x00000008e0f00000,0x00000008e1000000)]
  0x000001ecf3687200 JavaThread "Unconstrained build operations Thread 57" [_thread_blocked, id=36768, stack(0x00000008e1000000,0x00000008e1100000)]
  0x000001ecf36862d0 JavaThread "Unconstrained build operations Thread 58" [_thread_blocked, id=41564, stack(0x00000008e1100000,0x00000008e1200000)]
  0x000001ecf3687710 JavaThread "Unconstrained build operations Thread 59" [_thread_blocked, id=45760, stack(0x00000008e1200000,0x00000008e1300000)]
  0x000001ecf3688130 JavaThread "Unconstrained build operations Thread 60" [_thread_blocked, id=14964, stack(0x00000008e1300000,0x00000008e1400000)]
  0x000001ecf3686cf0 JavaThread "Unconstrained build operations Thread 61" [_thread_blocked, id=27940, stack(0x00000008e1400000,0x00000008e1500000)]
  0x000001ecf3687c20 JavaThread "Unconstrained build operations Thread 62" [_thread_blocked, id=21444, stack(0x00000008e1500000,0x00000008e1600000)]
  0x000001ecf3688640 JavaThread "Unconstrained build operations Thread 63" [_thread_blocked, id=32652, stack(0x00000008e1600000,0x00000008e1700000)]
  0x000001ecf3684e90 JavaThread "Unconstrained build operations Thread 64" [_thread_blocked, id=46248, stack(0x00000008e1700000,0x00000008e1800000)]
  0x000001ecf36853a0 JavaThread "Unconstrained build operations Thread 65" [_thread_blocked, id=41480, stack(0x00000008e1800000,0x00000008e1900000)]
  0x000001ecf36858b0 JavaThread "Unconstrained build operations Thread 66" [_thread_blocked, id=45152, stack(0x00000008e1900000,0x00000008e1a00000)]
  0x000001ecf60c4cd0 JavaThread "Unconstrained build operations Thread 67" [_thread_blocked, id=38408, stack(0x00000008e1a00000,0x00000008e1b00000)]
  0x000001ecf9ce77b0 JavaThread "Unconstrained build operations Thread 68" [_thread_blocked, id=32688, stack(0x00000008e1b00000,0x00000008e1c00000)]
  0x000001ecf9ce6880 JavaThread "Unconstrained build operations Thread 69" [_thread_blocked, id=41972, stack(0x00000008e1c00000,0x00000008e1d00000)]
  0x000001ecf9ce7cc0 JavaThread "Unconstrained build operations Thread 70" [_thread_blocked, id=28756, stack(0x00000008e1d00000,0x00000008e1e00000)]
  0x000001ecf9ce6370 JavaThread "Unconstrained build operations Thread 71" [_thread_blocked, id=48940, stack(0x00000008e1e00000,0x00000008e1f00000)]
  0x000001ecf9ce9100 JavaThread "Unconstrained build operations Thread 72" [_thread_blocked, id=14828, stack(0x00000008e1f00000,0x00000008e2000000)]
  0x000001ecf9ce72a0 JavaThread "Unconstrained build operations Thread 73" [_thread_blocked, id=47592, stack(0x00000008e2000000,0x00000008e2100000)]
  0x000001ecfbbe2470 JavaThread "Unconstrained build operations Thread 74" [_thread_blocked, id=47800, stack(0x00000008e2100000,0x00000008e2200000)]
  0x000001ecfbbe2e90 JavaThread "Unconstrained build operations Thread 75" [_thread_blocked, id=46648, stack(0x00000008e2200000,0x00000008e2300000)]
  0x000001ecfe007eb0 JavaThread "Unconstrained build operations Thread 76" [_thread_blocked, id=14544, stack(0x00000008e2300000,0x00000008e2400000)]
  0x000001ecfe0079a0 JavaThread "Unconstrained build operations Thread 77" [_thread_blocked, id=27448, stack(0x00000008e2900000,0x00000008e2a00000)]
  0x000001ecfe0083c0 JavaThread "Unconstrained build operations Thread 78" [_thread_blocked, id=37512, stack(0x00000008e2a00000,0x00000008e2b00000)]
  0x000001ecfe008de0 JavaThread "Unconstrained build operations Thread 79" [_thread_blocked, id=43852, stack(0x00000008e2c00000,0x00000008e2d00000)]
  0x000001ecfe0088d0 JavaThread "Unconstrained build operations Thread 80" [_thread_blocked, id=49880, stack(0x00000008e2d00000,0x00000008e2e00000)]
  0x000001ecf7696970 JavaThread "C2 CompilerThread6" daemon [_thread_blocked, id=48764, stack(0x00000008e2e00000,0x00000008e2f00000)]
  0x000001ecfba3e950 JavaThread "WorkerExecutor Queue" [_thread_blocked, id=10620, stack(0x00000008e3000000,0x00000008e3100000)]
  0x000001ecf4353ae0 JavaThread "Unconstrained build operations Thread 81" [_thread_blocked, id=29324, stack(0x00000008e3100000,0x00000008e3200000)]
  0x000001ecf43530c0 JavaThread "Unconstrained build operations Thread 82" [_thread_blocked, id=33284, stack(0x00000008e3200000,0x00000008e3300000)]
  0x000001ec85050640 JavaThread "Unconstrained build operations Thread 83" [_thread_blocked, id=46152, stack(0x00000008e3300000,0x00000008e3400000)]
  0x000001ec85050b50 JavaThread "Unconstrained build operations Thread 84" [_thread_blocked, id=42268, stack(0x00000008e3400000,0x00000008e3500000)]
  0x000001ec85051570 JavaThread "Unconstrained build operations Thread 85" [_thread_blocked, id=20988, stack(0x00000008e3500000,0x00000008e3600000)]
  0x000001ec85050130 JavaThread "Unconstrained build operations Thread 86" [_thread_blocked, id=29628, stack(0x00000008e3600000,0x00000008e3700000)]
  0x000001ecfb5f1aa0 JavaThread "Unconstrained build operations Thread 87" [_thread_blocked, id=40588, stack(0x00000008e3700000,0x00000008e3800000)]
  0x000001ecfb5f1fb0 JavaThread "Unconstrained build operations Thread 88" [_thread_blocked, id=48296, stack(0x00000008e3800000,0x00000008e3900000)]
  0x000001ecfb5f24c0 JavaThread "Unconstrained build operations Thread 89" [_thread_blocked, id=29060, stack(0x00000008e3900000,0x00000008e3a00000)]
  0x000001ecfb5eed10 JavaThread "Unconstrained build operations Thread 90" [_thread_blocked, id=49352, stack(0x00000008e3a00000,0x00000008e3b00000)]
  0x000001ecfb5f0150 JavaThread "Unconstrained build operations Thread 91" [_thread_blocked, id=32828, stack(0x00000008e3b00000,0x00000008e3c00000)]
  0x000001ecfb5ef220 JavaThread "Unconstrained build operations Thread 92" [_thread_blocked, id=43700, stack(0x00000008e3c00000,0x00000008e3d00000)]
  0x000001ecfb5f0b70 JavaThread "Unconstrained build operations Thread 93" [_thread_blocked, id=20780, stack(0x00000008e3d00000,0x00000008e3e00000)]
  0x000001ecfb5f0660 JavaThread "Unconstrained build operations Thread 94" [_thread_blocked, id=29856, stack(0x00000008e3e00000,0x00000008e3f00000)]
  0x000001ecfb5f1080 JavaThread "Unconstrained build operations Thread 95" [_thread_blocked, id=28232, stack(0x00000008e3f00000,0x00000008e4000000)]
  0x000001ecfb5f1590 JavaThread "Unconstrained build operations Thread 96" [_thread_blocked, id=41572, stack(0x00000008e4000000,0x00000008e4100000)]
  0x000001ecfb5ef730 JavaThread "Unconstrained build operations Thread 97" [_thread_blocked, id=34016, stack(0x00000008e4100000,0x00000008e4200000)]
  0x000001ecfb5efc40 JavaThread "Unconstrained build operations Thread 98" [_thread_blocked, id=44100, stack(0x00000008e4200000,0x00000008e4300000)]
  0x000001ecfb0e0320 JavaThread "Unconstrained build operations Thread 99" [_thread_blocked, id=844, stack(0x00000008e4300000,0x00000008e4400000)]
  0x000001ecfb0e0d40 JavaThread "Unconstrained build operations Thread 100" [_thread_blocked, id=29900, stack(0x00000008e4400000,0x00000008e4500000)]
  0x000001ecfb0e2690 JavaThread "Unconstrained build operations Thread 101" [_thread_blocked, id=47892, stack(0x00000008e4500000,0x00000008e4600000)]
  0x000001ecfb0e1250 JavaThread "Unconstrained build operations Thread 102" [_thread_blocked, id=39304, stack(0x00000008e4600000,0x00000008e4700000)]
  0x000001ecfb0e2180 JavaThread "Unconstrained build operations Thread 103" [_thread_blocked, id=22704, stack(0x00000008e4700000,0x00000008e4800000)]
  0x000001ecfb0e2ba0 JavaThread "Unconstrained build operations Thread 104" [_thread_blocked, id=32736, stack(0x00000008e4800000,0x00000008e4900000)]
  0x000001ecfb0e1760 JavaThread "Unconstrained build operations Thread 105" [_thread_blocked, id=43676, stack(0x00000008e4900000,0x00000008e4a00000)]
  0x000001ecfdfd1bf0 JavaThread "Unconstrained build operations Thread 106" [_thread_blocked, id=45980, stack(0x00000008e2f00000,0x00000008e3000000)]
  0x000001ecfdfd2610 JavaThread "Unconstrained build operations Thread 107" [_thread_blocked, id=47468, stack(0x00000008e4a00000,0x00000008e4b00000)]
  0x000001ecfdfd2b20 JavaThread "Unconstrained build operations Thread 108" [_thread_blocked, id=41712, stack(0x00000008e4b00000,0x00000008e4c00000)]
  0x000001ecfdfd3030 JavaThread "Unconstrained build operations Thread 109" [_thread_blocked, id=15116, stack(0x00000008e4c00000,0x00000008e4d00000)]
  0x000001ecfdfd3540 JavaThread "Unconstrained build operations Thread 110" [_thread_blocked, id=41900, stack(0x00000008e4d00000,0x00000008e4e00000)]
  0x000001ecfdfd2100 JavaThread "Unconstrained build operations Thread 111" [_thread_blocked, id=47908, stack(0x00000008e4e00000,0x00000008e4f00000)]
  0x000001ecfad2c760 JavaThread "Unconstrained build operations Thread 112" [_thread_blocked, id=49492, stack(0x00000008e4f00000,0x00000008e5000000)]
  0x000001ecfad2bd40 JavaThread "Unconstrained build operations Thread 113" [_thread_blocked, id=47648, stack(0x00000008e5000000,0x00000008e5100000)]
  0x000001ecfad2c250 JavaThread "Unconstrained build operations Thread 114" [_thread_blocked, id=48188, stack(0x00000008e5100000,0x00000008e5200000)]
  0x000001ecfad2cc70 JavaThread "Unconstrained build operations Thread 115" [_thread_blocked, id=38728, stack(0x00000008e5200000,0x00000008e5300000)]
  0x000001ecfad2b320 JavaThread "Unconstrained build operations Thread 116" [_thread_blocked, id=44308, stack(0x00000008e5300000,0x00000008e5400000)]
  0x000001ecfad2b830 JavaThread "Unconstrained build operations Thread 117" [_thread_blocked, id=11152, stack(0x00000008e5400000,0x00000008e5500000)]
  0x000001ecfca36160 JavaThread "Unconstrained build operations Thread 118" [_thread_blocked, id=33580, stack(0x00000008e5500000,0x00000008e5600000)]
  0x000001ecfca375a0 JavaThread "Unconstrained build operations Thread 119" [_thread_blocked, id=48068, stack(0x00000008e5600000,0x00000008e5700000)]
  0x000001ecfca36b80 JavaThread "Unconstrained build operations Thread 120" [_thread_blocked, id=30116, stack(0x00000008e5700000,0x00000008e5800000)]
  0x000001ecfca37ab0 JavaThread "Unconstrained build operations Thread 121" [_thread_blocked, id=19540, stack(0x00000008e5800000,0x00000008e5900000)]
  0x000001ecfca37fc0 JavaThread "Unconstrained build operations Thread 122" [_thread_blocked, id=40308, stack(0x00000008e5900000,0x00000008e5a00000)]
  0x000001ecfca38ef0 JavaThread "Unconstrained build operations Thread 123" [_thread_blocked, id=44784, stack(0x00000008e5a00000,0x00000008e5b00000)]
  0x000001ecfaf2ebc0 JavaThread "Unconstrained build operations Thread 124" [_thread_blocked, id=32908, stack(0x00000008e5b00000,0x00000008e5c00000)]
  0x000001ecfb1b7100 JavaThread "Unconstrained build operations Thread 125" [_thread_blocked, id=1436, stack(0x00000008e5c00000,0x00000008e5d00000)]
  0x000001ecfb1b57b0 JavaThread "Unconstrained build operations Thread 126" [_thread_blocked, id=10988, stack(0x00000008e5e00000,0x00000008e5f00000)]
  0x000001ecfb1b8030 JavaThread "Unconstrained build operations Thread 127" [_thread_blocked, id=17528, stack(0x00000008e5f00000,0x00000008e6000000)]
  0x000001ecfb1b7b20 JavaThread "Unconstrained build operations Thread 128" [_thread_blocked, id=16524, stack(0x00000008e6000000,0x00000008e6100000)]
  0x000001ecfbfd9900 JavaThread "C2 CompilerThread7" daemon [_thread_blocked, id=44148, stack(0x00000008e6100000,0x00000008e6200000)]
  0x000001ecad8baed0 JavaThread "WorkerExecutor Queue Thread 2" [_thread_blocked, id=39216, stack(0x00000008e6200000,0x00000008e6300000)]
  0x000001ecf9ce6d90 JavaThread "WorkerExecutor Queue Thread 3" [_thread_blocked, id=32176, stack(0x00000008e6300000,0x00000008e6400000)]
  0x000001ecad8bb8f0 JavaThread "WorkerExecutor Queue Thread 4" [_thread_blocked, id=49180, stack(0x00000008e6600000,0x00000008e6700000)]
  0x000001ecad8bb3e0 JavaThread "WorkerExecutor Queue Thread 5" [_thread_blocked, id=3592, stack(0x00000008e6700000,0x00000008e6800000)]
  0x000001ecad8bbe00 JavaThread "WorkerExecutor Queue Thread 6" [_thread_blocked, id=49156, stack(0x00000008e6800000,0x00000008e6900000)]
  0x000001ecad8bc310 JavaThread "WorkerExecutor Queue Thread 7" [_thread_blocked, id=44700, stack(0x00000008e6900000,0x00000008e6a00000)]
  0x000001ecf78ff2d0 JavaThread "WorkerExecutor Queue Thread 8" [_thread_blocked, id=45992, stack(0x00000008e6a00000,0x00000008e6b00000)]
  0x000001ecf78fde90 JavaThread "WorkerExecutor Queue Thread 9" [_thread_blocked, id=40948, stack(0x00000008e6b00000,0x00000008e6c00000)]
  0x000001ecf78fe8b0 JavaThread "WorkerExecutor Queue Thread 10" [_thread_blocked, id=37400, stack(0x00000008e6c00000,0x00000008e6d00000)]
  0x000001ecfb0e30b0 JavaThread "WorkerExecutor Queue Thread 11" [_thread_blocked, id=32420, stack(0x00000008e6d00000,0x00000008e6e00000)]
  0x000001ecff4c97d0 JavaThread "WorkerExecutor Queue Thread 12" [_thread_blocked, id=42164, stack(0x00000008e6e00000,0x00000008e6f00000)]
  0x000001ecff4c7e80 JavaThread "WorkerExecutor Queue Thread 13" [_thread_blocked, id=47412, stack(0x00000008e6f00000,0x00000008e7000000)]
  0x000001ecff4c8db0 JavaThread "WorkerExecutor Queue Thread 14" [_thread_blocked, id=28704, stack(0x00000008e7000000,0x00000008e7100000)]
  0x000001ecff4c88a0 JavaThread "WorkerExecutor Queue Thread 15" [_thread_blocked, id=37596, stack(0x00000008e7100000,0x00000008e7200000)]
  0x000001ecff4c8390 JavaThread "WorkerExecutor Queue Thread 16" [_thread_blocked, id=36580, stack(0x00000008e7200000,0x00000008e7300000)]
  0x000001ecfabdc8c0 JavaThread "WorkerExecutor Queue Thread 17" [_thread_blocked, id=38284, stack(0x00000008e7300000,0x00000008e7400000)]
  0x000001ecfabda550 JavaThread "WorkerExecutor Queue Thread 18" [_thread_blocked, id=36644, stack(0x00000008e7400000,0x00000008e7500000)]
  0x000001ecfabdcdd0 JavaThread "WorkerExecutor Queue Thread 19" [_thread_blocked, id=34820, stack(0x00000008e7500000,0x00000008e7600000)]
  0x000001ecfabdbea0 JavaThread "WorkerExecutor Queue Thread 20" [_thread_blocked, id=45828, stack(0x00000008e7600000,0x00000008e7700000)]
  0x000001ecf60ff550 JavaThread "Unconstrained build operations Thread 129" [_thread_blocked, id=48996, stack(0x00000008e7700000,0x00000008e7800000)]
  0x000001ecf60ffa60 JavaThread "WorkerExecutor Queue Thread 21" [_thread_blocked, id=40652, stack(0x00000008e7800000,0x00000008e7900000)]
  0x000001ec84f21940 JavaThread "pool-6-thread-1" [_thread_blocked, id=28876, stack(0x00000008e7900000,0x00000008e7a00000)]
  0x000001ec84f21430 JavaThread "stderr" [_thread_blocked, id=29640, stack(0x00000008e7a00000,0x00000008e7b00000)]
  0x000001ec84f21e50 JavaThread "stdout" [_thread_in_native, id=48628, stack(0x00000008e7b00000,0x00000008e7c00000)]
  0x000001ecfe68a2f0 JavaThread "ForkJoinPool-1-worker-1" daemon [_thread_blocked, id=47532, stack(0x00000008e8700000,0x00000008e8800000)]
  0x000001ecfe88f8f0 JavaThread "ForkJoinPool-1-worker-2" daemon [_thread_blocked, id=48072, stack(0x00000008e8800000,0x00000008e8900000)]
  0x000001ecf43535d0 JavaThread "ForkJoinPool-1-worker-3" daemon [_thread_blocked, id=2200, stack(0x00000008e8900000,0x00000008e8a00000)]
  0x000001ecf5c86fa0 JavaThread "ForkJoinPool-1-worker-4" daemon [_thread_blocked, id=35780, stack(0x00000008e8a00000,0x00000008e8b00000)]
  0x000001ecfe007490 JavaThread "ForkJoinPool-1-worker-5" daemon [_thread_blocked, id=42028, stack(0x00000008e8b00000,0x00000008e8c00000)]
  0x000001ecfc10eff0 JavaThread "ForkJoinPool-1-worker-6" daemon [_thread_blocked, id=36964, stack(0x00000008e8c00000,0x00000008e8d00000)]
  0x000001ecfe0092f0 JavaThread "ForkJoinPool-1-worker-7" daemon [_thread_blocked, id=34100, stack(0x00000008e8d00000,0x00000008e8e00000)]
  0x000001ecfe689de0 JavaThread "ForkJoinPool-1-worker-8" daemon [_thread_blocked, id=49460, stack(0x00000008e8e00000,0x00000008e8f00000)]
  0x000001ecf729fc80 JavaThread "ForkJoinPool-1-worker-9" daemon [_thread_blocked, id=21916, stack(0x00000008e8f00000,0x00000008e9000000)]
  0x000001ecfb0e1c70 JavaThread "ForkJoinPool-1-worker-10" daemon [_thread_blocked, id=49692, stack(0x00000008e9000000,0x00000008e9100000)]
  0x000001ecfbba1fc0 JavaThread "ForkJoinPool-1-worker-11" daemon [_thread_blocked, id=25492, stack(0x00000008e9100000,0x00000008e9200000)]
  0x000001ecfba3b1a0 JavaThread "ForkJoinPool-1-worker-12" daemon [_thread_blocked, id=30368, stack(0x00000008e9200000,0x00000008e9300000)]
  0x000001ecf60ff040 JavaThread "ForkJoinPool-1-worker-13" daemon [_thread_blocked, id=33060, stack(0x00000008e9300000,0x00000008e9400000)]
  0x000001ecf78fedc0 JavaThread "ForkJoinPool-1-worker-14" daemon [_thread_blocked, id=42060, stack(0x00000008e9400000,0x00000008e9500000)]
  0x000001ecf8cf4730 JavaThread "ForkJoinPool-1-worker-15" daemon [_thread_blocked, id=49084, stack(0x00000008e9500000,0x00000008e9600000)]
  0x000001ecf6021ab0 JavaThread "ForkJoinPool-1-worker-16" daemon [_thread_blocked, id=7912, stack(0x00000008e9600000,0x00000008e9700000)]
  0x000001ecfba3ee60 JavaThread "ForkJoinPool-1-worker-17" daemon [_thread_blocked, id=39468, stack(0x00000008e9700000,0x00000008e9800000)]
  0x000001ecf8bfd040 JavaThread "ForkJoinPool-1-worker-18" daemon [_thread_blocked, id=48376, stack(0x00000008e9800000,0x00000008e9900000)]
  0x000001ecf5c89820 JavaThread "ForkJoinPool-1-worker-19" daemon [_thread_blocked, id=39796, stack(0x00000008e9900000,0x00000008e9a00000)]
  0x000001ecfbba2ef0 JavaThread "ForkJoinPool-1-worker-20" daemon [_thread_blocked, id=34916, stack(0x00000008e9a00000,0x00000008e9b00000)]

Other Threads:
=>0x000001ecad277550 VMThread "VM Thread" [stack: 0x00000008d6e00000,0x00000008d6f00000] [id=15036]
  0x000001ec91ed9280 WatcherThread [stack: 0x00000008d7d00000,0x00000008d7e00000] [id=14320]
  0x000001ec91f3b1e0 GCTaskThread "GC Thread#0" [stack: 0x00000008d6900000,0x00000008d6a00000] [id=31888]
  0x000001ecf3981770 GCTaskThread "GC Thread#1" [stack: 0x00000008d8100000,0x00000008d8200000] [id=10280]
  0x000001ecf3674b70 GCTaskThread "GC Thread#2" [stack: 0x00000008d8200000,0x00000008d8300000] [id=46216]
  0x000001ecf305ca50 GCTaskThread "GC Thread#3" [stack: 0x00000008d8300000,0x00000008d8400000] [id=37492]
  0x000001ecf305cd10 GCTaskThread "GC Thread#4" [stack: 0x00000008d8400000,0x00000008d8500000] [id=44196]
  0x000001ecf305cfd0 GCTaskThread "GC Thread#5" [stack: 0x00000008d8500000,0x00000008d8600000] [id=31200]
  0x000001ecf3068290 GCTaskThread "GC Thread#6" [stack: 0x00000008d8600000,0x00000008d8700000] [id=29568]
  0x000001ecf3068550 GCTaskThread "GC Thread#7" [stack: 0x00000008d8700000,0x00000008d8800000] [id=33316]
  0x000001ecf3068810 GCTaskThread "GC Thread#8" [stack: 0x00000008d8800000,0x00000008d8900000] [id=34484]
  0x000001ecf3068ee0 GCTaskThread "GC Thread#9" [stack: 0x00000008d8900000,0x00000008d8a00000] [id=35744]
  0x000001ecf328baa0 GCTaskThread "GC Thread#10" [stack: 0x00000008d8a00000,0x00000008d8b00000] [id=43620]
  0x000001ecf3a323b0 GCTaskThread "GC Thread#11" [stack: 0x00000008d8b00000,0x00000008d8c00000] [id=49536]
  0x000001ecf3913040 GCTaskThread "GC Thread#12" [stack: 0x00000008d9a00000,0x00000008d9b00000] [id=34764]
  0x000001ecf3912280 GCTaskThread "GC Thread#13" [stack: 0x00000008d9b00000,0x00000008d9c00000] [id=32792]
  0x000001ecf3912ac0 GCTaskThread "GC Thread#14" [stack: 0x00000008d9c00000,0x00000008d9d00000] [id=40584]
  0x000001ecf3913300 GCTaskThread "GC Thread#15" [stack: 0x00000008d9d00000,0x00000008d9e00000] [id=48624]
  0x000001ecf39135c0 GCTaskThread "GC Thread#16" [stack: 0x00000008d9e00000,0x00000008d9f00000] [id=45228]
  0x000001ecf3913880 GCTaskThread "GC Thread#17" [stack: 0x00000008d9f00000,0x00000008da000000] [id=47168]
  0x000001ec91f4cea0 ConcurrentGCThread "G1 Main Marker" [stack: 0x00000008d6a00000,0x00000008d6b00000] [id=44796]
  0x000001ec91f4e060 ConcurrentGCThread "G1 Conc#0" [stack: 0x00000008d6b00000,0x00000008d6c00000] [id=49296]
  0x000001ecf6294010 ConcurrentGCThread "G1 Conc#1" [stack: 0x00000008da000000,0x00000008da100000] [id=43124]
  0x000001ecf6292cd0 ConcurrentGCThread "G1 Conc#2" [stack: 0x00000008da100000,0x00000008da200000] [id=43692]
  0x000001ecf6292f90 ConcurrentGCThread "G1 Conc#3" [stack: 0x00000008da200000,0x00000008da300000] [id=29620]
  0x000001ecf6293250 ConcurrentGCThread "G1 Conc#4" [stack: 0x00000008da300000,0x00000008da400000] [id=47144]
  0x000001ecad245f60 ConcurrentGCThread "G1 Refine#0" [stack: 0x00000008d6c00000,0x00000008d6d00000] [id=41728]
  0x000001ecf80246a0 ConcurrentGCThread "G1 Refine#1" [stack: 0x00000008ed100000,0x00000008ed200000] [id=33744]
  0x000001ecfba26930 ConcurrentGCThread "G1 Refine#2" [stack: 0x00000008e7c00000,0x00000008e7d00000] [id=47696]
  0x000001ecf9fb15a0 ConcurrentGCThread "G1 Refine#3" [stack: 0x00000008e7d00000,0x00000008e7e00000] [id=14712]
  0x000001ecfb747090 ConcurrentGCThread "G1 Refine#4" [stack: 0x00000008e7e00000,0x00000008e7f00000] [id=30160]
  0x000001ecfaace0b0 ConcurrentGCThread "G1 Refine#5" [stack: 0x00000008e7f00000,0x00000008e8000000] [id=42812]
  0x000001ecf83b2f30 ConcurrentGCThread "G1 Refine#6" [stack: 0x00000008e8000000,0x00000008e8100000] [id=39308]
  0x000001ecfbba6290 ConcurrentGCThread "G1 Refine#7" [stack: 0x00000008e8100000,0x00000008e8200000] [id=36424]
  0x000001ecf82fc730 ConcurrentGCThread "G1 Refine#8" [stack: 0x00000008e8200000,0x00000008e8300000] [id=34580]
  0x000001ecf7708460 ConcurrentGCThread "G1 Refine#9" [stack: 0x00000008e8300000,0x00000008e8400000] [id=43572]
  0x000001ecfd3cddf0 ConcurrentGCThread "G1 Refine#10" [stack: 0x00000008e8400000,0x00000008e8500000] [id=32632]
  0x000001ecf753a660 ConcurrentGCThread "G1 Refine#11" [stack: 0x00000008e8500000,0x00000008e8600000] [id=44456]
  0x000001ecf3597cb0 ConcurrentGCThread "G1 Refine#12" [stack: 0x00000008e8600000,0x00000008e8700000] [id=46888]
  0x000001ecad248660 ConcurrentGCThread "G1 Service" [stack: 0x00000008d6d00000,0x00000008d6e00000] [id=11380]

Threads with active compile tasks:
C2 CompilerThread0    38029 25374       4       com.android.tools.r8.dex.c0::d (634 bytes)
C2 CompilerThread1    38029 25249       4       com.android.tools.r8.internal.kc0::a (3327 bytes)
C2 CompilerThread2    38029 25411       4       com.android.tools.r8.graph.l3::c (60 bytes)
C2 CompilerThread3    38029 25437   !   4       com.android.tools.r8.graph.e2::<init> (346 bytes)
C2 CompilerThread4    38029 25175 %     4       com.android.tools.r8.dex.c0::a @ 293 (1016 bytes)
C2 CompilerThread5    38029 25412       4       com.android.tools.r8.dex.a0::<init> (1778 bytes)
C2 CompilerThread6    38029 25204       4       com.android.tools.r8.dex.c0::a (881 bytes)
C2 CompilerThread7    38029 25402       4       com.android.tools.r8.graph.j6::Z0 (8 bytes)

VM state: at safepoint (normal execution)

VM Mutex/Monitor currently owned by a thread:  ([mutex/lock_event])
[0x000001ec91ed5b70] Threads_lock - owner thread: 0x000001ecad277550
[0x000001ec91ed3d10] Heap_lock - owner thread: 0x000001ecfe88f8f0

Heap address: 0x0000000080000000, size: 2048 MB, Compressed Oops mode: 32-bit

CDS archive(s) mapped at: [0x000001ecae000000-0x000001ecaec00000-0x000001ecaec00000), size 12582912, SharedBaseAddress: 0x000001ecae000000, ArchiveRelocationMode: 1.
Compressed class space mapped at: 0x000001ecaf000000-0x000001ecef000000, reserved size: 1073741824
Narrow klass base: 0x000001ecae000000, Narrow klass shift: 0, Narrow klass range: 0x100000000

GC Precious Log:
 CPUs: 24 total, 24 available
 Memory: 32676M
 Large Page Support: Disabled
 NUMA Support: Disabled
 Compressed Oops: Enabled (32-bit)
 Heap Region Size: 1M
 Heap Min Capacity: 8M
 Heap Initial Capacity: 512M
 Heap Max Capacity: 2G
 Pre-touch: Disabled
 Parallel Workers: 18
 Concurrent Workers: 5
 Concurrent Refinement Workers: 18
 Periodic GC: Disabled

Heap:
 garbage-first heap   total 775168K, used 340922K [0x0000000080000000, 0x0000000100000000)
  region size 1024K, 5 young (5120K), 5 survivors (5120K)
 Metaspace       used 155593K, committed 156736K, reserved 1245184K
  class space    used 22337K, committed 22848K, reserved 1048576K

Heap Regions: E=young(eden), S=young(survivor), O=old, HS=humongous(starts), HC=humongous(continues), CS=collection set, F=free, OA=open archive, CA=closed archive, TAMS=top-at-mark-start (previous, next)
|   0|0x0000000080000000, 0x0000000080100000, 0x0000000080100000|100%|HS|  |TAMS 0x0000000080100000, 0x0000000080000000| Complete 
|   1|0x0000000080100000, 0x0000000080200000, 0x0000000080200000|100%|HC|  |TAMS 0x0000000080200000, 0x0000000080100000| Complete 
|   2|0x0000000080200000, 0x0000000080300000, 0x0000000080300000|100%|HC|  |TAMS 0x0000000080300000, 0x0000000080200000| Complete 
|   3|0x0000000080300000, 0x0000000080400000, 0x0000000080400000|100%| O|  |TAMS 0x0000000080400000, 0x0000000080300000| Untracked 
|   4|0x0000000080400000, 0x0000000080500000, 0x0000000080500000|100%| O|  |TAMS 0x0000000080500000, 0x0000000080400000| Untracked 
|   5|0x0000000080500000, 0x0000000080600000, 0x0000000080600000|100%| O|  |TAMS 0x0000000080600000, 0x0000000080500000| Untracked 
|   6|0x0000000080600000, 0x0000000080700000, 0x0000000080700000|100%|HS|  |TAMS 0x0000000080700000, 0x0000000080600000| Complete 
|   7|0x0000000080700000, 0x0000000080800000, 0x0000000080800000|100%| O|  |TAMS 0x0000000080800000, 0x0000000080700000| Untracked 
|   8|0x0000000080800000, 0x0000000080900000, 0x0000000080900000|100%| O|  |TAMS 0x0000000080900000, 0x0000000080800000| Untracked 
|   9|0x0000000080900000, 0x0000000080a00000, 0x0000000080a00000|100%| O|  |TAMS 0x0000000080a00000, 0x0000000080900000| Untracked 
|  10|0x0000000080a00000, 0x0000000080b00000, 0x0000000080b00000|100%| O|  |TAMS 0x0000000080b00000, 0x0000000080a00000| Untracked 
|  11|0x0000000080b00000, 0x0000000080c00000, 0x0000000080c00000|100%| O|  |TAMS 0x0000000080c00000, 0x0000000080b00000| Untracked 
|  12|0x0000000080c00000, 0x0000000080cc1000, 0x0000000080d00000| 75%| O|  |TAMS 0x0000000080cc1000, 0x0000000080c00000| Untracked 
|  13|0x0000000080d00000, 0x0000000080e00000, 0x0000000080e00000|100%| O|  |TAMS 0x0000000080e00000, 0x0000000080d00000| Untracked 
|  14|0x0000000080e00000, 0x0000000080f00000, 0x0000000080f00000|100%| O|  |TAMS 0x0000000080f00000, 0x0000000080e00000| Untracked 
|  15|0x0000000080f00000, 0x0000000081000000, 0x0000000081000000|100%| O|  |TAMS 0x0000000081000000, 0x0000000080f00000| Untracked 
|  16|0x0000000081000000, 0x0000000081100000, 0x0000000081100000|100%| O|  |TAMS 0x0000000081100000, 0x0000000081000000| Untracked 
|  17|0x0000000081100000, 0x0000000081200000, 0x0000000081200000|100%| O|  |TAMS 0x0000000081200000, 0x0000000081100000| Untracked 
|  18|0x0000000081200000, 0x0000000081300000, 0x0000000081300000|100%| O|  |TAMS 0x0000000081300000, 0x0000000081200000| Untracked 
|  19|0x0000000081300000, 0x0000000081400000, 0x0000000081400000|100%| O|  |TAMS 0x0000000081400000, 0x0000000081300000| Untracked 
|  20|0x0000000081400000, 0x0000000081500000, 0x0000000081500000|100%| O|  |TAMS 0x0000000081500000, 0x0000000081400000| Untracked 
|  21|0x0000000081500000, 0x0000000081600000, 0x0000000081600000|100%| O|  |TAMS 0x0000000081600000, 0x0000000081500000| Untracked 
|  22|0x0000000081600000, 0x0000000081700000, 0x0000000081700000|100%| O|  |TAMS 0x0000000081700000, 0x0000000081600000| Untracked 
|  23|0x0000000081700000, 0x0000000081800000, 0x0000000081800000|100%| O|  |TAMS 0x0000000081800000, 0x0000000081700000| Untracked 
|  24|0x0000000081800000, 0x0000000081900000, 0x0000000081900000|100%| O|  |TAMS 0x0000000081900000, 0x0000000081800000| Untracked 
|  25|0x0000000081900000, 0x0000000081a00000, 0x0000000081a00000|100%| O|  |TAMS 0x0000000081a00000, 0x0000000081900000| Untracked 
|  26|0x0000000081a00000, 0x0000000081b00000, 0x0000000081b00000|100%| O|  |TAMS 0x0000000081b00000, 0x0000000081a00000| Untracked 
|  27|0x0000000081b00000, 0x0000000081c00000, 0x0000000081c00000|100%| O|  |TAMS 0x0000000081c00000, 0x0000000081b00000| Untracked 
|  28|0x0000000081c00000, 0x0000000081d00000, 0x0000000081d00000|100%| O|  |TAMS 0x0000000081d00000, 0x0000000081c00000| Untracked 
|  29|0x0000000081d00000, 0x0000000081e00000, 0x0000000081e00000|100%| O|  |TAMS 0x0000000081e00000, 0x0000000081d00000| Untracked 
|  30|0x0000000081e00000, 0x0000000081f00000, 0x0000000081f00000|100%| O|  |TAMS 0x0000000081f00000, 0x0000000081e00000| Untracked 
|  31|0x0000000081f00000, 0x0000000082000000, 0x0000000082000000|100%| O|  |TAMS 0x0000000082000000, 0x0000000081f00000| Untracked 
|  32|0x0000000082000000, 0x0000000082100000, 0x0000000082100000|100%| O|  |TAMS 0x0000000082100000, 0x0000000082000000| Untracked 
|  33|0x0000000082100000, 0x0000000082200000, 0x0000000082200000|100%| O|  |TAMS 0x0000000082200000, 0x0000000082100000| Untracked 
|  34|0x0000000082200000, 0x0000000082300000, 0x0000000082300000|100%| O|  |TAMS 0x0000000082300000, 0x0000000082200000| Untracked 
|  35|0x0000000082300000, 0x0000000082400000, 0x0000000082400000|100%| O|  |TAMS 0x0000000082400000, 0x0000000082300000| Untracked 
|  36|0x0000000082400000, 0x0000000082500000, 0x0000000082500000|100%| O|  |TAMS 0x0000000082500000, 0x0000000082400000| Untracked 
|  37|0x0000000082500000, 0x0000000082600000, 0x0000000082600000|100%| O|  |TAMS 0x0000000082600000, 0x0000000082500000| Untracked 
|  38|0x0000000082600000, 0x0000000082700000, 0x0000000082700000|100%| O|  |TAMS 0x0000000082700000, 0x0000000082600000| Untracked 
|  39|0x0000000082700000, 0x0000000082800000, 0x0000000082800000|100%| O|  |TAMS 0x0000000082800000, 0x0000000082700000| Untracked 
|  40|0x0000000082800000, 0x0000000082900000, 0x0000000082900000|100%| O|  |TAMS 0x0000000082900000, 0x0000000082800000| Untracked 
|  41|0x0000000082900000, 0x0000000082a00000, 0x0000000082a00000|100%| O|  |TAMS 0x0000000082a00000, 0x0000000082900000| Untracked 
|  42|0x0000000082a00000, 0x0000000082b00000, 0x0000000082b00000|100%| O|  |TAMS 0x0000000082b00000, 0x0000000082a00000| Untracked 
|  43|0x0000000082b00000, 0x0000000082c00000, 0x0000000082c00000|100%| O|  |TAMS 0x0000000082c00000, 0x0000000082b00000| Untracked 
|  44|0x0000000082c00000, 0x0000000082d00000, 0x0000000082d00000|100%| O|  |TAMS 0x0000000082d00000, 0x0000000082c00000| Untracked 
|  45|0x0000000082d00000, 0x0000000082e00000, 0x0000000082e00000|100%| O|  |TAMS 0x0000000082e00000, 0x0000000082d00000| Untracked 
|  46|0x0000000082e00000, 0x0000000082f00000, 0x0000000082f00000|100%|HS|  |TAMS 0x0000000082e00000, 0x0000000082e00000| Complete 
|  47|0x0000000082f00000, 0x0000000083000000, 0x0000000083000000|100%|HS|  |TAMS 0x0000000082f00000, 0x0000000082f00000| Complete 
|  48|0x0000000083000000, 0x0000000083100000, 0x0000000083100000|100%| O|  |TAMS 0x0000000083000000, 0x0000000083000000| Untracked 
|  49|0x0000000083100000, 0x0000000083200000, 0x0000000083200000|100%| O|  |TAMS 0x0000000083100000, 0x0000000083100000| Untracked 
|  50|0x0000000083200000, 0x0000000083300000, 0x0000000083300000|100%|HS|  |TAMS 0x0000000083300000, 0x0000000083200000| Complete 
|  51|0x0000000083300000, 0x0000000083400000, 0x0000000083400000|100%|HS|  |TAMS 0x0000000083400000, 0x0000000083300000| Complete 
|  52|0x0000000083400000, 0x0000000083500000, 0x0000000083500000|100%|HC|  |TAMS 0x0000000083500000, 0x0000000083400000| Complete 
|  53|0x0000000083500000, 0x0000000083600000, 0x0000000083600000|100%|HS|  |TAMS 0x0000000083600000, 0x0000000083500000| Complete 
|  54|0x0000000083600000, 0x0000000083700000, 0x0000000083700000|100%|HC|  |TAMS 0x0000000083700000, 0x0000000083600000| Complete 
|  55|0x0000000083700000, 0x0000000083800000, 0x0000000083800000|100%|HS|  |TAMS 0x0000000083800000, 0x0000000083700000| Complete 
|  56|0x0000000083800000, 0x0000000083900000, 0x0000000083900000|100%|HS|  |TAMS 0x0000000083900000, 0x0000000083800000| Complete 
|  57|0x0000000083900000, 0x0000000083a00000, 0x0000000083a00000|100%|HS|  |TAMS 0x0000000083a00000, 0x0000000083900000| Complete 
|  58|0x0000000083a00000, 0x0000000083b00000, 0x0000000083b00000|100%|HC|  |TAMS 0x0000000083b00000, 0x0000000083a00000| Complete 
|  59|0x0000000083b00000, 0x0000000083c00000, 0x0000000083c00000|100%|HC|  |TAMS 0x0000000083c00000, 0x0000000083b00000| Complete 
|  60|0x0000000083c00000, 0x0000000083d00000, 0x0000000083d00000|100%|HS|  |TAMS 0x0000000083d00000, 0x0000000083c00000| Complete 
|  61|0x0000000083d00000, 0x0000000083e00000, 0x0000000083e00000|100%| O|  |TAMS 0x0000000083e00000, 0x0000000083d00000| Untracked 
|  62|0x0000000083e00000, 0x0000000083f00000, 0x0000000083f00000|100%|HS|  |TAMS 0x0000000083f00000, 0x0000000083e00000| Complete 
|  63|0x0000000083f00000, 0x0000000084000000, 0x0000000084000000|100%|HS|  |TAMS 0x0000000084000000, 0x0000000083f00000| Complete 
|  64|0x0000000084000000, 0x0000000084100000, 0x0000000084100000|100%| O|  |TAMS 0x0000000084100000, 0x0000000084000000| Untracked 
|  65|0x0000000084100000, 0x0000000084200000, 0x0000000084200000|100%| O|  |TAMS 0x0000000084200000, 0x0000000084100000| Untracked 
|  66|0x0000000084200000, 0x0000000084300000, 0x0000000084300000|100%| O|  |TAMS 0x0000000084300000, 0x0000000084200000| Untracked 
|  67|0x0000000084300000, 0x0000000084400000, 0x0000000084400000|100%| O|  |TAMS 0x0000000084400000, 0x0000000084300000| Untracked 
|  68|0x0000000084400000, 0x0000000084500000, 0x0000000084500000|100%| O|  |TAMS 0x0000000084500000, 0x0000000084400000| Untracked 
|  69|0x0000000084500000, 0x0000000084600000, 0x0000000084600000|100%| O|  |TAMS 0x0000000084600000, 0x0000000084500000| Untracked 
|  70|0x0000000084600000, 0x0000000084700000, 0x0000000084700000|100%| O|  |TAMS 0x0000000084700000, 0x0000000084600000| Untracked 
|  71|0x0000000084700000, 0x0000000084800000, 0x0000000084800000|100%| O|  |TAMS 0x0000000084800000, 0x0000000084700000| Untracked 
|  72|0x0000000084800000, 0x0000000084900000, 0x0000000084900000|100%| O|  |TAMS 0x0000000084900000, 0x0000000084800000| Untracked 
|  73|0x0000000084900000, 0x0000000084a00000, 0x0000000084a00000|100%| O|  |TAMS 0x0000000084a00000, 0x0000000084900000| Untracked 
|  74|0x0000000084a00000, 0x0000000084b00000, 0x0000000084b00000|100%| O|  |TAMS 0x0000000084b00000, 0x0000000084a00000| Untracked 
|  75|0x0000000084b00000, 0x0000000084c00000, 0x0000000084c00000|100%| O|  |TAMS 0x0000000084c00000, 0x0000000084b00000| Untracked 
|  76|0x0000000084c00000, 0x0000000084d00000, 0x0000000084d00000|100%| O|  |TAMS 0x0000000084d00000, 0x0000000084c00000| Untracked 
|  77|0x0000000084d00000, 0x0000000084e00000, 0x0000000084e00000|100%| O|  |TAMS 0x0000000084e00000, 0x0000000084d00000| Untracked 
|  78|0x0000000084e00000, 0x0000000084f00000, 0x0000000084f00000|100%| O|  |TAMS 0x0000000084f00000, 0x0000000084e00000| Untracked 
|  79|0x0000000084f00000, 0x0000000085000000, 0x0000000085000000|100%| O|  |TAMS 0x0000000085000000, 0x0000000084f00000| Untracked 
|  80|0x0000000085000000, 0x0000000085100000, 0x0000000085100000|100%| O|  |TAMS 0x0000000085100000, 0x0000000085000000| Untracked 
|  81|0x0000000085100000, 0x0000000085200000, 0x0000000085200000|100%|HS|  |TAMS 0x0000000085200000, 0x0000000085100000| Complete 
|  82|0x0000000085200000, 0x0000000085300000, 0x0000000085300000|100%| O|  |TAMS 0x0000000085300000, 0x0000000085200000| Untracked 
|  83|0x0000000085300000, 0x0000000085400000, 0x0000000085400000|100%| O|  |TAMS 0x0000000085400000, 0x0000000085300000| Untracked 
|  84|0x0000000085400000, 0x0000000085500000, 0x0000000085500000|100%|HS|  |TAMS 0x0000000085500000, 0x0000000085400000| Complete 
|  85|0x0000000085500000, 0x0000000085600000, 0x0000000085600000|100%|HC|  |TAMS 0x0000000085600000, 0x0000000085500000| Complete 
|  86|0x0000000085600000, 0x0000000085700000, 0x0000000085700000|100%|HC|  |TAMS 0x0000000085700000, 0x0000000085600000| Complete 
|  87|0x0000000085700000, 0x0000000085800000, 0x0000000085800000|100%| O|  |TAMS 0x0000000085800000, 0x0000000085700000| Untracked 
|  88|0x0000000085800000, 0x0000000085900000, 0x0000000085900000|100%| O|  |TAMS 0x0000000085900000, 0x0000000085800000| Untracked 
|  89|0x0000000085900000, 0x0000000085a00000, 0x0000000085a00000|100%| O|  |TAMS 0x0000000085a00000, 0x0000000085900000| Untracked 
|  90|0x0000000085a00000, 0x0000000085b00000, 0x0000000085b00000|100%| O|  |TAMS 0x0000000085b00000, 0x0000000085a00000| Untracked 
|  91|0x0000000085b00000, 0x0000000085c00000, 0x0000000085c00000|100%| O|  |TAMS 0x0000000085c00000, 0x0000000085b00000| Untracked 
|  92|0x0000000085c00000, 0x0000000085d00000, 0x0000000085d00000|100%| O|  |TAMS 0x0000000085d00000, 0x0000000085c00000| Untracked 
|  93|0x0000000085d00000, 0x0000000085e00000, 0x0000000085e00000|100%| O|  |TAMS 0x0000000085e00000, 0x0000000085d00000| Untracked 
|  94|0x0000000085e00000, 0x0000000085f00000, 0x0000000085f00000|100%| O|  |TAMS 0x0000000085f00000, 0x0000000085e00000| Untracked 
|  95|0x0000000085f00000, 0x0000000086000000, 0x0000000086000000|100%| O|  |TAMS 0x0000000086000000, 0x0000000085f00000| Untracked 
|  96|0x0000000086000000, 0x0000000086100000, 0x0000000086100000|100%| O|  |TAMS 0x0000000086100000, 0x0000000086000000| Untracked 
|  97|0x0000000086100000, 0x0000000086200000, 0x0000000086200000|100%| O|  |TAMS 0x0000000086200000, 0x0000000086100000| Untracked 
|  98|0x0000000086200000, 0x0000000086300000, 0x0000000086300000|100%| O|  |TAMS 0x0000000086300000, 0x0000000086200000| Untracked 
|  99|0x0000000086300000, 0x0000000086400000, 0x0000000086400000|100%| O|  |TAMS 0x0000000086400000, 0x0000000086300000| Untracked 
| 100|0x0000000086400000, 0x0000000086500000, 0x0000000086500000|100%| O|  |TAMS 0x0000000086500000, 0x0000000086400000| Untracked 
| 101|0x0000000086500000, 0x0000000086600000, 0x0000000086600000|100%| O|  |TAMS 0x0000000086600000, 0x0000000086500000| Untracked 
| 102|0x0000000086600000, 0x0000000086700000, 0x0000000086700000|100%| O|  |TAMS 0x0000000086700000, 0x0000000086600000| Untracked 
| 103|0x0000000086700000, 0x0000000086800000, 0x0000000086800000|100%| O|  |TAMS 0x0000000086800000, 0x0000000086700000| Untracked 
| 104|0x0000000086800000, 0x0000000086900000, 0x0000000086900000|100%| O|  |TAMS 0x0000000086900000, 0x0000000086800000| Untracked 
| 105|0x0000000086900000, 0x0000000086a00000, 0x0000000086a00000|100%| O|  |TAMS 0x0000000086a00000, 0x0000000086900000| Untracked 
| 106|0x0000000086a00000, 0x0000000086b00000, 0x0000000086b00000|100%| O|  |TAMS 0x0000000086b00000, 0x0000000086a00000| Untracked 
| 107|0x0000000086b00000, 0x0000000086c00000, 0x0000000086c00000|100%| O|  |TAMS 0x0000000086c00000, 0x0000000086b00000| Untracked 
| 108|0x0000000086c00000, 0x0000000086d00000, 0x0000000086d00000|100%| O|  |TAMS 0x0000000086d00000, 0x0000000086c00000| Untracked 
| 109|0x0000000086d00000, 0x0000000086e00000, 0x0000000086e00000|100%| O|  |TAMS 0x0000000086e00000, 0x0000000086d00000| Untracked 
| 110|0x0000000086e00000, 0x0000000086f00000, 0x0000000086f00000|100%| O|  |TAMS 0x0000000086f00000, 0x0000000086e00000| Untracked 
| 111|0x0000000086f00000, 0x0000000087000000, 0x0000000087000000|100%|HS|  |TAMS 0x0000000087000000, 0x0000000086f00000| Complete 
| 112|0x0000000087000000, 0x0000000087100000, 0x0000000087100000|100%| O|  |TAMS 0x0000000087100000, 0x0000000087000000| Untracked 
| 113|0x0000000087100000, 0x0000000087200000, 0x0000000087200000|100%| O|  |TAMS 0x0000000087200000, 0x0000000087100000| Untracked 
| 114|0x0000000087200000, 0x0000000087300000, 0x0000000087300000|100%| O|  |TAMS 0x0000000087200000, 0x0000000087200000| Untracked 
| 115|0x0000000087300000, 0x0000000087400000, 0x0000000087400000|100%| O|  |TAMS 0x0000000087300000, 0x0000000087300000| Untracked 
| 116|0x0000000087400000, 0x0000000087500000, 0x0000000087500000|100%| O|  |TAMS 0x0000000087400000, 0x0000000087400000| Untracked 
| 117|0x0000000087500000, 0x0000000087600000, 0x0000000087600000|100%| O|  |TAMS 0x0000000087600000, 0x0000000087500000| Untracked 
| 118|0x0000000087600000, 0x0000000087700000, 0x0000000087700000|100%| O|  |TAMS 0x0000000087700000, 0x0000000087600000| Untracked 
| 119|0x0000000087700000, 0x0000000087800000, 0x0000000087800000|100%| O|  |TAMS 0x0000000087800000, 0x0000000087700000| Untracked 
| 120|0x0000000087800000, 0x0000000087900000, 0x0000000087900000|100%| O|  |TAMS 0x0000000087800000, 0x0000000087800000| Untracked 
| 121|0x0000000087900000, 0x0000000087a00000, 0x0000000087a00000|100%| O|  |TAMS 0x0000000087900000, 0x0000000087900000| Untracked 
| 122|0x0000000087a00000, 0x0000000087b00000, 0x0000000087b00000|100%| O|  |TAMS 0x0000000087b00000, 0x0000000087a00000| Untracked 
| 123|0x0000000087b00000, 0x0000000087c00000, 0x0000000087c00000|100%|HS|  |TAMS 0x0000000087b00000, 0x0000000087b00000| Complete 
| 124|0x0000000087c00000, 0x0000000087d00000, 0x0000000087d00000|100%|HC|  |TAMS 0x0000000087c00000, 0x0000000087c00000| Complete 
| 125|0x0000000087d00000, 0x0000000087e00000, 0x0000000087e00000|100%| O|  |TAMS 0x0000000087d00000, 0x0000000087d00000| Untracked 
| 126|0x0000000087e00000, 0x0000000087f00000, 0x0000000087f00000|100%| O|  |TAMS 0x0000000087f00000, 0x0000000087e00000| Untracked 
| 127|0x0000000087f00000, 0x0000000088000000, 0x0000000088000000|100%| O|  |TAMS 0x0000000087f00000, 0x0000000087f00000| Untracked 
| 128|0x0000000088000000, 0x0000000088100000, 0x0000000088100000|100%| O|  |TAMS 0x0000000088100000, 0x0000000088000000| Untracked 
| 129|0x0000000088100000, 0x0000000088200000, 0x0000000088200000|100%| O|  |TAMS 0x0000000088200000, 0x0000000088100000| Untracked 
| 130|0x0000000088200000, 0x0000000088300000, 0x0000000088300000|100%| O|  |TAMS 0x0000000088200000, 0x0000000088200000| Untracked 
| 131|0x0000000088300000, 0x0000000088400000, 0x0000000088400000|100%| O|  |TAMS 0x0000000088400000, 0x0000000088300000| Untracked 
| 132|0x0000000088400000, 0x0000000088500000, 0x0000000088500000|100%| O|  |TAMS 0x0000000088500000, 0x0000000088400000| Untracked 
| 133|0x0000000088500000, 0x0000000088600000, 0x0000000088600000|100%| O|  |TAMS 0x0000000088600000, 0x0000000088500000| Untracked 
| 134|0x0000000088600000, 0x0000000088700000, 0x0000000088700000|100%| O|  |TAMS 0x0000000088700000, 0x0000000088600000| Untracked 
| 135|0x0000000088700000, 0x0000000088800000, 0x0000000088800000|100%| O|  |TAMS 0x0000000088700000, 0x0000000088700000| Untracked 
| 136|0x0000000088800000, 0x0000000088900000, 0x0000000088900000|100%| O|  |TAMS 0x0000000088800000, 0x0000000088800000| Untracked 
| 137|0x0000000088900000, 0x0000000088a00000, 0x0000000088a00000|100%| O|  |TAMS 0x0000000088900000, 0x0000000088900000| Untracked 
| 138|0x0000000088a00000, 0x0000000088b00000, 0x0000000088b00000|100%| O|  |TAMS 0x0000000088a00000, 0x0000000088a00000| Untracked 
| 139|0x0000000088b00000, 0x0000000088c00000, 0x0000000088c00000|100%| O|  |TAMS 0x0000000088b00000, 0x0000000088b00000| Untracked 
| 140|0x0000000088c00000, 0x0000000088d00000, 0x0000000088d00000|100%| O|  |TAMS 0x0000000088c00000, 0x0000000088c00000| Untracked 
| 141|0x0000000088d00000, 0x0000000088e00000, 0x0000000088e00000|100%| O|  |TAMS 0x0000000088d00000, 0x0000000088d00000| Untracked 
| 142|0x0000000088e00000, 0x0000000088f00000, 0x0000000088f00000|100%|HS|  |TAMS 0x0000000088f00000, 0x0000000088e00000| Complete 
| 143|0x0000000088f00000, 0x0000000089000000, 0x0000000089000000|100%|HC|  |TAMS 0x0000000089000000, 0x0000000088f00000| Complete 
| 144|0x0000000089000000, 0x0000000089100000, 0x0000000089100000|100%|HS|  |TAMS 0x0000000089100000, 0x0000000089000000| Complete 
| 145|0x0000000089100000, 0x0000000089200000, 0x0000000089200000|100%|HS|  |TAMS 0x0000000089200000, 0x0000000089100000| Complete 
| 146|0x0000000089200000, 0x0000000089300000, 0x0000000089300000|100%|HS|  |TAMS 0x0000000089300000, 0x0000000089200000| Complete 
| 147|0x0000000089300000, 0x0000000089400000, 0x0000000089400000|100%| O|  |TAMS 0x0000000089400000, 0x0000000089300000| Untracked 
| 148|0x0000000089400000, 0x0000000089500000, 0x0000000089500000|100%| O|  |TAMS 0x0000000089500000, 0x0000000089400000| Untracked 
| 149|0x0000000089500000, 0x0000000089600000, 0x0000000089600000|100%| O|  |TAMS 0x0000000089500000, 0x0000000089500000| Untracked 
| 150|0x0000000089600000, 0x0000000089700000, 0x0000000089700000|100%| O|  |TAMS 0x0000000089700000, 0x0000000089600000| Untracked 
| 151|0x0000000089700000, 0x0000000089800000, 0x0000000089800000|100%| O|  |TAMS 0x0000000089700000, 0x0000000089700000| Untracked 
| 152|0x0000000089800000, 0x0000000089900000, 0x0000000089900000|100%| O|  |TAMS 0x0000000089800000, 0x0000000089800000| Untracked 
| 153|0x0000000089900000, 0x0000000089a00000, 0x0000000089a00000|100%| O|  |TAMS 0x0000000089a00000, 0x0000000089900000| Untracked 
| 154|0x0000000089a00000, 0x0000000089b00000, 0x0000000089b00000|100%| O|  |TAMS 0x0000000089a00000, 0x0000000089a00000| Untracked 
| 155|0x0000000089b00000, 0x0000000089c00000, 0x0000000089c00000|100%| O|  |TAMS 0x0000000089b00000, 0x0000000089b00000| Untracked 
| 156|0x0000000089c00000, 0x0000000089d00000, 0x0000000089d00000|100%| O|  |TAMS 0x0000000089d00000, 0x0000000089c00000| Untracked 
| 157|0x0000000089d00000, 0x0000000089e00000, 0x0000000089e00000|100%| O|  |TAMS 0x0000000089d00000, 0x0000000089d00000| Untracked 
| 158|0x0000000089e00000, 0x0000000089f00000, 0x0000000089f00000|100%| O|  |TAMS 0x0000000089f00000, 0x0000000089e00000| Untracked 
| 159|0x0000000089f00000, 0x000000008a000000, 0x000000008a000000|100%| O|  |TAMS 0x000000008a000000, 0x0000000089f00000| Untracked 
| 160|0x000000008a000000, 0x000000008a100000, 0x000000008a100000|100%| O|  |TAMS 0x000000008a100000, 0x000000008a000000| Untracked 
| 161|0x000000008a100000, 0x000000008a200000, 0x000000008a200000|100%| O|  |TAMS 0x000000008a200000, 0x000000008a100000| Untracked 
| 162|0x000000008a200000, 0x000000008a300000, 0x000000008a300000|100%| O|  |TAMS 0x000000008a300000, 0x000000008a200000| Untracked 
| 163|0x000000008a300000, 0x000000008a400000, 0x000000008a400000|100%| O|  |TAMS 0x000000008a400000, 0x000000008a300000| Untracked 
| 164|0x000000008a400000, 0x000000008a500000, 0x000000008a500000|100%| O|  |TAMS 0x000000008a500000, 0x000000008a400000| Untracked 
| 165|0x000000008a500000, 0x000000008a600000, 0x000000008a600000|100%|HS|  |TAMS 0x000000008a500000, 0x000000008a500000| Complete 
| 166|0x000000008a600000, 0x000000008a700000, 0x000000008a700000|100%|HC|  |TAMS 0x000000008a600000, 0x000000008a600000| Complete 
| 167|0x000000008a700000, 0x000000008a800000, 0x000000008a800000|100%| O|  |TAMS 0x000000008a700000, 0x000000008a700000| Untracked 
| 168|0x000000008a800000, 0x000000008a900000, 0x000000008a900000|100%| O|  |TAMS 0x000000008a800000, 0x000000008a800000| Untracked 
| 169|0x000000008a900000, 0x000000008aa00000, 0x000000008aa00000|100%| O|  |TAMS 0x000000008a900000, 0x000000008a900000| Untracked 
| 170|0x000000008aa00000, 0x000000008ab00000, 0x000000008ab00000|100%| O|  |TAMS 0x000000008ab00000, 0x000000008aa00000| Untracked 
| 171|0x000000008ab00000, 0x000000008ac00000, 0x000000008ac00000|100%| O|  |TAMS 0x000000008ac00000, 0x000000008ab00000| Untracked 
| 172|0x000000008ac00000, 0x000000008ad00000, 0x000000008ad00000|100%| O|  |TAMS 0x000000008ad00000, 0x000000008ac00000| Untracked 
| 173|0x000000008ad00000, 0x000000008ae00000, 0x000000008ae00000|100%| O|  |TAMS 0x000000008ae00000, 0x000000008ad00000| Untracked 
| 174|0x000000008ae00000, 0x000000008af00000, 0x000000008af00000|100%| O|  |TAMS 0x000000008af00000, 0x000000008ae00000| Untracked 
| 175|0x000000008af00000, 0x000000008b000000, 0x000000008b000000|100%| O|  |TAMS 0x000000008b000000, 0x000000008af00000| Untracked 
| 176|0x000000008b000000, 0x000000008b100000, 0x000000008b100000|100%| O|  |TAMS 0x000000008b100000, 0x000000008b000000| Untracked 
| 177|0x000000008b100000, 0x000000008b200000, 0x000000008b200000|100%| O|  |TAMS 0x000000008b200000, 0x000000008b100000| Untracked 
| 178|0x000000008b200000, 0x000000008b300000, 0x000000008b300000|100%| O|  |TAMS 0x000000008b300000, 0x000000008b200000| Untracked 
| 179|0x000000008b300000, 0x000000008b400000, 0x000000008b400000|100%| O|  |TAMS 0x000000008b400000, 0x000000008b300000| Untracked 
| 180|0x000000008b400000, 0x000000008b500000, 0x000000008b500000|100%| O|  |TAMS 0x000000008b500000, 0x000000008b400000| Untracked 
| 181|0x000000008b500000, 0x000000008b600000, 0x000000008b600000|100%|HS|  |TAMS 0x000000008b600000, 0x000000008b500000| Complete 
| 182|0x000000008b600000, 0x000000008b700000, 0x000000008b700000|100%|HS|  |TAMS 0x000000008b700000, 0x000000008b600000| Complete 
| 183|0x000000008b700000, 0x000000008b800000, 0x000000008b800000|100%|HC|  |TAMS 0x000000008b800000, 0x000000008b700000| Complete 
| 184|0x000000008b800000, 0x000000008b900000, 0x000000008b900000|100%|HS|  |TAMS 0x000000008b900000, 0x000000008b800000| Complete 
| 185|0x000000008b900000, 0x000000008ba00000, 0x000000008ba00000|100%|HS|  |TAMS 0x000000008ba00000, 0x000000008b900000| Complete 
| 186|0x000000008ba00000, 0x000000008bb00000, 0x000000008bb00000|100%| O|  |TAMS 0x000000008ba00000, 0x000000008ba00000| Untracked 
| 187|0x000000008bb00000, 0x000000008bc00000, 0x000000008bc00000|100%| O|  |TAMS 0x000000008bb00000, 0x000000008bb00000| Untracked 
| 188|0x000000008bc00000, 0x000000008bd00000, 0x000000008bd00000|100%|HS|  |TAMS 0x000000008bd00000, 0x000000008bc00000| Complete 
| 189|0x000000008bd00000, 0x000000008be00000, 0x000000008be00000|100%|HC|  |TAMS 0x000000008be00000, 0x000000008bd00000| Complete 
| 190|0x000000008be00000, 0x000000008bf00000, 0x000000008bf00000|100%| O|  |TAMS 0x000000008be00000, 0x000000008be00000| Untracked 
| 191|0x000000008bf00000, 0x000000008c000000, 0x000000008c000000|100%| O|  |TAMS 0x000000008c000000, 0x000000008bf00000| Untracked 
| 192|0x000000008c000000, 0x000000008c100000, 0x000000008c100000|100%| O|  |TAMS 0x000000008c100000, 0x000000008c000000| Untracked 
| 193|0x000000008c100000, 0x000000008c200000, 0x000000008c200000|100%| O|  |TAMS 0x000000008c200000, 0x000000008c100000| Untracked 
| 194|0x000000008c200000, 0x000000008c300000, 0x000000008c300000|100%| O|  |TAMS 0x000000008c300000, 0x000000008c200000| Untracked 
| 195|0x000000008c300000, 0x000000008c400000, 0x000000008c400000|100%| O|  |TAMS 0x000000008c400000, 0x000000008c300000| Untracked 
| 196|0x000000008c400000, 0x000000008c500000, 0x000000008c500000|100%|HS|  |TAMS 0x000000008c500000, 0x000000008c400000| Complete 
| 197|0x000000008c500000, 0x000000008c600000, 0x000000008c600000|100%|HC|  |TAMS 0x000000008c600000, 0x000000008c500000| Complete 
| 198|0x000000008c600000, 0x000000008c700000, 0x000000008c700000|100%|HS|  |TAMS 0x000000008c700000, 0x000000008c600000| Complete 
| 199|0x000000008c700000, 0x000000008c800000, 0x000000008c800000|100%|HS|  |TAMS 0x000000008c800000, 0x000000008c700000| Complete 
| 200|0x000000008c800000, 0x000000008c900000, 0x000000008c900000|100%|HC|  |TAMS 0x000000008c900000, 0x000000008c800000| Complete 
| 201|0x000000008c900000, 0x000000008ca00000, 0x000000008ca00000|100%|HC|  |TAMS 0x000000008ca00000, 0x000000008c900000| Complete 
| 202|0x000000008ca00000, 0x000000008cb00000, 0x000000008cb00000|100%|HS|  |TAMS 0x000000008cb00000, 0x000000008ca00000| Complete 
| 203|0x000000008cb00000, 0x000000008cc00000, 0x000000008cc00000|100%|HC|  |TAMS 0x000000008cc00000, 0x000000008cb00000| Complete 
| 204|0x000000008cc00000, 0x000000008cd00000, 0x000000008cd00000|100%|HC|  |TAMS 0x000000008cd00000, 0x000000008cc00000| Complete 
| 205|0x000000008cd00000, 0x000000008ce00000, 0x000000008ce00000|100%| O|  |TAMS 0x000000008ce00000, 0x000000008cd00000| Untracked 
| 206|0x000000008ce00000, 0x000000008cf00000, 0x000000008cf00000|100%| O|  |TAMS 0x000000008cf00000, 0x000000008ce00000| Untracked 
| 207|0x000000008cf00000, 0x000000008d000000, 0x000000008d000000|100%| O|  |TAMS 0x000000008d000000, 0x000000008cf00000| Untracked 
| 208|0x000000008d000000, 0x000000008d100000, 0x000000008d100000|100%|HS|  |TAMS 0x000000008d100000, 0x000000008d000000| Complete 
| 209|0x000000008d100000, 0x000000008d200000, 0x000000008d200000|100%|HC|  |TAMS 0x000000008d200000, 0x000000008d100000| Complete 
| 210|0x000000008d200000, 0x000000008d300000, 0x000000008d300000|100%| O|  |TAMS 0x000000008d300000, 0x000000008d200000| Untracked 
| 211|0x000000008d300000, 0x000000008d400000, 0x000000008d400000|100%|HS|  |TAMS 0x000000008d400000, 0x000000008d300000| Complete 
| 212|0x000000008d400000, 0x000000008d500000, 0x000000008d500000|100%| O|  |TAMS 0x000000008d500000, 0x000000008d400000| Untracked 
| 213|0x000000008d500000, 0x000000008d600000, 0x000000008d600000|100%|HS|  |TAMS 0x000000008d600000, 0x000000008d500000| Complete 
| 214|0x000000008d600000, 0x000000008d700000, 0x000000008d700000|100%| O|  |TAMS 0x000000008d700000, 0x000000008d600000| Untracked 
| 215|0x000000008d700000, 0x000000008d800000, 0x000000008d800000|100%|HS|  |TAMS 0x000000008d800000, 0x000000008d700000| Complete 
| 216|0x000000008d800000, 0x000000008d900000, 0x000000008d900000|100%| O|  |TAMS 0x000000008d900000, 0x000000008d800000| Untracked 
| 217|0x000000008d900000, 0x000000008da00000, 0x000000008da00000|100%| O|  |TAMS 0x000000008da00000, 0x000000008d900000| Untracked 
| 218|0x000000008da00000, 0x000000008db00000, 0x000000008db00000|100%| O|  |TAMS 0x000000008db00000, 0x000000008da00000| Untracked 
| 219|0x000000008db00000, 0x000000008dc00000, 0x000000008dc00000|100%|HS|  |TAMS 0x000000008dc00000, 0x000000008db00000| Complete 
| 220|0x000000008dc00000, 0x000000008dd00000, 0x000000008dd00000|100%|HC|  |TAMS 0x000000008dd00000, 0x000000008dc00000| Complete 
| 221|0x000000008dd00000, 0x000000008de00000, 0x000000008de00000|100%| O|  |TAMS 0x000000008de00000, 0x000000008dd00000| Untracked 
| 222|0x000000008de00000, 0x000000008df00000, 0x000000008df00000|100%|HS|  |TAMS 0x000000008df00000, 0x000000008de00000| Complete 
| 223|0x000000008df00000, 0x000000008e000000, 0x000000008e000000|100%| O|  |TAMS 0x000000008e000000, 0x000000008df00000| Untracked 
| 224|0x000000008e000000, 0x000000008e100000, 0x000000008e100000|100%|HS|  |TAMS 0x000000008e100000, 0x000000008e000000| Complete 
| 225|0x000000008e100000, 0x000000008e200000, 0x000000008e200000|100%| O|  |TAMS 0x000000008e200000, 0x000000008e100000| Untracked 
| 226|0x000000008e200000, 0x000000008e300000, 0x000000008e300000|100%| O|  |TAMS 0x000000008e300000, 0x000000008e200000| Untracked 
| 227|0x000000008e300000, 0x000000008e400000, 0x000000008e400000|100%| O|  |TAMS 0x000000008e400000, 0x000000008e300000| Untracked 
| 228|0x000000008e400000, 0x000000008e500000, 0x000000008e500000|100%|HS|  |TAMS 0x000000008e500000, 0x000000008e400000| Complete 
| 229|0x000000008e500000, 0x000000008e600000, 0x000000008e600000|100%|HC|  |TAMS 0x000000008e600000, 0x000000008e500000| Complete 
| 230|0x000000008e600000, 0x000000008e700000, 0x000000008e700000|100%| O|  |TAMS 0x000000008e700000, 0x000000008e600000| Untracked 
| 231|0x000000008e700000, 0x000000008e800000, 0x000000008e800000|100%| O|  |TAMS 0x000000008e800000, 0x000000008e700000| Untracked 
| 232|0x000000008e800000, 0x000000008e900000, 0x000000008e900000|100%| O|  |TAMS 0x000000008e900000, 0x000000008e800000| Untracked 
| 233|0x000000008e900000, 0x000000008ea00000, 0x000000008ea00000|100%| O|  |TAMS 0x000000008ea00000, 0x000000008e900000| Untracked 
| 234|0x000000008ea00000, 0x000000008eb00000, 0x000000008eb00000|100%| O|  |TAMS 0x000000008eb00000, 0x000000008ea00000| Untracked 
| 235|0x000000008eb00000, 0x000000008ec00000, 0x000000008ec00000|100%| O|  |TAMS 0x000000008ec00000, 0x000000008eb00000| Untracked 
| 236|0x000000008ec00000, 0x000000008ed00000, 0x000000008ed00000|100%| O|  |TAMS 0x000000008ed00000, 0x000000008ec00000| Untracked 
| 237|0x000000008ed00000, 0x000000008ee00000, 0x000000008ee00000|100%| O|  |TAMS 0x000000008ee00000, 0x000000008ed00000| Untracked 
| 238|0x000000008ee00000, 0x000000008ef00000, 0x000000008ef00000|100%|HS|  |TAMS 0x000000008ef00000, 0x000000008ee00000| Complete 
| 239|0x000000008ef00000, 0x000000008f000000, 0x000000008f000000|100%|HC|  |TAMS 0x000000008f000000, 0x000000008ef00000| Complete 
| 240|0x000000008f000000, 0x000000008f100000, 0x000000008f100000|100%|HS|  |TAMS 0x000000008f100000, 0x000000008f000000| Complete 
| 241|0x000000008f100000, 0x000000008f200000, 0x000000008f200000|100%| O|  |TAMS 0x000000008f200000, 0x000000008f100000| Untracked 
| 242|0x000000008f200000, 0x000000008f300000, 0x000000008f300000|100%| O|  |TAMS 0x000000008f235000, 0x000000008f200000| Untracked 
| 243|0x000000008f300000, 0x000000008f400000, 0x000000008f400000|100%| O|  |TAMS 0x000000008f300000, 0x000000008f300000| Untracked 
| 244|0x000000008f400000, 0x000000008f500000, 0x000000008f500000|100%| O|  |TAMS 0x000000008f400000, 0x000000008f400000| Untracked 
| 245|0x000000008f500000, 0x000000008f600000, 0x000000008f600000|100%| O|  |TAMS 0x000000008f500000, 0x000000008f500000| Untracked 
| 246|0x000000008f600000, 0x000000008f700000, 0x000000008f700000|100%| O|  |TAMS 0x000000008f600000, 0x000000008f600000| Untracked 
| 247|0x000000008f700000, 0x000000008f800000, 0x000000008f800000|100%|HS|  |TAMS 0x000000008f800000, 0x000000008f700000| Complete 
| 248|0x000000008f800000, 0x000000008f900000, 0x000000008f900000|100%|HC|  |TAMS 0x000000008f900000, 0x000000008f800000| Complete 
| 249|0x000000008f900000, 0x000000008fa00000, 0x000000008fa00000|100%|HC|  |TAMS 0x000000008fa00000, 0x000000008f900000| Complete 
| 250|0x000000008fa00000, 0x000000008fb00000, 0x000000008fb00000|100%| O|  |TAMS 0x000000008fa00000, 0x000000008fa00000| Untracked 
| 251|0x000000008fb00000, 0x000000008fc00000, 0x000000008fc00000|100%| O|  |TAMS 0x000000008fb00000, 0x000000008fb00000| Untracked 
| 252|0x000000008fc00000, 0x000000008fd00000, 0x000000008fd00000|100%| O|  |TAMS 0x000000008fc00000, 0x000000008fc00000| Untracked 
| 253|0x000000008fd00000, 0x000000008fe00000, 0x000000008fe00000|100%| O|  |TAMS 0x000000008fd00000, 0x000000008fd00000| Untracked 
| 254|0x000000008fe00000, 0x000000008ff00000, 0x000000008ff00000|100%| O|  |TAMS 0x000000008fe00000, 0x000000008fe00000| Untracked 
| 255|0x000000008ff00000, 0x0000000090000000, 0x0000000090000000|100%| O|  |TAMS 0x000000008ff00000, 0x000000008ff00000| Untracked 
| 256|0x0000000090000000, 0x0000000090100000, 0x0000000090100000|100%|HS|  |TAMS 0x0000000090100000, 0x0000000090000000| Complete 
| 257|0x0000000090100000, 0x0000000090200000, 0x0000000090200000|100%|HC|  |TAMS 0x0000000090200000, 0x0000000090100000| Complete 
| 258|0x0000000090200000, 0x0000000090300000, 0x0000000090300000|100%|HC|  |TAMS 0x0000000090300000, 0x0000000090200000| Complete 
| 259|0x0000000090300000, 0x0000000090400000, 0x0000000090400000|100%| O|  |TAMS 0x0000000090300000, 0x0000000090300000| Untracked 
| 260|0x0000000090400000, 0x0000000090500000, 0x0000000090500000|100%| O|  |TAMS 0x0000000090400000, 0x0000000090400000| Untracked 
| 261|0x0000000090500000, 0x0000000090600000, 0x0000000090600000|100%| O|  |TAMS 0x0000000090500000, 0x0000000090500000| Untracked 
| 262|0x0000000090600000, 0x0000000090700000, 0x0000000090700000|100%| O|  |TAMS 0x0000000090600000, 0x0000000090600000| Untracked 
| 263|0x0000000090700000, 0x0000000090800000, 0x0000000090800000|100%| O|  |TAMS 0x0000000090700000, 0x0000000090700000| Untracked 
| 264|0x0000000090800000, 0x0000000090900000, 0x0000000090900000|100%| O|  |TAMS 0x0000000090800000, 0x0000000090800000| Untracked 
| 265|0x0000000090900000, 0x0000000090a00000, 0x0000000090a00000|100%| O|  |TAMS 0x0000000090900000, 0x0000000090900000| Untracked 
| 266|0x0000000090a00000, 0x0000000090b00000, 0x0000000090b00000|100%| O|  |TAMS 0x0000000090a00000, 0x0000000090a00000| Untracked 
| 267|0x0000000090b00000, 0x0000000090c00000, 0x0000000090c00000|100%| O|  |TAMS 0x0000000090b00000, 0x0000000090b00000| Untracked 
| 268|0x0000000090c00000, 0x0000000090d00000, 0x0000000090d00000|100%| O|  |TAMS 0x0000000090c00000, 0x0000000090c00000| Untracked 
| 269|0x0000000090d00000, 0x0000000090e00000, 0x0000000090e00000|100%| O|  |TAMS 0x0000000090d00000, 0x0000000090d00000| Untracked 
| 270|0x0000000090e00000, 0x0000000090f00000, 0x0000000090f00000|100%| O|  |TAMS 0x0000000090e00000, 0x0000000090e00000| Untracked 
| 271|0x0000000090f00000, 0x0000000091000000, 0x0000000091000000|100%| O|  |TAMS 0x0000000090f00000, 0x0000000090f00000| Untracked 
| 272|0x0000000091000000, 0x0000000091100000, 0x0000000091100000|100%| O|  |TAMS 0x0000000091000000, 0x0000000091000000| Untracked 
| 273|0x0000000091100000, 0x0000000091200000, 0x0000000091200000|100%| O|  |TAMS 0x0000000091100000, 0x0000000091100000| Untracked 
| 274|0x0000000091200000, 0x0000000091300000, 0x0000000091300000|100%| O|  |TAMS 0x0000000091200000, 0x0000000091200000| Untracked 
| 275|0x0000000091300000, 0x0000000091400000, 0x0000000091400000|100%| O|  |TAMS 0x0000000091300000, 0x0000000091300000| Untracked 
| 276|0x0000000091400000, 0x0000000091500000, 0x0000000091500000|100%| O|  |TAMS 0x0000000091400000, 0x0000000091400000| Untracked 
| 277|0x0000000091500000, 0x0000000091600000, 0x0000000091600000|100%| O|  |TAMS 0x0000000091500000, 0x0000000091500000| Untracked 
| 278|0x0000000091600000, 0x0000000091700000, 0x0000000091700000|100%| O|  |TAMS 0x0000000091600000, 0x0000000091600000| Untracked 
| 279|0x0000000091700000, 0x0000000091800000, 0x0000000091800000|100%| O|  |TAMS 0x0000000091700000, 0x0000000091700000| Untracked 
| 280|0x0000000091800000, 0x0000000091900000, 0x0000000091900000|100%| O|  |TAMS 0x0000000091800000, 0x0000000091800000| Untracked 
| 281|0x0000000091900000, 0x0000000091a00000, 0x0000000091a00000|100%| O|  |TAMS 0x0000000091900000, 0x0000000091900000| Untracked 
| 282|0x0000000091a00000, 0x0000000091b00000, 0x0000000091b00000|100%| O|  |TAMS 0x0000000091a00000, 0x0000000091a00000| Untracked 
| 283|0x0000000091b00000, 0x0000000091c00000, 0x0000000091c00000|100%| O|  |TAMS 0x0000000091b00000, 0x0000000091b00000| Untracked 
| 284|0x0000000091c00000, 0x0000000091d00000, 0x0000000091d00000|100%| O|  |TAMS 0x0000000091c00000, 0x0000000091c00000| Untracked 
| 285|0x0000000091d00000, 0x0000000091e00000, 0x0000000091e00000|100%| O|  |TAMS 0x0000000091d00000, 0x0000000091d00000| Untracked 
| 286|0x0000000091e00000, 0x0000000091f00000, 0x0000000091f00000|100%| O|  |TAMS 0x0000000091e00000, 0x0000000091e00000| Untracked 
| 287|0x0000000091f00000, 0x0000000092000000, 0x0000000092000000|100%| O|  |TAMS 0x0000000091f00000, 0x0000000091f00000| Untracked 
| 288|0x0000000092000000, 0x0000000092100000, 0x0000000092100000|100%| O|  |TAMS 0x0000000092000000, 0x0000000092000000| Untracked 
| 289|0x0000000092100000, 0x0000000092200000, 0x0000000092200000|100%| O|  |TAMS 0x0000000092100000, 0x0000000092100000| Untracked 
| 290|0x0000000092200000, 0x0000000092300000, 0x0000000092300000|100%| O|  |TAMS 0x0000000092200000, 0x0000000092200000| Untracked 
| 291|0x0000000092300000, 0x0000000092400000, 0x0000000092400000|100%| O|  |TAMS 0x0000000092300000, 0x0000000092300000| Untracked 
| 292|0x0000000092400000, 0x0000000092500000, 0x0000000092500000|100%| O|  |TAMS 0x0000000092400000, 0x0000000092400000| Untracked 
| 293|0x0000000092500000, 0x0000000092600000, 0x0000000092600000|100%| O|  |TAMS 0x0000000092500000, 0x0000000092500000| Untracked 
| 294|0x0000000092600000, 0x0000000092700000, 0x0000000092700000|100%| O|  |TAMS 0x0000000092600000, 0x0000000092600000| Untracked 
| 295|0x0000000092700000, 0x0000000092800000, 0x0000000092800000|100%| O|  |TAMS 0x0000000092700000, 0x0000000092700000| Untracked 
| 296|0x0000000092800000, 0x0000000092900000, 0x0000000092900000|100%| O|  |TAMS 0x0000000092800000, 0x0000000092800000| Untracked 
| 297|0x0000000092900000, 0x0000000092a00000, 0x0000000092a00000|100%| O|  |TAMS 0x0000000092900000, 0x0000000092900000| Untracked 
| 298|0x0000000092a00000, 0x0000000092b00000, 0x0000000092b00000|100%| O|  |TAMS 0x0000000092a00000, 0x0000000092a00000| Untracked 
| 299|0x0000000092b00000, 0x0000000092c00000, 0x0000000092c00000|100%| O|  |TAMS 0x0000000092b00000, 0x0000000092b00000| Untracked 
| 300|0x0000000092c00000, 0x0000000092d00000, 0x0000000092d00000|100%| O|  |TAMS 0x0000000092c00000, 0x0000000092c00000| Untracked 
| 301|0x0000000092d00000, 0x0000000092e00000, 0x0000000092e00000|100%| O|  |TAMS 0x0000000092d00000, 0x0000000092d00000| Untracked 
| 302|0x0000000092e00000, 0x0000000092f00000, 0x0000000092f00000|100%| O|  |TAMS 0x0000000092e00000, 0x0000000092e00000| Untracked 
| 303|0x0000000092f00000, 0x0000000093000000, 0x0000000093000000|100%| O|  |TAMS 0x0000000092f00000, 0x0000000092f00000| Untracked 
| 304|0x0000000093000000, 0x0000000093100000, 0x0000000093100000|100%| O|  |TAMS 0x0000000093000000, 0x0000000093000000| Untracked 
| 305|0x0000000093100000, 0x0000000093200000, 0x0000000093200000|100%| O|  |TAMS 0x0000000093100000, 0x0000000093100000| Untracked 
| 306|0x0000000093200000, 0x0000000093300000, 0x0000000093300000|100%| O|  |TAMS 0x0000000093200000, 0x0000000093200000| Untracked 
| 307|0x0000000093300000, 0x0000000093400000, 0x0000000093400000|100%| O|  |TAMS 0x0000000093300000, 0x0000000093300000| Untracked 
| 308|0x0000000093400000, 0x0000000093500000, 0x0000000093500000|100%| O|  |TAMS 0x0000000093400000, 0x0000000093400000| Untracked 
| 309|0x0000000093500000, 0x0000000093600000, 0x0000000093600000|100%| O|  |TAMS 0x0000000093500000, 0x0000000093500000| Untracked 
| 310|0x0000000093600000, 0x0000000093700000, 0x0000000093700000|100%| O|  |TAMS 0x0000000093600000, 0x0000000093600000| Untracked 
| 311|0x0000000093700000, 0x0000000093800000, 0x0000000093800000|100%| O|  |TAMS 0x0000000093700000, 0x0000000093700000| Untracked 
| 312|0x0000000093800000, 0x0000000093900000, 0x0000000093900000|100%| O|  |TAMS 0x0000000093800000, 0x0000000093800000| Untracked 
| 313|0x0000000093900000, 0x0000000093a00000, 0x0000000093a00000|100%| O|  |TAMS 0x0000000093900000, 0x0000000093900000| Untracked 
| 314|0x0000000093a00000, 0x0000000093b00000, 0x0000000093b00000|100%| O|  |TAMS 0x0000000093a00000, 0x0000000093a00000| Untracked 
| 315|0x0000000093b00000, 0x0000000093c00000, 0x0000000093c00000|100%| O|  |TAMS 0x0000000093b00000, 0x0000000093b00000| Untracked 
| 316|0x0000000093c00000, 0x0000000093d00000, 0x0000000093d00000|100%| O|  |TAMS 0x0000000093c00000, 0x0000000093c00000| Untracked 
| 317|0x0000000093d00000, 0x0000000093e00000, 0x0000000093e00000|100%| O|  |TAMS 0x0000000093d00000, 0x0000000093d00000| Untracked 
| 318|0x0000000093e00000, 0x0000000093f00000, 0x0000000093f00000|100%| O|  |TAMS 0x0000000093e00000, 0x0000000093e00000| Untracked 
| 319|0x0000000093f00000, 0x0000000093f2da00, 0x0000000094000000| 17%| O|  |TAMS 0x0000000093f00000, 0x0000000093f00000| Untracked 
| 320|0x0000000094000000, 0x0000000094000000, 0x0000000094100000|  0%| F|  |TAMS 0x0000000094000000, 0x0000000094000000| Untracked 
| 321|0x0000000094100000, 0x0000000094100000, 0x0000000094200000|  0%| F|  |TAMS 0x0000000094100000, 0x0000000094100000| Untracked 
| 322|0x0000000094200000, 0x0000000094200000, 0x0000000094300000|  0%| F|  |TAMS 0x0000000094200000, 0x0000000094200000| Untracked 
| 323|0x0000000094300000, 0x0000000094300000, 0x0000000094400000|  0%| F|  |TAMS 0x0000000094300000, 0x0000000094300000| Untracked 
| 324|0x0000000094400000, 0x0000000094400000, 0x0000000094500000|  0%| F|  |TAMS 0x0000000094400000, 0x0000000094400000| Untracked 
| 325|0x0000000094500000, 0x0000000094500000, 0x0000000094600000|  0%| F|  |TAMS 0x0000000094500000, 0x0000000094500000| Untracked 
| 326|0x0000000094600000, 0x0000000094600000, 0x0000000094700000|  0%| F|  |TAMS 0x0000000094600000, 0x0000000094600000| Untracked 
| 327|0x0000000094700000, 0x0000000094700000, 0x0000000094800000|  0%| F|  |TAMS 0x0000000094700000, 0x0000000094700000| Untracked 
| 328|0x0000000094800000, 0x0000000094800000, 0x0000000094900000|  0%| F|  |TAMS 0x0000000094800000, 0x0000000094800000| Untracked 
| 329|0x0000000094900000, 0x0000000094900000, 0x0000000094a00000|  0%| F|  |TAMS 0x0000000094900000, 0x0000000094900000| Untracked 
| 330|0x0000000094a00000, 0x0000000094a00000, 0x0000000094b00000|  0%| F|  |TAMS 0x0000000094a00000, 0x0000000094a00000| Untracked 
| 331|0x0000000094b00000, 0x0000000094b00000, 0x0000000094c00000|  0%| F|  |TAMS 0x0000000094b00000, 0x0000000094b00000| Untracked 
| 332|0x0000000094c00000, 0x0000000094c00000, 0x0000000094d00000|  0%| F|  |TAMS 0x0000000094c00000, 0x0000000094c00000| Untracked 
| 333|0x0000000094d00000, 0x0000000094d00000, 0x0000000094e00000|  0%| F|  |TAMS 0x0000000094d00000, 0x0000000094d00000| Untracked 
| 334|0x0000000094e00000, 0x0000000094e00000, 0x0000000094f00000|  0%| F|  |TAMS 0x0000000094e00000, 0x0000000094e00000| Untracked 
| 335|0x0000000094f00000, 0x0000000094f00000, 0x0000000095000000|  0%| F|  |TAMS 0x0000000094f00000, 0x0000000094f00000| Untracked 
| 336|0x0000000095000000, 0x0000000095000000, 0x0000000095100000|  0%| F|  |TAMS 0x0000000095000000, 0x0000000095000000| Untracked 
| 337|0x0000000095100000, 0x0000000095100000, 0x0000000095200000|  0%| F|  |TAMS 0x0000000095100000, 0x0000000095100000| Untracked 
| 338|0x0000000095200000, 0x0000000095200000, 0x0000000095300000|  0%| F|  |TAMS 0x0000000095200000, 0x0000000095200000| Untracked 
| 339|0x0000000095300000, 0x0000000095300000, 0x0000000095400000|  0%| F|  |TAMS 0x0000000095300000, 0x0000000095300000| Untracked 
| 340|0x0000000095400000, 0x0000000095400000, 0x0000000095500000|  0%| F|  |TAMS 0x0000000095400000, 0x0000000095400000| Untracked 
| 341|0x0000000095500000, 0x0000000095500000, 0x0000000095600000|  0%| F|  |TAMS 0x0000000095500000, 0x0000000095500000| Untracked 
| 342|0x0000000095600000, 0x0000000095600000, 0x0000000095700000|  0%| F|  |TAMS 0x0000000095600000, 0x0000000095600000| Untracked 
| 343|0x0000000095700000, 0x0000000095700000, 0x0000000095800000|  0%| F|  |TAMS 0x0000000095700000, 0x0000000095700000| Untracked 
| 344|0x0000000095800000, 0x0000000095800000, 0x0000000095900000|  0%| F|  |TAMS 0x0000000095800000, 0x0000000095800000| Untracked 
| 345|0x0000000095900000, 0x0000000095900000, 0x0000000095a00000|  0%| F|  |TAMS 0x0000000095900000, 0x0000000095900000| Untracked 
| 346|0x0000000095a00000, 0x0000000095a00000, 0x0000000095b00000|  0%| F|  |TAMS 0x0000000095a00000, 0x0000000095a00000| Untracked 
| 347|0x0000000095b00000, 0x0000000095b00000, 0x0000000095c00000|  0%| F|  |TAMS 0x0000000095b00000, 0x0000000095b00000| Untracked 
| 348|0x0000000095c00000, 0x0000000095c00000, 0x0000000095d00000|  0%| F|  |TAMS 0x0000000095c00000, 0x0000000095c00000| Untracked 
| 349|0x0000000095d00000, 0x0000000095d00000, 0x0000000095e00000|  0%| F|  |TAMS 0x0000000095d00000, 0x0000000095d00000| Untracked 
| 350|0x0000000095e00000, 0x0000000095e00000, 0x0000000095f00000|  0%| F|  |TAMS 0x0000000095e00000, 0x0000000095e00000| Untracked 
| 351|0x0000000095f00000, 0x0000000095f00000, 0x0000000096000000|  0%| F|  |TAMS 0x0000000095f00000, 0x0000000095f00000| Untracked 
| 352|0x0000000096000000, 0x0000000096000000, 0x0000000096100000|  0%| F|  |TAMS 0x0000000096000000, 0x0000000096000000| Untracked 
| 353|0x0000000096100000, 0x0000000096100000, 0x0000000096200000|  0%| F|  |TAMS 0x0000000096100000, 0x0000000096100000| Untracked 
| 354|0x0000000096200000, 0x0000000096200000, 0x0000000096300000|  0%| F|  |TAMS 0x0000000096200000, 0x0000000096200000| Untracked 
| 355|0x0000000096300000, 0x0000000096300000, 0x0000000096400000|  0%| F|  |TAMS 0x0000000096300000, 0x0000000096300000| Untracked 
| 356|0x0000000096400000, 0x0000000096400000, 0x0000000096500000|  0%| F|  |TAMS 0x0000000096400000, 0x0000000096400000| Untracked 
| 357|0x0000000096500000, 0x0000000096500000, 0x0000000096600000|  0%| F|  |TAMS 0x0000000096500000, 0x0000000096500000| Untracked 
| 358|0x0000000096600000, 0x0000000096600000, 0x0000000096700000|  0%| F|  |TAMS 0x0000000096600000, 0x0000000096600000| Untracked 
| 359|0x0000000096700000, 0x0000000096700000, 0x0000000096800000|  0%| F|  |TAMS 0x0000000096700000, 0x0000000096700000| Untracked 
| 360|0x0000000096800000, 0x0000000096800000, 0x0000000096900000|  0%| F|  |TAMS 0x0000000096800000, 0x0000000096800000| Untracked 
| 361|0x0000000096900000, 0x0000000096900000, 0x0000000096a00000|  0%| F|  |TAMS 0x0000000096900000, 0x0000000096900000| Untracked 
| 362|0x0000000096a00000, 0x0000000096a00000, 0x0000000096b00000|  0%| F|  |TAMS 0x0000000096a00000, 0x0000000096a00000| Untracked 
| 363|0x0000000096b00000, 0x0000000096b00000, 0x0000000096c00000|  0%| F|  |TAMS 0x0000000096b00000, 0x0000000096b00000| Untracked 
| 364|0x0000000096c00000, 0x0000000096c00000, 0x0000000096d00000|  0%| F|  |TAMS 0x0000000096c00000, 0x0000000096c00000| Untracked 
| 365|0x0000000096d00000, 0x0000000096d00000, 0x0000000096e00000|  0%| F|  |TAMS 0x0000000096d00000, 0x0000000096d00000| Untracked 
| 366|0x0000000096e00000, 0x0000000096e00000, 0x0000000096f00000|  0%| F|  |TAMS 0x0000000096e00000, 0x0000000096e00000| Untracked 
| 367|0x0000000096f00000, 0x0000000096f00000, 0x0000000097000000|  0%| F|  |TAMS 0x0000000096f00000, 0x0000000096f00000| Untracked 
| 368|0x0000000097000000, 0x0000000097000000, 0x0000000097100000|  0%| F|  |TAMS 0x0000000097000000, 0x0000000097000000| Untracked 
| 369|0x0000000097100000, 0x0000000097100000, 0x0000000097200000|  0%| F|  |TAMS 0x0000000097100000, 0x0000000097100000| Untracked 
| 370|0x0000000097200000, 0x0000000097200000, 0x0000000097300000|  0%| F|  |TAMS 0x0000000097200000, 0x0000000097200000| Untracked 
| 371|0x0000000097300000, 0x0000000097300000, 0x0000000097400000|  0%| F|  |TAMS 0x0000000097300000, 0x0000000097300000| Untracked 
| 372|0x0000000097400000, 0x0000000097400000, 0x0000000097500000|  0%| F|  |TAMS 0x0000000097400000, 0x0000000097400000| Untracked 
| 373|0x0000000097500000, 0x0000000097500000, 0x0000000097600000|  0%| F|  |TAMS 0x0000000097500000, 0x0000000097500000| Untracked 
| 374|0x0000000097600000, 0x0000000097600000, 0x0000000097700000|  0%| F|  |TAMS 0x0000000097600000, 0x0000000097600000| Untracked 
| 375|0x0000000097700000, 0x0000000097700000, 0x0000000097800000|  0%| F|  |TAMS 0x0000000097700000, 0x0000000097700000| Untracked 
| 376|0x0000000097800000, 0x0000000097800000, 0x0000000097900000|  0%| F|  |TAMS 0x0000000097800000, 0x0000000097800000| Untracked 
| 377|0x0000000097900000, 0x0000000097900000, 0x0000000097a00000|  0%| F|  |TAMS 0x0000000097900000, 0x0000000097900000| Untracked 
| 378|0x0000000097a00000, 0x0000000097a00000, 0x0000000097b00000|  0%| F|  |TAMS 0x0000000097a00000, 0x0000000097a00000| Untracked 
| 379|0x0000000097b00000, 0x0000000097b00000, 0x0000000097c00000|  0%| F|  |TAMS 0x0000000097b00000, 0x0000000097b00000| Untracked 
| 380|0x0000000097c00000, 0x0000000097c00000, 0x0000000097d00000|  0%| F|  |TAMS 0x0000000097c00000, 0x0000000097c00000| Untracked 
| 381|0x0000000097d00000, 0x0000000097d00000, 0x0000000097e00000|  0%| F|  |TAMS 0x0000000097d00000, 0x0000000097d00000| Untracked 
| 382|0x0000000097e00000, 0x0000000097e00000, 0x0000000097f00000|  0%| F|  |TAMS 0x0000000097e00000, 0x0000000097e00000| Untracked 
| 383|0x0000000097f00000, 0x0000000097f00000, 0x0000000098000000|  0%| F|  |TAMS 0x0000000097f00000, 0x0000000097f00000| Untracked 
| 384|0x0000000098000000, 0x0000000098000000, 0x0000000098100000|  0%| F|  |TAMS 0x0000000098000000, 0x0000000098000000| Untracked 
| 385|0x0000000098100000, 0x0000000098100000, 0x0000000098200000|  0%| F|  |TAMS 0x0000000098100000, 0x0000000098100000| Untracked 
| 386|0x0000000098200000, 0x0000000098200000, 0x0000000098300000|  0%| F|  |TAMS 0x0000000098200000, 0x0000000098200000| Untracked 
| 387|0x0000000098300000, 0x0000000098300000, 0x0000000098400000|  0%| F|  |TAMS 0x0000000098300000, 0x0000000098300000| Untracked 
| 388|0x0000000098400000, 0x0000000098400000, 0x0000000098500000|  0%| F|  |TAMS 0x0000000098400000, 0x0000000098400000| Untracked 
| 389|0x0000000098500000, 0x0000000098500000, 0x0000000098600000|  0%| F|  |TAMS 0x0000000098500000, 0x0000000098500000| Untracked 
| 390|0x0000000098600000, 0x0000000098600000, 0x0000000098700000|  0%| F|  |TAMS 0x0000000098600000, 0x0000000098600000| Untracked 
| 391|0x0000000098700000, 0x0000000098700000, 0x0000000098800000|  0%| F|  |TAMS 0x0000000098700000, 0x0000000098700000| Untracked 
| 392|0x0000000098800000, 0x0000000098800000, 0x0000000098900000|  0%| F|  |TAMS 0x0000000098800000, 0x0000000098800000| Untracked 
| 393|0x0000000098900000, 0x0000000098900000, 0x0000000098a00000|  0%| F|  |TAMS 0x0000000098900000, 0x0000000098900000| Untracked 
| 394|0x0000000098a00000, 0x0000000098a00000, 0x0000000098b00000|  0%| F|  |TAMS 0x0000000098a00000, 0x0000000098a00000| Untracked 
| 395|0x0000000098b00000, 0x0000000098b00000, 0x0000000098c00000|  0%| F|  |TAMS 0x0000000098b00000, 0x0000000098b00000| Untracked 
| 396|0x0000000098c00000, 0x0000000098c00000, 0x0000000098d00000|  0%| F|  |TAMS 0x0000000098c00000, 0x0000000098c00000| Untracked 
| 397|0x0000000098d00000, 0x0000000098d00000, 0x0000000098e00000|  0%| F|  |TAMS 0x0000000098d00000, 0x0000000098d00000| Untracked 
| 398|0x0000000098e00000, 0x0000000098e00000, 0x0000000098f00000|  0%| F|  |TAMS 0x0000000098e00000, 0x0000000098e00000| Untracked 
| 399|0x0000000098f00000, 0x0000000098f00000, 0x0000000099000000|  0%| F|  |TAMS 0x0000000098f00000, 0x0000000098f00000| Untracked 
| 400|0x0000000099000000, 0x0000000099000000, 0x0000000099100000|  0%| F|  |TAMS 0x0000000099000000, 0x0000000099000000| Untracked 
| 401|0x0000000099100000, 0x0000000099100000, 0x0000000099200000|  0%| F|  |TAMS 0x0000000099100000, 0x0000000099100000| Untracked 
| 402|0x0000000099200000, 0x0000000099200000, 0x0000000099300000|  0%| F|  |TAMS 0x0000000099200000, 0x0000000099200000| Untracked 
| 403|0x0000000099300000, 0x0000000099300000, 0x0000000099400000|  0%| F|  |TAMS 0x0000000099300000, 0x0000000099300000| Untracked 
| 404|0x0000000099400000, 0x0000000099400000, 0x0000000099500000|  0%| F|  |TAMS 0x0000000099400000, 0x0000000099400000| Untracked 
| 405|0x0000000099500000, 0x0000000099500000, 0x0000000099600000|  0%| F|  |TAMS 0x0000000099500000, 0x0000000099500000| Untracked 
| 406|0x0000000099600000, 0x0000000099600000, 0x0000000099700000|  0%| F|  |TAMS 0x0000000099600000, 0x0000000099600000| Untracked 
| 407|0x0000000099700000, 0x0000000099700000, 0x0000000099800000|  0%| F|  |TAMS 0x0000000099700000, 0x0000000099700000| Untracked 
| 408|0x0000000099800000, 0x0000000099800000, 0x0000000099900000|  0%| F|  |TAMS 0x0000000099800000, 0x0000000099800000| Untracked 
| 409|0x0000000099900000, 0x0000000099900000, 0x0000000099a00000|  0%| F|  |TAMS 0x0000000099900000, 0x0000000099900000| Untracked 
| 410|0x0000000099a00000, 0x0000000099a00000, 0x0000000099b00000|  0%| F|  |TAMS 0x0000000099a00000, 0x0000000099a00000| Untracked 
| 411|0x0000000099b00000, 0x0000000099b00000, 0x0000000099c00000|  0%| F|  |TAMS 0x0000000099b00000, 0x0000000099b00000| Untracked 
| 412|0x0000000099c00000, 0x0000000099c00000, 0x0000000099d00000|  0%| F|  |TAMS 0x0000000099c00000, 0x0000000099c00000| Untracked 
| 413|0x0000000099d00000, 0x0000000099d00000, 0x0000000099e00000|  0%| F|  |TAMS 0x0000000099d00000, 0x0000000099d00000| Untracked 
| 414|0x0000000099e00000, 0x0000000099e00000, 0x0000000099f00000|  0%| F|  |TAMS 0x0000000099e00000, 0x0000000099e00000| Untracked 
| 415|0x0000000099f00000, 0x0000000099f00000, 0x000000009a000000|  0%| F|  |TAMS 0x0000000099f00000, 0x0000000099f00000| Untracked 
| 416|0x000000009a000000, 0x000000009a000000, 0x000000009a100000|  0%| F|  |TAMS 0x000000009a000000, 0x000000009a000000| Untracked 
| 417|0x000000009a100000, 0x000000009a100000, 0x000000009a200000|  0%| F|  |TAMS 0x000000009a100000, 0x000000009a100000| Untracked 
| 418|0x000000009a200000, 0x000000009a200000, 0x000000009a300000|  0%| F|  |TAMS 0x000000009a200000, 0x000000009a200000| Untracked 
| 419|0x000000009a300000, 0x000000009a300000, 0x000000009a400000|  0%| F|  |TAMS 0x000000009a300000, 0x000000009a300000| Untracked 
| 420|0x000000009a400000, 0x000000009a400000, 0x000000009a500000|  0%| F|  |TAMS 0x000000009a400000, 0x000000009a400000| Untracked 
| 421|0x000000009a500000, 0x000000009a500000, 0x000000009a600000|  0%| F|  |TAMS 0x000000009a500000, 0x000000009a500000| Untracked 
| 422|0x000000009a600000, 0x000000009a600000, 0x000000009a700000|  0%| F|  |TAMS 0x000000009a600000, 0x000000009a600000| Untracked 
| 423|0x000000009a700000, 0x000000009a700000, 0x000000009a800000|  0%| F|  |TAMS 0x000000009a700000, 0x000000009a700000| Untracked 
| 424|0x000000009a800000, 0x000000009a800000, 0x000000009a900000|  0%| F|  |TAMS 0x000000009a800000, 0x000000009a800000| Untracked 
| 425|0x000000009a900000, 0x000000009a900000, 0x000000009aa00000|  0%| F|  |TAMS 0x000000009a900000, 0x000000009a900000| Untracked 
| 426|0x000000009aa00000, 0x000000009aa00000, 0x000000009ab00000|  0%| F|  |TAMS 0x000000009aa00000, 0x000000009aa00000| Untracked 
| 427|0x000000009ab00000, 0x000000009ab00000, 0x000000009ac00000|  0%| F|  |TAMS 0x000000009ab00000, 0x000000009ab00000| Untracked 
| 428|0x000000009ac00000, 0x000000009ac00000, 0x000000009ad00000|  0%| F|  |TAMS 0x000000009ac00000, 0x000000009ac00000| Untracked 
| 429|0x000000009ad00000, 0x000000009ad00000, 0x000000009ae00000|  0%| F|  |TAMS 0x000000009ad00000, 0x000000009ad00000| Untracked 
| 430|0x000000009ae00000, 0x000000009ae00000, 0x000000009af00000|  0%| F|  |TAMS 0x000000009ae00000, 0x000000009ae00000| Untracked 
| 431|0x000000009af00000, 0x000000009af00000, 0x000000009b000000|  0%| F|  |TAMS 0x000000009af00000, 0x000000009af00000| Untracked 
| 432|0x000000009b000000, 0x000000009b000000, 0x000000009b100000|  0%| F|  |TAMS 0x000000009b000000, 0x000000009b000000| Untracked 
| 433|0x000000009b100000, 0x000000009b100000, 0x000000009b200000|  0%| F|  |TAMS 0x000000009b100000, 0x000000009b100000| Untracked 
| 434|0x000000009b200000, 0x000000009b200000, 0x000000009b300000|  0%| F|  |TAMS 0x000000009b200000, 0x000000009b200000| Untracked 
| 435|0x000000009b300000, 0x000000009b300000, 0x000000009b400000|  0%| F|  |TAMS 0x000000009b300000, 0x000000009b300000| Untracked 
| 436|0x000000009b400000, 0x000000009b400000, 0x000000009b500000|  0%| F|  |TAMS 0x000000009b400000, 0x000000009b400000| Untracked 
| 437|0x000000009b500000, 0x000000009b500000, 0x000000009b600000|  0%| F|  |TAMS 0x000000009b500000, 0x000000009b500000| Untracked 
| 438|0x000000009b600000, 0x000000009b600000, 0x000000009b700000|  0%| F|  |TAMS 0x000000009b600000, 0x000000009b600000| Untracked 
| 439|0x000000009b700000, 0x000000009b700000, 0x000000009b800000|  0%| F|  |TAMS 0x000000009b700000, 0x000000009b700000| Untracked 
| 440|0x000000009b800000, 0x000000009b800000, 0x000000009b900000|  0%| F|  |TAMS 0x000000009b800000, 0x000000009b800000| Untracked 
| 441|0x000000009b900000, 0x000000009b900000, 0x000000009ba00000|  0%| F|  |TAMS 0x000000009b900000, 0x000000009b900000| Untracked 
| 442|0x000000009ba00000, 0x000000009ba00000, 0x000000009bb00000|  0%| F|  |TAMS 0x000000009ba00000, 0x000000009ba00000| Untracked 
| 443|0x000000009bb00000, 0x000000009bb00000, 0x000000009bc00000|  0%| F|  |TAMS 0x000000009bb00000, 0x000000009bb00000| Untracked 
| 444|0x000000009bc00000, 0x000000009bc00000, 0x000000009bd00000|  0%| F|  |TAMS 0x000000009bc00000, 0x000000009bc00000| Untracked 
| 445|0x000000009bd00000, 0x000000009bd00000, 0x000000009be00000|  0%| F|  |TAMS 0x000000009bd00000, 0x000000009bd00000| Untracked 
| 446|0x000000009be00000, 0x000000009be00000, 0x000000009bf00000|  0%| F|  |TAMS 0x000000009be00000, 0x000000009be00000| Untracked 
| 447|0x000000009bf00000, 0x000000009bf00000, 0x000000009c000000|  0%| F|  |TAMS 0x000000009bf00000, 0x000000009bf00000| Untracked 
| 448|0x000000009c000000, 0x000000009c000000, 0x000000009c100000|  0%| F|  |TAMS 0x000000009c000000, 0x000000009c000000| Untracked 
| 449|0x000000009c100000, 0x000000009c100000, 0x000000009c200000|  0%| F|  |TAMS 0x000000009c100000, 0x000000009c100000| Untracked 
| 450|0x000000009c200000, 0x000000009c200000, 0x000000009c300000|  0%| F|  |TAMS 0x000000009c200000, 0x000000009c200000| Untracked 
| 451|0x000000009c300000, 0x000000009c300000, 0x000000009c400000|  0%| F|  |TAMS 0x000000009c300000, 0x000000009c300000| Untracked 
| 452|0x000000009c400000, 0x000000009c400000, 0x000000009c500000|  0%| F|  |TAMS 0x000000009c400000, 0x000000009c400000| Untracked 
| 453|0x000000009c500000, 0x000000009c500000, 0x000000009c600000|  0%| F|  |TAMS 0x000000009c500000, 0x000000009c500000| Untracked 
| 454|0x000000009c600000, 0x000000009c600000, 0x000000009c700000|  0%| F|  |TAMS 0x000000009c600000, 0x000000009c600000| Untracked 
| 455|0x000000009c700000, 0x000000009c700000, 0x000000009c800000|  0%| F|  |TAMS 0x000000009c700000, 0x000000009c700000| Untracked 
| 456|0x000000009c800000, 0x000000009c800000, 0x000000009c900000|  0%| F|  |TAMS 0x000000009c800000, 0x000000009c800000| Untracked 
| 457|0x000000009c900000, 0x000000009c900000, 0x000000009ca00000|  0%| F|  |TAMS 0x000000009c900000, 0x000000009c900000| Untracked 
| 458|0x000000009ca00000, 0x000000009ca00000, 0x000000009cb00000|  0%| F|  |TAMS 0x000000009ca00000, 0x000000009ca00000| Untracked 
| 459|0x000000009cb00000, 0x000000009cb00000, 0x000000009cc00000|  0%| F|  |TAMS 0x000000009cb00000, 0x000000009cb00000| Untracked 
| 460|0x000000009cc00000, 0x000000009cc00000, 0x000000009cd00000|  0%| F|  |TAMS 0x000000009cc00000, 0x000000009cc00000| Untracked 
| 461|0x000000009cd00000, 0x000000009cd00000, 0x000000009ce00000|  0%| F|  |TAMS 0x000000009cd00000, 0x000000009cd00000| Untracked 
| 462|0x000000009ce00000, 0x000000009ce00000, 0x000000009cf00000|  0%| F|  |TAMS 0x000000009ce00000, 0x000000009ce00000| Untracked 
| 463|0x000000009cf00000, 0x000000009cf00000, 0x000000009d000000|  0%| F|  |TAMS 0x000000009cf00000, 0x000000009cf00000| Untracked 
| 464|0x000000009d000000, 0x000000009d000000, 0x000000009d100000|  0%| F|  |TAMS 0x000000009d000000, 0x000000009d000000| Untracked 
| 465|0x000000009d100000, 0x000000009d100000, 0x000000009d200000|  0%| F|  |TAMS 0x000000009d100000, 0x000000009d100000| Untracked 
| 466|0x000000009d200000, 0x000000009d200000, 0x000000009d300000|  0%| F|  |TAMS 0x000000009d200000, 0x000000009d200000| Untracked 
| 467|0x000000009d300000, 0x000000009d300000, 0x000000009d400000|  0%| F|  |TAMS 0x000000009d300000, 0x000000009d300000| Untracked 
| 468|0x000000009d400000, 0x000000009d400000, 0x000000009d500000|  0%| F|  |TAMS 0x000000009d400000, 0x000000009d400000| Untracked 
| 469|0x000000009d500000, 0x000000009d500000, 0x000000009d600000|  0%| F|  |TAMS 0x000000009d500000, 0x000000009d500000| Untracked 
| 470|0x000000009d600000, 0x000000009d600000, 0x000000009d700000|  0%| F|  |TAMS 0x000000009d600000, 0x000000009d600000| Untracked 
| 471|0x000000009d700000, 0x000000009d700000, 0x000000009d800000|  0%| F|  |TAMS 0x000000009d700000, 0x000000009d700000| Untracked 
| 472|0x000000009d800000, 0x000000009d800000, 0x000000009d900000|  0%| F|  |TAMS 0x000000009d800000, 0x000000009d800000| Untracked 
| 473|0x000000009d900000, 0x000000009d900000, 0x000000009da00000|  0%| F|  |TAMS 0x000000009d900000, 0x000000009d900000| Untracked 
| 474|0x000000009da00000, 0x000000009da00000, 0x000000009db00000|  0%| F|  |TAMS 0x000000009da00000, 0x000000009da00000| Untracked 
| 475|0x000000009db00000, 0x000000009db00000, 0x000000009dc00000|  0%| F|  |TAMS 0x000000009db00000, 0x000000009db00000| Untracked 
| 476|0x000000009dc00000, 0x000000009dc00000, 0x000000009dd00000|  0%| F|  |TAMS 0x000000009dc00000, 0x000000009dc00000| Untracked 
| 477|0x000000009dd00000, 0x000000009dd00000, 0x000000009de00000|  0%| F|  |TAMS 0x000000009dd00000, 0x000000009dd00000| Untracked 
| 478|0x000000009de00000, 0x000000009de00000, 0x000000009df00000|  0%| F|  |TAMS 0x000000009de00000, 0x000000009de00000| Untracked 
| 479|0x000000009df00000, 0x000000009df00000, 0x000000009e000000|  0%| F|  |TAMS 0x000000009df00000, 0x000000009df00000| Untracked 
| 480|0x000000009e000000, 0x000000009e000000, 0x000000009e100000|  0%| F|  |TAMS 0x000000009e000000, 0x000000009e000000| Untracked 
| 481|0x000000009e100000, 0x000000009e100000, 0x000000009e200000|  0%| F|  |TAMS 0x000000009e100000, 0x000000009e100000| Untracked 
| 482|0x000000009e200000, 0x000000009e200000, 0x000000009e300000|  0%| F|  |TAMS 0x000000009e200000, 0x000000009e200000| Untracked 
| 483|0x000000009e300000, 0x000000009e300000, 0x000000009e400000|  0%| F|  |TAMS 0x000000009e300000, 0x000000009e300000| Untracked 
| 484|0x000000009e400000, 0x000000009e400000, 0x000000009e500000|  0%| F|  |TAMS 0x000000009e400000, 0x000000009e400000| Untracked 
| 485|0x000000009e500000, 0x000000009e500000, 0x000000009e600000|  0%| F|  |TAMS 0x000000009e500000, 0x000000009e500000| Untracked 
| 486|0x000000009e600000, 0x000000009e600000, 0x000000009e700000|  0%| F|  |TAMS 0x000000009e600000, 0x000000009e600000| Untracked 
| 487|0x000000009e700000, 0x000000009e700000, 0x000000009e800000|  0%| F|  |TAMS 0x000000009e700000, 0x000000009e700000| Untracked 
| 488|0x000000009e800000, 0x000000009e800000, 0x000000009e900000|  0%| F|  |TAMS 0x000000009e800000, 0x000000009e800000| Untracked 
| 489|0x000000009e900000, 0x000000009e900000, 0x000000009ea00000|  0%| F|  |TAMS 0x000000009e900000, 0x000000009e900000| Untracked 
| 490|0x000000009ea00000, 0x000000009ea00000, 0x000000009eb00000|  0%| F|  |TAMS 0x000000009ea00000, 0x000000009ea00000| Untracked 
| 491|0x000000009eb00000, 0x000000009eb00000, 0x000000009ec00000|  0%| F|  |TAMS 0x000000009eb00000, 0x000000009eb00000| Untracked 
| 492|0x000000009ec00000, 0x000000009ec00000, 0x000000009ed00000|  0%| F|  |TAMS 0x000000009ec00000, 0x000000009ec00000| Untracked 
| 493|0x000000009ed00000, 0x000000009ed00000, 0x000000009ee00000|  0%| F|  |TAMS 0x000000009ed00000, 0x000000009ed00000| Untracked 
| 494|0x000000009ee00000, 0x000000009ee00000, 0x000000009ef00000|  0%| F|  |TAMS 0x000000009ee00000, 0x000000009ee00000| Untracked 
| 495|0x000000009ef00000, 0x000000009ef00000, 0x000000009f000000|  0%| F|  |TAMS 0x000000009ef00000, 0x000000009ef00000| Untracked 
| 496|0x000000009f000000, 0x000000009f000000, 0x000000009f100000|  0%| F|  |TAMS 0x000000009f000000, 0x000000009f000000| Untracked 
| 497|0x000000009f100000, 0x000000009f100000, 0x000000009f200000|  0%| F|  |TAMS 0x000000009f100000, 0x000000009f100000| Untracked 
| 498|0x000000009f200000, 0x000000009f200000, 0x000000009f300000|  0%| F|  |TAMS 0x000000009f200000, 0x000000009f200000| Untracked 
| 499|0x000000009f300000, 0x000000009f300000, 0x000000009f400000|  0%| F|  |TAMS 0x000000009f300000, 0x000000009f300000| Untracked 
| 500|0x000000009f400000, 0x000000009f400000, 0x000000009f500000|  0%| F|  |TAMS 0x000000009f400000, 0x000000009f400000| Untracked 
| 501|0x000000009f500000, 0x000000009f500000, 0x000000009f600000|  0%| F|  |TAMS 0x000000009f500000, 0x000000009f500000| Untracked 
| 502|0x000000009f600000, 0x000000009f600000, 0x000000009f700000|  0%| F|  |TAMS 0x000000009f600000, 0x000000009f600000| Untracked 
| 503|0x000000009f700000, 0x000000009f700000, 0x000000009f800000|  0%| F|  |TAMS 0x000000009f700000, 0x000000009f700000| Untracked 
| 504|0x000000009f800000, 0x000000009f800000, 0x000000009f900000|  0%| F|  |TAMS 0x000000009f800000, 0x000000009f800000| Untracked 
| 505|0x000000009f900000, 0x000000009f900000, 0x000000009fa00000|  0%| F|  |TAMS 0x000000009f900000, 0x000000009f900000| Untracked 
| 506|0x000000009fa00000, 0x000000009fa00000, 0x000000009fb00000|  0%| F|  |TAMS 0x000000009fa00000, 0x000000009fa00000| Untracked 
| 507|0x000000009fb00000, 0x000000009fb00000, 0x000000009fc00000|  0%| F|  |TAMS 0x000000009fb00000, 0x000000009fb00000| Untracked 
| 508|0x000000009fc00000, 0x000000009fc00000, 0x000000009fd00000|  0%| F|  |TAMS 0x000000009fc00000, 0x000000009fc00000| Untracked 
| 509|0x000000009fd00000, 0x000000009fd00000, 0x000000009fe00000|  0%| F|  |TAMS 0x000000009fd00000, 0x000000009fd00000| Untracked 
| 510|0x000000009fe00000, 0x000000009fe00000, 0x000000009ff00000|  0%| F|  |TAMS 0x000000009fe00000, 0x000000009fe00000| Untracked 
| 511|0x000000009ff00000, 0x000000009ff00000, 0x00000000a0000000|  0%| F|  |TAMS 0x000000009ff00000, 0x000000009ff00000| Untracked 
| 512|0x00000000a0000000, 0x00000000a0000000, 0x00000000a0100000|  0%| F|  |TAMS 0x00000000a0000000, 0x00000000a0000000| Untracked 
| 513|0x00000000a0100000, 0x00000000a0100000, 0x00000000a0200000|  0%| F|  |TAMS 0x00000000a0100000, 0x00000000a0100000| Untracked 
| 514|0x00000000a0200000, 0x00000000a0200000, 0x00000000a0300000|  0%| F|  |TAMS 0x00000000a0200000, 0x00000000a0200000| Untracked 
| 515|0x00000000a0300000, 0x00000000a0300000, 0x00000000a0400000|  0%| F|  |TAMS 0x00000000a0300000, 0x00000000a0300000| Untracked 
| 516|0x00000000a0400000, 0x00000000a0400000, 0x00000000a0500000|  0%| F|  |TAMS 0x00000000a0400000, 0x00000000a0400000| Untracked 
| 517|0x00000000a0500000, 0x00000000a0500000, 0x00000000a0600000|  0%| F|  |TAMS 0x00000000a0500000, 0x00000000a0500000| Untracked 
| 518|0x00000000a0600000, 0x00000000a0600000, 0x00000000a0700000|  0%| F|  |TAMS 0x00000000a0600000, 0x00000000a0600000| Untracked 
| 519|0x00000000a0700000, 0x00000000a0700000, 0x00000000a0800000|  0%| F|  |TAMS 0x00000000a0700000, 0x00000000a0700000| Untracked 
| 520|0x00000000a0800000, 0x00000000a0800000, 0x00000000a0900000|  0%| F|  |TAMS 0x00000000a0800000, 0x00000000a0800000| Untracked 
| 521|0x00000000a0900000, 0x00000000a0900000, 0x00000000a0a00000|  0%| F|  |TAMS 0x00000000a0900000, 0x00000000a0900000| Untracked 
| 522|0x00000000a0a00000, 0x00000000a0a00000, 0x00000000a0b00000|  0%| F|  |TAMS 0x00000000a0a00000, 0x00000000a0a00000| Untracked 
| 523|0x00000000a0b00000, 0x00000000a0b00000, 0x00000000a0c00000|  0%| F|  |TAMS 0x00000000a0b00000, 0x00000000a0b00000| Untracked 
| 524|0x00000000a0c00000, 0x00000000a0c00000, 0x00000000a0d00000|  0%| F|  |TAMS 0x00000000a0c00000, 0x00000000a0c00000| Untracked 
| 525|0x00000000a0d00000, 0x00000000a0d00000, 0x00000000a0e00000|  0%| F|  |TAMS 0x00000000a0d00000, 0x00000000a0d00000| Untracked 
| 526|0x00000000a0e00000, 0x00000000a0e00000, 0x00000000a0f00000|  0%| F|  |TAMS 0x00000000a0e00000, 0x00000000a0e00000| Untracked 
| 527|0x00000000a0f00000, 0x00000000a0f00000, 0x00000000a1000000|  0%| F|  |TAMS 0x00000000a0f00000, 0x00000000a0f00000| Untracked 
| 528|0x00000000a1000000, 0x00000000a1000000, 0x00000000a1100000|  0%| F|  |TAMS 0x00000000a1000000, 0x00000000a1000000| Untracked 
| 529|0x00000000a1100000, 0x00000000a1100000, 0x00000000a1200000|  0%| F|  |TAMS 0x00000000a1100000, 0x00000000a1100000| Untracked 
| 530|0x00000000a1200000, 0x00000000a1200000, 0x00000000a1300000|  0%| F|  |TAMS 0x00000000a1200000, 0x00000000a1200000| Untracked 
| 531|0x00000000a1300000, 0x00000000a1300000, 0x00000000a1400000|  0%| F|  |TAMS 0x00000000a1300000, 0x00000000a1300000| Untracked 
| 532|0x00000000a1400000, 0x00000000a1400000, 0x00000000a1500000|  0%| F|  |TAMS 0x00000000a1400000, 0x00000000a1400000| Untracked 
| 533|0x00000000a1500000, 0x00000000a1500000, 0x00000000a1600000|  0%| F|  |TAMS 0x00000000a1500000, 0x00000000a1500000| Untracked 
| 534|0x00000000a1600000, 0x00000000a1600000, 0x00000000a1700000|  0%| F|  |TAMS 0x00000000a1600000, 0x00000000a1600000| Untracked 
| 535|0x00000000a1700000, 0x00000000a1700000, 0x00000000a1800000|  0%| F|  |TAMS 0x00000000a1700000, 0x00000000a1700000| Untracked 
| 536|0x00000000a1800000, 0x00000000a1800000, 0x00000000a1900000|  0%| F|  |TAMS 0x00000000a1800000, 0x00000000a1800000| Untracked 
| 537|0x00000000a1900000, 0x00000000a1900000, 0x00000000a1a00000|  0%| F|  |TAMS 0x00000000a1900000, 0x00000000a1900000| Untracked 
| 538|0x00000000a1a00000, 0x00000000a1a00000, 0x00000000a1b00000|  0%| F|  |TAMS 0x00000000a1a00000, 0x00000000a1a00000| Untracked 
| 539|0x00000000a1b00000, 0x00000000a1b00000, 0x00000000a1c00000|  0%| F|  |TAMS 0x00000000a1b00000, 0x00000000a1b00000| Untracked 
| 540|0x00000000a1c00000, 0x00000000a1c00000, 0x00000000a1d00000|  0%| F|  |TAMS 0x00000000a1c00000, 0x00000000a1c00000| Untracked 
| 541|0x00000000a1d00000, 0x00000000a1d00000, 0x00000000a1e00000|  0%| F|  |TAMS 0x00000000a1d00000, 0x00000000a1d00000| Untracked 
| 542|0x00000000a1e00000, 0x00000000a1e00000, 0x00000000a1f00000|  0%| F|  |TAMS 0x00000000a1e00000, 0x00000000a1e00000| Untracked 
| 543|0x00000000a1f00000, 0x00000000a1f00000, 0x00000000a2000000|  0%| F|  |TAMS 0x00000000a1f00000, 0x00000000a1f00000| Untracked 
| 544|0x00000000a2000000, 0x00000000a2000000, 0x00000000a2100000|  0%| F|  |TAMS 0x00000000a2000000, 0x00000000a2000000| Untracked 
| 545|0x00000000a2100000, 0x00000000a2100000, 0x00000000a2200000|  0%| F|  |TAMS 0x00000000a2100000, 0x00000000a2100000| Untracked 
| 546|0x00000000a2200000, 0x00000000a2200000, 0x00000000a2300000|  0%| F|  |TAMS 0x00000000a2200000, 0x00000000a2200000| Untracked 
| 547|0x00000000a2300000, 0x00000000a2300000, 0x00000000a2400000|  0%| F|  |TAMS 0x00000000a2300000, 0x00000000a2300000| Untracked 
| 548|0x00000000a2400000, 0x00000000a2400000, 0x00000000a2500000|  0%| F|  |TAMS 0x00000000a2400000, 0x00000000a2400000| Untracked 
| 549|0x00000000a2500000, 0x00000000a2500000, 0x00000000a2600000|  0%| F|  |TAMS 0x00000000a2500000, 0x00000000a2500000| Untracked 
| 550|0x00000000a2600000, 0x00000000a2600000, 0x00000000a2700000|  0%| F|  |TAMS 0x00000000a2600000, 0x00000000a2600000| Untracked 
| 551|0x00000000a2700000, 0x00000000a2700000, 0x00000000a2800000|  0%| F|  |TAMS 0x00000000a2700000, 0x00000000a2700000| Untracked 
| 552|0x00000000a2800000, 0x00000000a2800000, 0x00000000a2900000|  0%| F|  |TAMS 0x00000000a2800000, 0x00000000a2800000| Untracked 
| 553|0x00000000a2900000, 0x00000000a2900000, 0x00000000a2a00000|  0%| F|  |TAMS 0x00000000a2900000, 0x00000000a2900000| Untracked 
| 554|0x00000000a2a00000, 0x00000000a2a00000, 0x00000000a2b00000|  0%| F|  |TAMS 0x00000000a2a00000, 0x00000000a2a00000| Untracked 
| 555|0x00000000a2b00000, 0x00000000a2b00000, 0x00000000a2c00000|  0%| F|  |TAMS 0x00000000a2b00000, 0x00000000a2b00000| Untracked 
| 556|0x00000000a2c00000, 0x00000000a2c00000, 0x00000000a2d00000|  0%| F|  |TAMS 0x00000000a2c00000, 0x00000000a2c00000| Untracked 
| 557|0x00000000a2d00000, 0x00000000a2d00000, 0x00000000a2e00000|  0%| F|  |TAMS 0x00000000a2d00000, 0x00000000a2d00000| Untracked 
| 558|0x00000000a2e00000, 0x00000000a2e00000, 0x00000000a2f00000|  0%| F|  |TAMS 0x00000000a2e00000, 0x00000000a2e00000| Untracked 
| 559|0x00000000a2f00000, 0x00000000a2f00000, 0x00000000a3000000|  0%| F|  |TAMS 0x00000000a2f00000, 0x00000000a2f00000| Untracked 
| 560|0x00000000a3000000, 0x00000000a3000000, 0x00000000a3100000|  0%| F|  |TAMS 0x00000000a3000000, 0x00000000a3000000| Untracked 
| 561|0x00000000a3100000, 0x00000000a3100000, 0x00000000a3200000|  0%| F|  |TAMS 0x00000000a3100000, 0x00000000a3100000| Untracked 
| 562|0x00000000a3200000, 0x00000000a3200000, 0x00000000a3300000|  0%| F|  |TAMS 0x00000000a3200000, 0x00000000a3200000| Untracked 
| 563|0x00000000a3300000, 0x00000000a3300000, 0x00000000a3400000|  0%| F|  |TAMS 0x00000000a3300000, 0x00000000a3300000| Untracked 
| 564|0x00000000a3400000, 0x00000000a3400000, 0x00000000a3500000|  0%| F|  |TAMS 0x00000000a3400000, 0x00000000a3400000| Untracked 
| 565|0x00000000a3500000, 0x00000000a3500000, 0x00000000a3600000|  0%| F|  |TAMS 0x00000000a3500000, 0x00000000a3500000| Untracked 
| 566|0x00000000a3600000, 0x00000000a3600000, 0x00000000a3700000|  0%| F|  |TAMS 0x00000000a3600000, 0x00000000a3600000| Untracked 
| 567|0x00000000a3700000, 0x00000000a3700000, 0x00000000a3800000|  0%| F|  |TAMS 0x00000000a3700000, 0x00000000a3700000| Untracked 
| 568|0x00000000a3800000, 0x00000000a3800000, 0x00000000a3900000|  0%| F|  |TAMS 0x00000000a3800000, 0x00000000a3800000| Untracked 
| 569|0x00000000a3900000, 0x00000000a3900000, 0x00000000a3a00000|  0%| F|  |TAMS 0x00000000a3900000, 0x00000000a3900000| Untracked 
| 570|0x00000000a3a00000, 0x00000000a3a00000, 0x00000000a3b00000|  0%| F|  |TAMS 0x00000000a3a00000, 0x00000000a3a00000| Untracked 
| 571|0x00000000a3b00000, 0x00000000a3b00000, 0x00000000a3c00000|  0%| F|  |TAMS 0x00000000a3b00000, 0x00000000a3b00000| Untracked 
| 572|0x00000000a3c00000, 0x00000000a3c00000, 0x00000000a3d00000|  0%| F|  |TAMS 0x00000000a3c00000, 0x00000000a3c00000| Untracked 
| 573|0x00000000a3d00000, 0x00000000a3d00000, 0x00000000a3e00000|  0%| F|  |TAMS 0x00000000a3d00000, 0x00000000a3d00000| Untracked 
| 574|0x00000000a3e00000, 0x00000000a3e00000, 0x00000000a3f00000|  0%| F|  |TAMS 0x00000000a3e00000, 0x00000000a3e00000| Untracked 
| 575|0x00000000a3f00000, 0x00000000a3f00000, 0x00000000a4000000|  0%| F|  |TAMS 0x00000000a3f00000, 0x00000000a3f00000| Untracked 
| 576|0x00000000a4000000, 0x00000000a4000000, 0x00000000a4100000|  0%| F|  |TAMS 0x00000000a4000000, 0x00000000a4000000| Untracked 
| 577|0x00000000a4100000, 0x00000000a4100000, 0x00000000a4200000|  0%| F|  |TAMS 0x00000000a4100000, 0x00000000a4100000| Untracked 
| 578|0x00000000a4200000, 0x00000000a4200000, 0x00000000a4300000|  0%| F|  |TAMS 0x00000000a4200000, 0x00000000a4200000| Untracked 
| 579|0x00000000a4300000, 0x00000000a4300000, 0x00000000a4400000|  0%| F|  |TAMS 0x00000000a4300000, 0x00000000a4300000| Untracked 
| 580|0x00000000a4400000, 0x00000000a4400000, 0x00000000a4500000|  0%| F|  |TAMS 0x00000000a4400000, 0x00000000a4400000| Untracked 
| 581|0x00000000a4500000, 0x00000000a4500000, 0x00000000a4600000|  0%| F|  |TAMS 0x00000000a4500000, 0x00000000a4500000| Untracked 
| 582|0x00000000a4600000, 0x00000000a4600000, 0x00000000a4700000|  0%| F|  |TAMS 0x00000000a4600000, 0x00000000a4600000| Untracked 
| 583|0x00000000a4700000, 0x00000000a4700000, 0x00000000a4800000|  0%| F|  |TAMS 0x00000000a4700000, 0x00000000a4700000| Untracked 
| 584|0x00000000a4800000, 0x00000000a4800000, 0x00000000a4900000|  0%| F|  |TAMS 0x00000000a4800000, 0x00000000a4800000| Untracked 
| 585|0x00000000a4900000, 0x00000000a4900000, 0x00000000a4a00000|  0%| F|  |TAMS 0x00000000a4900000, 0x00000000a4900000| Untracked 
| 586|0x00000000a4a00000, 0x00000000a4a00000, 0x00000000a4b00000|  0%| F|  |TAMS 0x00000000a4a00000, 0x00000000a4a00000| Untracked 
| 587|0x00000000a4b00000, 0x00000000a4b00000, 0x00000000a4c00000|  0%| F|  |TAMS 0x00000000a4b00000, 0x00000000a4b00000| Untracked 
| 588|0x00000000a4c00000, 0x00000000a4c00000, 0x00000000a4d00000|  0%| F|  |TAMS 0x00000000a4c00000, 0x00000000a4c00000| Untracked 
| 589|0x00000000a4d00000, 0x00000000a4d00000, 0x00000000a4e00000|  0%| F|  |TAMS 0x00000000a4d00000, 0x00000000a4d00000| Untracked 
| 590|0x00000000a4e00000, 0x00000000a4e00000, 0x00000000a4f00000|  0%| F|  |TAMS 0x00000000a4e00000, 0x00000000a4e00000| Untracked 
| 591|0x00000000a4f00000, 0x00000000a4f00000, 0x00000000a5000000|  0%| F|  |TAMS 0x00000000a4f00000, 0x00000000a4f00000| Untracked 
| 592|0x00000000a5000000, 0x00000000a5000000, 0x00000000a5100000|  0%| F|  |TAMS 0x00000000a5000000, 0x00000000a5000000| Untracked 
| 593|0x00000000a5100000, 0x00000000a5100000, 0x00000000a5200000|  0%| F|  |TAMS 0x00000000a5100000, 0x00000000a5100000| Untracked 
| 594|0x00000000a5200000, 0x00000000a5200000, 0x00000000a5300000|  0%| F|  |TAMS 0x00000000a5200000, 0x00000000a5200000| Untracked 
| 595|0x00000000a5300000, 0x00000000a5300000, 0x00000000a5400000|  0%| F|  |TAMS 0x00000000a5300000, 0x00000000a5300000| Untracked 
| 596|0x00000000a5400000, 0x00000000a5400000, 0x00000000a5500000|  0%| F|  |TAMS 0x00000000a5400000, 0x00000000a5400000| Untracked 
| 597|0x00000000a5500000, 0x00000000a5500000, 0x00000000a5600000|  0%| F|  |TAMS 0x00000000a5500000, 0x00000000a5500000| Untracked 
| 598|0x00000000a5600000, 0x00000000a5600000, 0x00000000a5700000|  0%| F|  |TAMS 0x00000000a5600000, 0x00000000a5600000| Untracked 
| 599|0x00000000a5700000, 0x00000000a5700000, 0x00000000a5800000|  0%| F|  |TAMS 0x00000000a5700000, 0x00000000a5700000| Untracked 
| 600|0x00000000a5800000, 0x00000000a5800000, 0x00000000a5900000|  0%| F|  |TAMS 0x00000000a5800000, 0x00000000a5800000| Untracked 
| 601|0x00000000a5900000, 0x00000000a5900000, 0x00000000a5a00000|  0%| F|  |TAMS 0x00000000a5900000, 0x00000000a5900000| Untracked 
| 602|0x00000000a5a00000, 0x00000000a5a00000, 0x00000000a5b00000|  0%| F|  |TAMS 0x00000000a5a00000, 0x00000000a5a00000| Untracked 
| 603|0x00000000a5b00000, 0x00000000a5b00000, 0x00000000a5c00000|  0%| F|  |TAMS 0x00000000a5b00000, 0x00000000a5b00000| Untracked 
| 604|0x00000000a5c00000, 0x00000000a5c00000, 0x00000000a5d00000|  0%| F|  |TAMS 0x00000000a5c00000, 0x00000000a5c00000| Untracked 
| 605|0x00000000a5d00000, 0x00000000a5d00000, 0x00000000a5e00000|  0%| F|  |TAMS 0x00000000a5d00000, 0x00000000a5d00000| Untracked 
| 606|0x00000000a5e00000, 0x00000000a5e00000, 0x00000000a5f00000|  0%| F|  |TAMS 0x00000000a5e00000, 0x00000000a5e00000| Untracked 
| 607|0x00000000a5f00000, 0x00000000a5f00000, 0x00000000a6000000|  0%| F|  |TAMS 0x00000000a5f00000, 0x00000000a5f00000| Untracked 
| 608|0x00000000a6000000, 0x00000000a6000000, 0x00000000a6100000|  0%| F|  |TAMS 0x00000000a6000000, 0x00000000a6000000| Untracked 
| 609|0x00000000a6100000, 0x00000000a6100000, 0x00000000a6200000|  0%| F|  |TAMS 0x00000000a6100000, 0x00000000a6100000| Untracked 
| 610|0x00000000a6200000, 0x00000000a6200000, 0x00000000a6300000|  0%| F|  |TAMS 0x00000000a6200000, 0x00000000a6200000| Untracked 
| 611|0x00000000a6300000, 0x00000000a6300000, 0x00000000a6400000|  0%| F|  |TAMS 0x00000000a6300000, 0x00000000a6300000| Untracked 
| 612|0x00000000a6400000, 0x00000000a6400000, 0x00000000a6500000|  0%| F|  |TAMS 0x00000000a6400000, 0x00000000a6400000| Untracked 
| 613|0x00000000a6500000, 0x00000000a6500000, 0x00000000a6600000|  0%| F|  |TAMS 0x00000000a6500000, 0x00000000a6500000| Untracked 
| 614|0x00000000a6600000, 0x00000000a6600000, 0x00000000a6700000|  0%| F|  |TAMS 0x00000000a6600000, 0x00000000a6600000| Untracked 
| 615|0x00000000a6700000, 0x00000000a6700000, 0x00000000a6800000|  0%| F|  |TAMS 0x00000000a6700000, 0x00000000a6700000| Untracked 
| 616|0x00000000a6800000, 0x00000000a6800000, 0x00000000a6900000|  0%| F|  |TAMS 0x00000000a6800000, 0x00000000a6800000| Untracked 
| 617|0x00000000a6900000, 0x00000000a6900000, 0x00000000a6a00000|  0%| F|  |TAMS 0x00000000a6900000, 0x00000000a6900000| Untracked 
| 618|0x00000000a6a00000, 0x00000000a6a00000, 0x00000000a6b00000|  0%| F|  |TAMS 0x00000000a6a00000, 0x00000000a6a00000| Untracked 
| 619|0x00000000a6b00000, 0x00000000a6b00000, 0x00000000a6c00000|  0%| F|  |TAMS 0x00000000a6b00000, 0x00000000a6b00000| Untracked 
| 620|0x00000000a6c00000, 0x00000000a6c00000, 0x00000000a6d00000|  0%| F|  |TAMS 0x00000000a6c00000, 0x00000000a6c00000| Untracked 
| 621|0x00000000a6d00000, 0x00000000a6d00000, 0x00000000a6e00000|  0%| F|  |TAMS 0x00000000a6d00000, 0x00000000a6d00000| Untracked 
| 622|0x00000000a6e00000, 0x00000000a6e00000, 0x00000000a6f00000|  0%| F|  |TAMS 0x00000000a6e00000, 0x00000000a6e00000| Untracked 
| 623|0x00000000a6f00000, 0x00000000a6f00000, 0x00000000a7000000|  0%| F|  |TAMS 0x00000000a6f00000, 0x00000000a6f00000| Untracked 
| 624|0x00000000a7000000, 0x00000000a7000000, 0x00000000a7100000|  0%| F|  |TAMS 0x00000000a7000000, 0x00000000a7000000| Untracked 
| 625|0x00000000a7100000, 0x00000000a7100000, 0x00000000a7200000|  0%| F|  |TAMS 0x00000000a7100000, 0x00000000a7100000| Untracked 
| 626|0x00000000a7200000, 0x00000000a7200000, 0x00000000a7300000|  0%| F|  |TAMS 0x00000000a7200000, 0x00000000a7200000| Untracked 
| 627|0x00000000a7300000, 0x00000000a7300000, 0x00000000a7400000|  0%| F|  |TAMS 0x00000000a7300000, 0x00000000a7300000| Untracked 
| 628|0x00000000a7400000, 0x00000000a7400000, 0x00000000a7500000|  0%| F|  |TAMS 0x00000000a7400000, 0x00000000a7400000| Untracked 
| 629|0x00000000a7500000, 0x00000000a7500000, 0x00000000a7600000|  0%| F|  |TAMS 0x00000000a7500000, 0x00000000a7500000| Untracked 
| 630|0x00000000a7600000, 0x00000000a7600000, 0x00000000a7700000|  0%| F|  |TAMS 0x00000000a7600000, 0x00000000a7600000| Untracked 
| 631|0x00000000a7700000, 0x00000000a7700000, 0x00000000a7800000|  0%| F|  |TAMS 0x00000000a7700000, 0x00000000a7700000| Untracked 
| 632|0x00000000a7800000, 0x00000000a7800000, 0x00000000a7900000|  0%| F|  |TAMS 0x00000000a7800000, 0x00000000a7800000| Untracked 
| 633|0x00000000a7900000, 0x00000000a7900000, 0x00000000a7a00000|  0%| F|  |TAMS 0x00000000a7900000, 0x00000000a7900000| Untracked 
| 634|0x00000000a7a00000, 0x00000000a7a00000, 0x00000000a7b00000|  0%| F|  |TAMS 0x00000000a7a00000, 0x00000000a7a00000| Untracked 
| 635|0x00000000a7b00000, 0x00000000a7b00000, 0x00000000a7c00000|  0%| F|  |TAMS 0x00000000a7b00000, 0x00000000a7b00000| Untracked 
| 636|0x00000000a7c00000, 0x00000000a7c00000, 0x00000000a7d00000|  0%| F|  |TAMS 0x00000000a7c00000, 0x00000000a7c00000| Untracked 
| 637|0x00000000a7d00000, 0x00000000a7d00000, 0x00000000a7e00000|  0%| F|  |TAMS 0x00000000a7d00000, 0x00000000a7d00000| Untracked 
| 638|0x00000000a7e00000, 0x00000000a7e00000, 0x00000000a7f00000|  0%| F|  |TAMS 0x00000000a7e00000, 0x00000000a7e00000| Untracked 
| 639|0x00000000a7f00000, 0x00000000a7f00000, 0x00000000a8000000|  0%| F|  |TAMS 0x00000000a7f00000, 0x00000000a7f00000| Untracked 
| 640|0x00000000a8000000, 0x00000000a8000000, 0x00000000a8100000|  0%| F|  |TAMS 0x00000000a8000000, 0x00000000a8000000| Untracked 
| 641|0x00000000a8100000, 0x00000000a8100000, 0x00000000a8200000|  0%| F|  |TAMS 0x00000000a8100000, 0x00000000a8100000| Untracked 
| 642|0x00000000a8200000, 0x00000000a8200000, 0x00000000a8300000|  0%| F|  |TAMS 0x00000000a8200000, 0x00000000a8200000| Untracked 
| 643|0x00000000a8300000, 0x00000000a8300000, 0x00000000a8400000|  0%| F|  |TAMS 0x00000000a8300000, 0x00000000a8300000| Untracked 
| 644|0x00000000a8400000, 0x00000000a8400000, 0x00000000a8500000|  0%| F|  |TAMS 0x00000000a8400000, 0x00000000a8400000| Untracked 
| 645|0x00000000a8500000, 0x00000000a8500000, 0x00000000a8600000|  0%| F|  |TAMS 0x00000000a8500000, 0x00000000a8500000| Untracked 
| 646|0x00000000a8600000, 0x00000000a8600000, 0x00000000a8700000|  0%| F|  |TAMS 0x00000000a8600000, 0x00000000a8600000| Untracked 
| 647|0x00000000a8700000, 0x00000000a8700000, 0x00000000a8800000|  0%| F|  |TAMS 0x00000000a8700000, 0x00000000a8700000| Untracked 
| 648|0x00000000a8800000, 0x00000000a8800000, 0x00000000a8900000|  0%| F|  |TAMS 0x00000000a8800000, 0x00000000a8800000| Untracked 
| 649|0x00000000a8900000, 0x00000000a8900000, 0x00000000a8a00000|  0%| F|  |TAMS 0x00000000a8900000, 0x00000000a8900000| Untracked 
| 650|0x00000000a8a00000, 0x00000000a8a00000, 0x00000000a8b00000|  0%| F|  |TAMS 0x00000000a8a00000, 0x00000000a8a00000| Untracked 
| 651|0x00000000a8b00000, 0x00000000a8b00000, 0x00000000a8c00000|  0%| F|  |TAMS 0x00000000a8b00000, 0x00000000a8b00000| Untracked 
| 652|0x00000000a8c00000, 0x00000000a8c00000, 0x00000000a8d00000|  0%| F|  |TAMS 0x00000000a8c00000, 0x00000000a8c00000| Untracked 
| 653|0x00000000a8d00000, 0x00000000a8d00000, 0x00000000a8e00000|  0%| F|  |TAMS 0x00000000a8d00000, 0x00000000a8d00000| Untracked 
| 654|0x00000000a8e00000, 0x00000000a8e00000, 0x00000000a8f00000|  0%| F|  |TAMS 0x00000000a8e00000, 0x00000000a8e00000| Untracked 
| 655|0x00000000a8f00000, 0x00000000a8f00000, 0x00000000a9000000|  0%| F|  |TAMS 0x00000000a8f00000, 0x00000000a8f00000| Untracked 
| 656|0x00000000a9000000, 0x00000000a9000000, 0x00000000a9100000|  0%| F|  |TAMS 0x00000000a9000000, 0x00000000a9000000| Untracked 
| 657|0x00000000a9100000, 0x00000000a9100000, 0x00000000a9200000|  0%| F|  |TAMS 0x00000000a9100000, 0x00000000a9100000| Untracked 
| 658|0x00000000a9200000, 0x00000000a9200000, 0x00000000a9300000|  0%| F|  |TAMS 0x00000000a9200000, 0x00000000a9200000| Untracked 
| 659|0x00000000a9300000, 0x00000000a9300000, 0x00000000a9400000|  0%| F|  |TAMS 0x00000000a9300000, 0x00000000a9300000| Untracked 
| 660|0x00000000a9400000, 0x00000000a9400000, 0x00000000a9500000|  0%| F|  |TAMS 0x00000000a9400000, 0x00000000a9400000| Untracked 
| 661|0x00000000a9500000, 0x00000000a9500000, 0x00000000a9600000|  0%| F|  |TAMS 0x00000000a9500000, 0x00000000a9500000| Untracked 
| 662|0x00000000a9600000, 0x00000000a9600000, 0x00000000a9700000|  0%| F|  |TAMS 0x00000000a9600000, 0x00000000a9600000| Untracked 
| 663|0x00000000a9700000, 0x00000000a9700000, 0x00000000a9800000|  0%| F|  |TAMS 0x00000000a9700000, 0x00000000a9700000| Untracked 
| 664|0x00000000a9800000, 0x00000000a9800000, 0x00000000a9900000|  0%| F|  |TAMS 0x00000000a9800000, 0x00000000a9800000| Untracked 
| 665|0x00000000a9900000, 0x00000000a9900000, 0x00000000a9a00000|  0%| F|  |TAMS 0x00000000a9900000, 0x00000000a9900000| Untracked 
| 666|0x00000000a9a00000, 0x00000000a9a00000, 0x00000000a9b00000|  0%| F|  |TAMS 0x00000000a9a00000, 0x00000000a9a00000| Untracked 
| 667|0x00000000a9b00000, 0x00000000a9b00000, 0x00000000a9c00000|  0%| F|  |TAMS 0x00000000a9b00000, 0x00000000a9b00000| Untracked 
| 668|0x00000000a9c00000, 0x00000000a9c00000, 0x00000000a9d00000|  0%| F|  |TAMS 0x00000000a9c00000, 0x00000000a9c00000| Untracked 
| 669|0x00000000a9d00000, 0x00000000a9d00000, 0x00000000a9e00000|  0%| F|  |TAMS 0x00000000a9d00000, 0x00000000a9d00000| Untracked 
| 670|0x00000000a9e00000, 0x00000000a9e00000, 0x00000000a9f00000|  0%| F|  |TAMS 0x00000000a9e00000, 0x00000000a9e00000| Untracked 
| 671|0x00000000a9f00000, 0x00000000a9f00000, 0x00000000aa000000|  0%| F|  |TAMS 0x00000000a9f00000, 0x00000000a9f00000| Untracked 
| 672|0x00000000aa000000, 0x00000000aa000000, 0x00000000aa100000|  0%| F|  |TAMS 0x00000000aa000000, 0x00000000aa000000| Untracked 
| 673|0x00000000aa100000, 0x00000000aa100000, 0x00000000aa200000|  0%| F|  |TAMS 0x00000000aa100000, 0x00000000aa100000| Untracked 
| 674|0x00000000aa200000, 0x00000000aa200000, 0x00000000aa300000|  0%| F|  |TAMS 0x00000000aa200000, 0x00000000aa200000| Untracked 
| 675|0x00000000aa300000, 0x00000000aa300000, 0x00000000aa400000|  0%| F|  |TAMS 0x00000000aa300000, 0x00000000aa300000| Untracked 
| 676|0x00000000aa400000, 0x00000000aa400000, 0x00000000aa500000|  0%| F|  |TAMS 0x00000000aa400000, 0x00000000aa400000| Untracked 
| 677|0x00000000aa500000, 0x00000000aa500000, 0x00000000aa600000|  0%| F|  |TAMS 0x00000000aa500000, 0x00000000aa500000| Untracked 
| 678|0x00000000aa600000, 0x00000000aa600000, 0x00000000aa700000|  0%| F|  |TAMS 0x00000000aa600000, 0x00000000aa600000| Untracked 
| 679|0x00000000aa700000, 0x00000000aa700000, 0x00000000aa800000|  0%| F|  |TAMS 0x00000000aa700000, 0x00000000aa700000| Untracked 
| 680|0x00000000aa800000, 0x00000000aa800000, 0x00000000aa900000|  0%| F|  |TAMS 0x00000000aa800000, 0x00000000aa800000| Untracked 
| 681|0x00000000aa900000, 0x00000000aa900000, 0x00000000aaa00000|  0%| F|  |TAMS 0x00000000aa900000, 0x00000000aa900000| Untracked 
| 682|0x00000000aaa00000, 0x00000000aaa00000, 0x00000000aab00000|  0%| F|  |TAMS 0x00000000aaa00000, 0x00000000aaa00000| Untracked 
| 683|0x00000000aab00000, 0x00000000aab00000, 0x00000000aac00000|  0%| F|  |TAMS 0x00000000aab00000, 0x00000000aab00000| Untracked 
| 684|0x00000000aac00000, 0x00000000aac00000, 0x00000000aad00000|  0%| F|  |TAMS 0x00000000aac00000, 0x00000000aac00000| Untracked 
| 685|0x00000000aad00000, 0x00000000aad00000, 0x00000000aae00000|  0%| F|  |TAMS 0x00000000aad00000, 0x00000000aad00000| Untracked 
| 686|0x00000000aae00000, 0x00000000aae00000, 0x00000000aaf00000|  0%| F|  |TAMS 0x00000000aae00000, 0x00000000aae00000| Untracked 
| 687|0x00000000aaf00000, 0x00000000aaf00000, 0x00000000ab000000|  0%| F|  |TAMS 0x00000000aaf00000, 0x00000000aaf00000| Untracked 
| 688|0x00000000ab000000, 0x00000000ab000000, 0x00000000ab100000|  0%| F|  |TAMS 0x00000000ab000000, 0x00000000ab000000| Untracked 
| 689|0x00000000ab100000, 0x00000000ab100000, 0x00000000ab200000|  0%| F|  |TAMS 0x00000000ab100000, 0x00000000ab100000| Untracked 
| 690|0x00000000ab200000, 0x00000000ab200000, 0x00000000ab300000|  0%| F|  |TAMS 0x00000000ab200000, 0x00000000ab200000| Untracked 
| 691|0x00000000ab300000, 0x00000000ab300000, 0x00000000ab400000|  0%| F|  |TAMS 0x00000000ab300000, 0x00000000ab300000| Untracked 
| 692|0x00000000ab400000, 0x00000000ab400000, 0x00000000ab500000|  0%| F|  |TAMS 0x00000000ab400000, 0x00000000ab400000| Untracked 
| 693|0x00000000ab500000, 0x00000000ab500000, 0x00000000ab600000|  0%| F|  |TAMS 0x00000000ab500000, 0x00000000ab500000| Untracked 
| 694|0x00000000ab600000, 0x00000000ab600000, 0x00000000ab700000|  0%| F|  |TAMS 0x00000000ab600000, 0x00000000ab600000| Untracked 
| 695|0x00000000ab700000, 0x00000000ab700000, 0x00000000ab800000|  0%| F|  |TAMS 0x00000000ab700000, 0x00000000ab700000| Untracked 
| 696|0x00000000ab800000, 0x00000000ab800000, 0x00000000ab900000|  0%| F|  |TAMS 0x00000000ab800000, 0x00000000ab800000| Untracked 
| 697|0x00000000ab900000, 0x00000000ab900000, 0x00000000aba00000|  0%| F|  |TAMS 0x00000000ab900000, 0x00000000ab900000| Untracked 
| 698|0x00000000aba00000, 0x00000000aba00000, 0x00000000abb00000|  0%| F|  |TAMS 0x00000000aba00000, 0x00000000aba00000| Untracked 
| 699|0x00000000abb00000, 0x00000000abb00000, 0x00000000abc00000|  0%| F|  |TAMS 0x00000000abb00000, 0x00000000abb00000| Untracked 
| 700|0x00000000abc00000, 0x00000000abc00000, 0x00000000abd00000|  0%| F|  |TAMS 0x00000000abc00000, 0x00000000abc00000| Untracked 
| 701|0x00000000abd00000, 0x00000000abd00000, 0x00000000abe00000|  0%| F|  |TAMS 0x00000000abd00000, 0x00000000abd00000| Untracked 
| 702|0x00000000abe00000, 0x00000000abe00000, 0x00000000abf00000|  0%| F|  |TAMS 0x00000000abe00000, 0x00000000abe00000| Untracked 
| 703|0x00000000abf00000, 0x00000000abf00000, 0x00000000ac000000|  0%| F|  |TAMS 0x00000000abf00000, 0x00000000abf00000| Untracked 
| 704|0x00000000ac000000, 0x00000000ac000000, 0x00000000ac100000|  0%| F|  |TAMS 0x00000000ac000000, 0x00000000ac000000| Untracked 
| 705|0x00000000ac100000, 0x00000000ac100000, 0x00000000ac200000|  0%| F|  |TAMS 0x00000000ac100000, 0x00000000ac100000| Untracked 
| 706|0x00000000ac200000, 0x00000000ac300000, 0x00000000ac300000|100%| S|CS|TAMS 0x00000000ac200000, 0x00000000ac200000| Complete 
| 707|0x00000000ac300000, 0x00000000ac400000, 0x00000000ac400000|100%| S|CS|TAMS 0x00000000ac300000, 0x00000000ac300000| Complete 
| 708|0x00000000ac400000, 0x00000000ac500000, 0x00000000ac500000|100%| S|CS|TAMS 0x00000000ac400000, 0x00000000ac400000| Complete 
| 709|0x00000000ac500000, 0x00000000ac500000, 0x00000000ac600000|  0%| F|  |TAMS 0x00000000ac500000, 0x00000000ac500000| Untracked 
| 710|0x00000000ac600000, 0x00000000ac600000, 0x00000000ac700000|  0%| F|  |TAMS 0x00000000ac600000, 0x00000000ac600000| Untracked 
| 711|0x00000000ac700000, 0x00000000ac700000, 0x00000000ac800000|  0%| F|  |TAMS 0x00000000ac700000, 0x00000000ac700000| Untracked 
| 712|0x00000000ac800000, 0x00000000ac800000, 0x00000000ac900000|  0%| F|  |TAMS 0x00000000ac800000, 0x00000000ac800000| Untracked 
| 713|0x00000000ac900000, 0x00000000ac900000, 0x00000000aca00000|  0%| F|  |TAMS 0x00000000ac900000, 0x00000000ac900000| Untracked 
| 714|0x00000000aca00000, 0x00000000acb00000, 0x00000000acb00000|100%| S|CS|TAMS 0x00000000aca00000, 0x00000000aca00000| Complete 
| 715|0x00000000acb00000, 0x00000000acc00000, 0x00000000acc00000|100%| S|CS|TAMS 0x00000000acb00000, 0x00000000acb00000| Complete 
| 716|0x00000000acc00000, 0x00000000acc00000, 0x00000000acd00000|  0%| F|  |TAMS 0x00000000acc00000, 0x00000000acc00000| Untracked 
| 717|0x00000000acd00000, 0x00000000acd00000, 0x00000000ace00000|  0%| F|  |TAMS 0x00000000acd00000, 0x00000000acd00000| Untracked 
| 718|0x00000000ace00000, 0x00000000ace00000, 0x00000000acf00000|  0%| F|  |TAMS 0x00000000ace00000, 0x00000000ace00000| Untracked 
| 719|0x00000000acf00000, 0x00000000acf00000, 0x00000000ad000000|  0%| F|  |TAMS 0x00000000acf00000, 0x00000000acf00000| Untracked 
| 720|0x00000000ad000000, 0x00000000ad000000, 0x00000000ad100000|  0%| F|  |TAMS 0x00000000ad000000, 0x00000000ad000000| Untracked 
| 721|0x00000000ad100000, 0x00000000ad100000, 0x00000000ad200000|  0%| F|  |TAMS 0x00000000ad100000, 0x00000000ad100000| Untracked 
| 722|0x00000000ad200000, 0x00000000ad200000, 0x00000000ad300000|  0%| F|  |TAMS 0x00000000ad200000, 0x00000000ad200000| Untracked 
| 723|0x00000000ad300000, 0x00000000ad300000, 0x00000000ad400000|  0%| F|  |TAMS 0x00000000ad300000, 0x00000000ad300000| Untracked 
| 724|0x00000000ad400000, 0x00000000ad400000, 0x00000000ad500000|  0%| F|  |TAMS 0x00000000ad400000, 0x00000000ad400000| Untracked 
| 725|0x00000000ad500000, 0x00000000ad500000, 0x00000000ad600000|  0%| F|  |TAMS 0x00000000ad500000, 0x00000000ad500000| Untracked 
| 726|0x00000000ad600000, 0x00000000ad600000, 0x00000000ad700000|  0%| F|  |TAMS 0x00000000ad600000, 0x00000000ad600000| Untracked 
| 727|0x00000000ad700000, 0x00000000ad700000, 0x00000000ad800000|  0%| F|  |TAMS 0x00000000ad700000, 0x00000000ad700000| Untracked 
| 728|0x00000000ad800000, 0x00000000ad800000, 0x00000000ad900000|  0%| F|  |TAMS 0x00000000ad800000, 0x00000000ad800000| Untracked 
| 729|0x00000000ad900000, 0x00000000ad900000, 0x00000000ada00000|  0%| F|  |TAMS 0x00000000ad900000, 0x00000000ad900000| Untracked 
| 730|0x00000000ada00000, 0x00000000ada00000, 0x00000000adb00000|  0%| F|  |TAMS 0x00000000ada00000, 0x00000000ada00000| Untracked 
| 731|0x00000000adb00000, 0x00000000adb00000, 0x00000000adc00000|  0%| F|  |TAMS 0x00000000adb00000, 0x00000000adb00000| Untracked 
| 732|0x00000000adc00000, 0x00000000adc00000, 0x00000000add00000|  0%| F|  |TAMS 0x00000000adc00000, 0x00000000adc00000| Untracked 
| 733|0x00000000add00000, 0x00000000add00000, 0x00000000ade00000|  0%| F|  |TAMS 0x00000000add00000, 0x00000000add00000| Untracked 
| 734|0x00000000ade00000, 0x00000000ade00000, 0x00000000adf00000|  0%| F|  |TAMS 0x00000000ade00000, 0x00000000ade00000| Untracked 
| 735|0x00000000adf00000, 0x00000000adf00000, 0x00000000ae000000|  0%| F|  |TAMS 0x00000000adf00000, 0x00000000adf00000| Untracked 
| 736|0x00000000ae000000, 0x00000000ae000000, 0x00000000ae100000|  0%| F|  |TAMS 0x00000000ae000000, 0x00000000ae000000| Untracked 
| 737|0x00000000ae100000, 0x00000000ae100000, 0x00000000ae200000|  0%| F|  |TAMS 0x00000000ae100000, 0x00000000ae100000| Untracked 
| 738|0x00000000ae200000, 0x00000000ae200000, 0x00000000ae300000|  0%| F|  |TAMS 0x00000000ae200000, 0x00000000ae200000| Untracked 
| 739|0x00000000ae300000, 0x00000000ae300000, 0x00000000ae400000|  0%| F|  |TAMS 0x00000000ae300000, 0x00000000ae300000| Untracked 
| 740|0x00000000ae400000, 0x00000000ae400000, 0x00000000ae500000|  0%| F|  |TAMS 0x00000000ae400000, 0x00000000ae400000| Untracked 
| 741|0x00000000ae500000, 0x00000000ae500000, 0x00000000ae600000|  0%| F|  |TAMS 0x00000000ae500000, 0x00000000ae500000| Untracked 
| 742|0x00000000ae600000, 0x00000000ae600000, 0x00000000ae700000|  0%| F|  |TAMS 0x00000000ae600000, 0x00000000ae600000| Untracked 
| 743|0x00000000ae700000, 0x00000000ae700000, 0x00000000ae800000|  0%| F|  |TAMS 0x00000000ae700000, 0x00000000ae700000| Untracked 
| 744|0x00000000ae800000, 0x00000000ae800000, 0x00000000ae900000|  0%| F|  |TAMS 0x00000000ae800000, 0x00000000ae800000| Untracked 
| 745|0x00000000ae900000, 0x00000000ae900000, 0x00000000aea00000|  0%| F|  |TAMS 0x00000000ae900000, 0x00000000ae900000| Untracked 
| 746|0x00000000aea00000, 0x00000000aea00000, 0x00000000aeb00000|  0%| F|  |TAMS 0x00000000aea00000, 0x00000000aea00000| Untracked 
|2038|0x00000000ff600000, 0x00000000ff700000, 0x00000000ff700000|100%| O|  |TAMS 0x00000000ff700000, 0x00000000ff600000| Untracked 
|2039|0x00000000ff700000, 0x00000000ff800000, 0x00000000ff800000|100%| O|  |TAMS 0x00000000ff800000, 0x00000000ff700000| Untracked 
|2040|0x00000000ff800000, 0x00000000ff900000, 0x00000000ff900000|100%| O|  |TAMS 0x00000000ff900000, 0x00000000ff800000| Untracked 
|2041|0x00000000ff900000, 0x00000000ffa00000, 0x00000000ffa00000|100%| O|  |TAMS 0x00000000ffa00000, 0x00000000ff900000| Untracked 
|2042|0x00000000ffa00000, 0x00000000ffb00000, 0x00000000ffb00000|100%| O|  |TAMS 0x00000000ffb00000, 0x00000000ffa00000| Untracked 
|2043|0x00000000ffb00000, 0x00000000ffc00000, 0x00000000ffc00000|100%| O|  |TAMS 0x00000000ffc00000, 0x00000000ffb00000| Untracked 
|2044|0x00000000ffc00000, 0x00000000ffd00000, 0x00000000ffd00000|100%| O|  |TAMS 0x00000000ffd00000, 0x00000000ffc00000| Untracked 
|2045|0x00000000ffd00000, 0x00000000ffe00000, 0x00000000ffe00000|100%| O|  |TAMS 0x00000000ffe00000, 0x00000000ffd00000| Untracked 
|2046|0x00000000ffe00000, 0x00000000ffe00000, 0x00000000fff00000|  0%| F|  |TAMS 0x00000000ffe00000, 0x00000000ffe00000| Untracked 
|2047|0x00000000fff00000, 0x0000000100000000, 0x0000000100000000|100%| O|  |TAMS 0x0000000100000000, 0x00000000fff00000| Untracked 

Card table byte_map: [0x000001eca58a0000,0x000001eca5ca0000] _byte_map_base: 0x000001eca54a0000

Marking Bits (Prev, Next): (CMBitMap*) 0x000001ec91f3b800, (CMBitMap*) 0x000001ec91f3b840
 Prev Bits: [0x000001eca60a0000, 0x000001eca80a0000)
 Next Bits: [0x000001eca80a0000, 0x000001ecaa0a0000)

Polling page: 0x000001ec90240000

Metaspace:

Usage:
  Non-class:    130.13 MB used.
      Class:     21.81 MB used.
       Both:    151.95 MB used.

Virtual space:
  Non-class space:      192.00 MB reserved,     130.75 MB ( 68%) committed,  3 nodes.
      Class space:        1.00 GB reserved,      22.31 MB (  2%) committed,  1 nodes.
             Both:        1.19 GB reserved,     153.06 MB ( 13%) committed. 

Chunk freelists:
   Non-Class:  12.78 MB
       Class:  9.51 MB
        Both:  22.30 MB

MaxMetaspaceSize: unlimited
CompressedClassSpaceSize: 1.00 GB
Initial GC threshold: 21.00 MB
Current GC threshold: 254.81 MB
CDS: on
MetaspaceReclaimPolicy: balanced
 - commit_granule_bytes: 65536.
 - commit_granule_words: 8192.
 - virtual_space_node_default_size: 8388608.
 - enlarge_chunks_in_place: 1.
 - new_chunks_are_fully_committed: 0.
 - uncommit_free_chunks: 1.
 - use_allocation_guard: 0.
 - handle_deallocations: 1.


Internal statistics:

num_allocs_failed_limit: 6.
num_arena_births: 2094.
num_arena_deaths: 164.
num_vsnodes_births: 4.
num_vsnodes_deaths: 0.
num_space_committed: 2451.
num_space_uncommitted: 3.
num_chunks_returned_to_freelist: 261.
num_chunks_taken_from_freelist: 8948.
num_chunk_merges: 92.
num_chunk_splits: 5719.
num_chunks_enlarged: 3685.
num_inconsistent_stats: 0.

CodeHeap 'non-profiled nmethods': size=119168Kb used=17182Kb max_used=17182Kb free=101985Kb
 bounds [0x000001ec9d260000, 0x000001ec9e330000, 0x000001eca46c0000]
CodeHeap 'profiled nmethods': size=119104Kb used=43548Kb max_used=43548Kb free=75556Kb
 bounds [0x000001ec956c0000, 0x000001ec98150000, 0x000001ec9cb10000]
CodeHeap 'non-nmethods': size=7488Kb used=4247Kb max_used=4329Kb free=3240Kb
 bounds [0x000001ec9cb10000, 0x000001ec9cf50000, 0x000001ec9d260000]
 total_blobs=22064 nmethods=20956 adapters=1016
 compilation: enabled
              stopped_count=0, restarted_count=0
 full_count=0

Compilation events (20 events):
Event: 36.784 Thread 0x000001ecf768ff30 nmethod 25426 0x000001ec9e31f490 code [0x000001ec9e31f600, 0x000001ec9e31f658]
Event: 36.784 Thread 0x000001ecf768ff30 25427       4       com.android.tools.r8.graph.xb::a (33 bytes)
Event: 36.784 Thread 0x000001ecf768ff30 nmethod 25427 0x000001ec9e31f790 code [0x000001ec9e31f900, 0x000001ec9e31f9b8]
Event: 36.784 Thread 0x000001ecf768ff30 25423       4       com.android.tools.r8.graph.h7::<init> (7 bytes)
Event: 36.784 Thread 0x000001ecf768ff30 nmethod 25423 0x000001ec9e31fa90 code [0x000001ec9e31fc00, 0x000001ec9e31fc78]
Event: 36.784 Thread 0x000001ecf768ff30 25425       4       com.android.tools.r8.graph.g3$a::a (7 bytes)
Event: 36.785 Thread 0x000001ecf768ff30 nmethod 25425 0x000001ec9e31fd90 code [0x000001ec9e31ff00, 0x000001ec9e320038]
Event: 36.785 Thread 0x000001ecf768ff30 25424       4       com.android.tools.r8.graph.g3$a::c (7 bytes)
Event: 36.785 Thread 0x000001ecf768ff30 nmethod 25424 0x000001ec9e320090 code [0x000001ec9e320200, 0x000001ec9e320278]
Event: 36.785 Thread 0x000001ecf768ff30 25394       4       com.android.tools.r8.internal.aw::a (12 bytes)
Event: 36.793 Thread 0x000001ecfbfd9900 nmethod 25421 0x000001ec9e320390 code [0x000001ec9e3205c0, 0x000001ec9e321978]
Event: 36.794 Thread 0x000001ecfbfd9900 25408       4       com.android.tools.r8.graph.f6$$Lambda$5069/0x000001ecb047c278::a (5 bytes)
Event: 36.794 Thread 0x000001ecfbfd9900 nmethod 25408 0x000001ec9e322b10 code [0x000001ec9e322ca0, 0x000001ec9e322dd8]
Event: 36.794 Thread 0x000001ecfbfd9900 25402       4       com.android.tools.r8.graph.j6::Z0 (8 bytes)
Event: 36.795 Thread 0x000001ecf768ff30 nmethod 25394 0x000001ec9e322f90 code [0x000001ec9e323140, 0x000001ec9e323838]
Event: 36.795 Thread 0x000001ecf768ff30 25434       4       com.android.tools.r8.graph.na::b (36 bytes)
Event: 36.797 Thread 0x000001ecf768ff30 nmethod 25434 0x000001ec9e324010 code [0x000001ec9e3241c0, 0x000001ec9e324388]
Event: 36.797 Thread 0x000001ecf768ff30 25437   !   4       com.android.tools.r8.graph.e2::<init> (346 bytes)
Event: 36.798 Thread 0x000001ecf7691f10 nmethod 25418 0x000001ec9e324610 code [0x000001ec9e324940, 0x000001ec9e3268c8]
Event: 36.798 Thread 0x000001ecf7691f10 25411       4       com.android.tools.r8.graph.l3::c (60 bytes)

GC Heap History (20 events):
Event: 35.142 GC heap after
{Heap after GC invocations=54 (full 0):
 garbage-first heap   total 342016K, used 194710K [0x0000000080000000, 0x0000000100000000)
  region size 1024K, 3 young (3072K), 3 survivors (3072K)
 Metaspace       used 154680K, committed 155776K, reserved 1245184K
  class space    used 22266K, committed 22784K, reserved 1048576K
}
Event: 35.320 GC heap before
{Heap before GC invocations=54 (full 0):
 garbage-first heap   total 342016K, used 288918K [0x0000000080000000, 0x0000000100000000)
  region size 1024K, 96 young (98304K), 3 survivors (3072K)
 Metaspace       used 154714K, committed 155840K, reserved 1245184K
  class space    used 22267K, committed 22784K, reserved 1048576K
}
Event: 35.321 GC heap after
{Heap after GC invocations=55 (full 0):
 garbage-first heap   total 342016K, used 193966K [0x0000000080000000, 0x0000000100000000)
  region size 1024K, 4 young (4096K), 4 survivors (4096K)
 Metaspace       used 154714K, committed 155840K, reserved 1245184K
  class space    used 22267K, committed 22784K, reserved 1048576K
}
Event: 35.537 GC heap before
{Heap before GC invocations=56 (full 0):
 garbage-first heap   total 345088K, used 333230K [0x0000000080000000, 0x0000000100000000)
  region size 1024K, 74 young (75776K), 4 survivors (4096K)
 Metaspace       used 155425K, committed 156544K, reserved 1245184K
  class space    used 22336K, committed 22848K, reserved 1048576K
}
Event: 35.543 GC heap after
{Heap after GC invocations=57 (full 0):
 garbage-first heap   total 360448K, used 253431K [0x0000000080000000, 0x0000000100000000)
  region size 1024K, 13 young (13312K), 13 survivors (13312K)
 Metaspace       used 155425K, committed 156544K, reserved 1245184K
  class space    used 22336K, committed 22848K, reserved 1048576K
}
Event: 35.552 GC heap before
{Heap before GC invocations=57 (full 0):
 garbage-first heap   total 360448K, used 256503K [0x0000000080000000, 0x0000000100000000)
  region size 1024K, 17 young (17408K), 13 survivors (13312K)
 Metaspace       used 155425K, committed 156544K, reserved 1245184K
  class space    used 22336K, committed 22848K, reserved 1048576K
}
Event: 35.558 GC heap after
{Heap after GC invocations=58 (full 0):
 garbage-first heap   total 360448K, used 237879K [0x0000000080000000, 0x0000000100000000)
  region size 1024K, 3 young (3072K), 3 survivors (3072K)
 Metaspace       used 155425K, committed 156544K, reserved 1245184K
  class space    used 22336K, committed 22848K, reserved 1048576K
}
Event: 35.569 GC heap before
{Heap before GC invocations=58 (full 0):
 garbage-first heap   total 360448K, used 242999K [0x0000000080000000, 0x0000000100000000)
  region size 1024K, 9 young (9216K), 3 survivors (3072K)
 Metaspace       used 155425K, committed 156544K, reserved 1245184K
  class space    used 22336K, committed 22848K, reserved 1048576K
}
Event: 35.571 GC heap after
{Heap after GC invocations=59 (full 0):
 garbage-first heap   total 360448K, used 239973K [0x0000000080000000, 0x0000000100000000)
  region size 1024K, 5 young (5120K), 5 survivors (5120K)
 Metaspace       used 155425K, committed 156544K, reserved 1245184K
  class space    used 22336K, committed 22848K, reserved 1048576K
}
Event: 35.684 GC heap before
{Heap before GC invocations=60 (full 0):
 garbage-first heap   total 435200K, used 290149K [0x0000000080000000, 0x0000000100000000)
  region size 1024K, 51 young (52224K), 5 survivors (5120K)
 Metaspace       used 155436K, committed 156608K, reserved 1245184K
  class space    used 22336K, committed 22848K, reserved 1048576K
}
Event: 35.690 GC heap after
{Heap after GC invocations=61 (full 0):
 garbage-first heap   total 435200K, used 262175K [0x0000000080000000, 0x0000000100000000)
  region size 1024K, 7 young (7168K), 7 survivors (7168K)
 Metaspace       used 155436K, committed 156608K, reserved 1245184K
  class space    used 22336K, committed 22848K, reserved 1048576K
}
Event: 35.719 GC heap before
{Heap before GC invocations=61 (full 0):
 garbage-first heap   total 435200K, used 277535K [0x0000000080000000, 0x0000000100000000)
  region size 1024K, 21 young (21504K), 7 survivors (7168K)
 Metaspace       used 155514K, committed 156672K, reserved 1245184K
  class space    used 22336K, committed 22848K, reserved 1048576K
}
Event: 36.592 GC heap after
{Heap after GC invocations=62 (full 0):
 garbage-first heap   total 775168K, used 267926K [0x0000000080000000, 0x0000000100000000)
  region size 1024K, 3 young (3072K), 3 survivors (3072K)
 Metaspace       used 155514K, committed 156672K, reserved 1245184K
  class space    used 22336K, committed 22848K, reserved 1048576K
}
Event: 36.640 GC heap before
{Heap before GC invocations=62 (full 0):
 garbage-first heap   total 775168K, used 301718K [0x0000000080000000, 0x0000000100000000)
  region size 1024K, 37 young (37888K), 3 survivors (3072K)
 Metaspace       used 155580K, committed 156736K, reserved 1245184K
  class space    used 22337K, committed 22848K, reserved 1048576K
}
Event: 36.648 GC heap after
{Heap after GC invocations=63 (full 0):
 garbage-first heap   total 775168K, used 286339K [0x0000000080000000, 0x0000000100000000)
  region size 1024K, 5 young (5120K), 5 survivors (5120K)
 Metaspace       used 155580K, committed 156736K, reserved 1245184K
  class space    used 22337K, committed 22848K, reserved 1048576K
}
Event: 36.688 GC heap before
{Heap before GC invocations=63 (full 0):
 garbage-first heap   total 775168K, used 319107K [0x0000000080000000, 0x0000000100000000)
  region size 1024K, 37 young (37888K), 5 survivors (5120K)
 Metaspace       used 155587K, committed 156736K, reserved 1245184K
  class space    used 22337K, committed 22848K, reserved 1048576K
}
Event: 36.695 GC heap after
{Heap after GC invocations=64 (full 0):
 garbage-first heap   total 775168K, used 304193K [0x0000000080000000, 0x0000000100000000)
  region size 1024K, 5 young (5120K), 5 survivors (5120K)
 Metaspace       used 155587K, committed 156736K, reserved 1245184K
  class space    used 22337K, committed 22848K, reserved 1048576K
}
Event: 36.743 GC heap before
{Heap before GC invocations=64 (full 0):
 garbage-first heap   total 775168K, used 336961K [0x0000000080000000, 0x0000000100000000)
  region size 1024K, 37 young (37888K), 5 survivors (5120K)
 Metaspace       used 155592K, committed 156736K, reserved 1245184K
  class space    used 22337K, committed 22848K, reserved 1048576K
}
Event: 36.751 GC heap after
{Heap after GC invocations=65 (full 0):
 garbage-first heap   total 775168K, used 322484K [0x0000000080000000, 0x0000000100000000)
  region size 1024K, 5 young (5120K), 5 survivors (5120K)
 Metaspace       used 155592K, committed 156736K, reserved 1245184K
  class space    used 22337K, committed 22848K, reserved 1048576K
}
Event: 36.800 GC heap before
{Heap before GC invocations=65 (full 0):
 garbage-first heap   total 775168K, used 354228K [0x0000000080000000, 0x0000000100000000)
  region size 1024K, 37 young (37888K), 5 survivors (5120K)
 Metaspace       used 155593K, committed 156736K, reserved 1245184K
  class space    used 22337K, committed 22848K, reserved 1048576K
}

Dll operation events (4 events):
Event: 0.014 Loaded shared library C:\Users\Wire\.jdks\jbr-17.0.14\bin\java.dll
Event: 0.027 Loaded shared library C:\Users\Wire\.jdks\jbr-17.0.14\bin\jsvml.dll
Event: 0.058 Loaded shared library C:\Users\Wire\.jdks\jbr-17.0.14\bin\zip.dll
Event: 0.271 Loaded shared library C:\Users\Wire\.jdks\jbr-17.0.14\bin\verify.dll

Deoptimization events (20 events):
Event: 36.721 Thread 0x000001ecf8cf4730 Uncommon trap: trap_request=0xffffff45 fr.pc=0x000001ec9e302420 relative=0x0000000000001480
Event: 36.721 Thread 0x000001ecf8cf4730 Uncommon trap: reason=unstable_if action=reinterpret pc=0x000001ec9e302420 method=com.android.tools.r8.dex.c0.h()Lcom/android/tools/r8/graph/o6; @ 47 c2
Event: 36.721 Thread 0x000001ecf8cf4730 DEOPT PACKING pc=0x000001ec9e302420 sp=0x00000008e95fe6a0
Event: 36.721 Thread 0x000001ecf8cf4730 DEOPT UNPACKING pc=0x000001ec9cb669a3 sp=0x00000008e95fe670 mode 2
Event: 36.752 Thread 0x000001ecfc10eff0 Uncommon trap: trap_request=0xffffffbe fr.pc=0x000001ec9e313558 relative=0x0000000000001018
Event: 36.752 Thread 0x000001ecf729fc80 Uncommon trap: trap_request=0xffffffbe fr.pc=0x000001ec9e313558 relative=0x0000000000001018
Event: 36.752 Thread 0x000001ecfc10eff0 Uncommon trap: reason=profile_predicate action=maybe_recompile pc=0x000001ec9e313558 method=com.android.tools.r8.dex.c0.a(I[Lcom/android/tools/r8/graph/u5;[Lcom/android/tools/r8/graph/o6;)[Lcom/android/tools/r8/graph/g3; @ 29 c2
Event: 36.752 Thread 0x000001ecf729fc80 Uncommon trap: reason=profile_predicate action=maybe_recompile pc=0x000001ec9e313558 method=com.android.tools.r8.dex.c0.a(I[Lcom/android/tools/r8/graph/u5;[Lcom/android/tools/r8/graph/o6;)[Lcom/android/tools/r8/graph/g3; @ 29 c2
Event: 36.752 Thread 0x000001ecf729fc80 DEOPT PACKING pc=0x000001ec9e313558 sp=0x00000008e8fff070
Event: 36.752 Thread 0x000001ecfc10eff0 DEOPT PACKING pc=0x000001ec9e313558 sp=0x00000008e8cfee30
Event: 36.752 Thread 0x000001ecf78fedc0 Uncommon trap: trap_request=0xffffffbe fr.pc=0x000001ec9e313558 relative=0x0000000000001018
Event: 36.752 Thread 0x000001ecf729fc80 DEOPT UNPACKING pc=0x000001ec9cb669a3 sp=0x00000008e8fff048 mode 2
Event: 36.752 Thread 0x000001ecf78fedc0 Uncommon trap: reason=profile_predicate action=maybe_recompile pc=0x000001ec9e313558 method=com.android.tools.r8.dex.c0.a(I[Lcom/android/tools/r8/graph/u5;[Lcom/android/tools/r8/graph/o6;)[Lcom/android/tools/r8/graph/g3; @ 29 c2
Event: 36.752 Thread 0x000001ecf78fedc0 DEOPT PACKING pc=0x000001ec9e313558 sp=0x00000008e94fed20
Event: 36.752 Thread 0x000001ecfc10eff0 DEOPT UNPACKING pc=0x000001ec9cb669a3 sp=0x00000008e8cfee08 mode 2
Event: 36.752 Thread 0x000001ecf78fedc0 DEOPT UNPACKING pc=0x000001ec9cb669a3 sp=0x00000008e94fecf8 mode 2
Event: 36.752 Thread 0x000001ecf78fedc0 Uncommon trap: trap_request=0xffffffbe fr.pc=0x000001ec9e313558 relative=0x0000000000001018
Event: 36.752 Thread 0x000001ecf78fedc0 Uncommon trap: reason=profile_predicate action=maybe_recompile pc=0x000001ec9e313558 method=com.android.tools.r8.dex.c0.a(I[Lcom/android/tools/r8/graph/u5;[Lcom/android/tools/r8/graph/o6;)[Lcom/android/tools/r8/graph/g3; @ 29 c2
Event: 36.752 Thread 0x000001ecf78fedc0 DEOPT PACKING pc=0x000001ec9e313558 sp=0x00000008e94fed20
Event: 36.752 Thread 0x000001ecf78fedc0 DEOPT UNPACKING pc=0x000001ec9cb669a3 sp=0x00000008e94fecf8 mode 2

Classes loaded (20 events):
Event: 34.900 Loading class java/util/TreeMap$DescendingSubMap$DescendingEntrySetView
Event: 34.900 Loading class java/util/TreeMap$NavigableSubMap$EntrySetView
Event: 34.900 Loading class java/util/TreeMap$NavigableSubMap$EntrySetView done
Event: 34.900 Loading class java/util/TreeMap$DescendingSubMap$DescendingEntrySetView done
Event: 34.900 Loading class java/util/TreeMap$NavigableSubMap$DescendingSubMapEntryIterator
Event: 34.901 Loading class java/util/TreeMap$NavigableSubMap$SubMapIterator
Event: 34.901 Loading class java/util/TreeMap$NavigableSubMap$SubMapIterator done
Event: 34.901 Loading class java/util/TreeMap$NavigableSubMap$DescendingSubMapEntryIterator done
Event: 34.903 Loading class com/sun/org/apache/xerces/internal/dom/DeepNodeListImpl
Event: 34.903 Loading class com/sun/org/apache/xerces/internal/dom/DeepNodeListImpl done
Event: 35.394 Loading class java/nio/channels/Channels$WritableByteChannelImpl
Event: 35.394 Loading class java/nio/channels/Channels$WritableByteChannelImpl done
Event: 35.395 Loading class java/util/Collections$UnmodifiableSortedMap
Event: 35.395 Loading class java/util/Collections$UnmodifiableSortedMap done
Event: 35.454 Loading class java/util/concurrent/Executors$DelegatedScheduledExecutorService
Event: 35.454 Loading class java/util/concurrent/Executors$DelegatedExecutorService
Event: 35.454 Loading class java/util/concurrent/Executors$DelegatedExecutorService done
Event: 35.454 Loading class java/util/concurrent/Executors$DelegatedScheduledExecutorService done
Event: 35.712 Loading class java/util/concurrent/ForkJoinPool$DefaultForkJoinWorkerThreadFactory$1
Event: 35.712 Loading class java/util/concurrent/ForkJoinPool$DefaultForkJoinWorkerThreadFactory$1 done

Classes unloaded (20 events):
Event: 35.370 Thread 0x000001ecad277550 Unloading class 0x000001ecb0445000 'java/lang/invoke/LambdaForm$DMH+0x000001ecb0445000'
Event: 35.370 Thread 0x000001ecad277550 Unloading class 0x000001ecb0444800 'java/lang/invoke/LambdaForm$DMH+0x000001ecb0444800'
Event: 35.370 Thread 0x000001ecad277550 Unloading class 0x000001ecb0444000 'java/lang/invoke/LambdaForm$DMH+0x000001ecb0444000'
Event: 35.370 Thread 0x000001ecad277550 Unloading class 0x000001ecb0444c00 'java/lang/invoke/LambdaForm$DMH+0x000001ecb0444c00'
Event: 35.370 Thread 0x000001ecad277550 Unloading class 0x000001ecb0422000 'java/lang/invoke/LambdaForm$DMH+0x000001ecb0422000'
Event: 35.370 Thread 0x000001ecad277550 Unloading class 0x000001ecb0420800 'java/lang/invoke/LambdaForm$DMH+0x000001ecb0420800'
Event: 35.370 Thread 0x000001ecad277550 Unloading class 0x000001ecb0421400 'java/lang/invoke/LambdaForm$DMH+0x000001ecb0421400'
Event: 35.370 Thread 0x000001ecad277550 Unloading class 0x000001ecb0421800 'java/lang/invoke/LambdaForm$DMH+0x000001ecb0421800'
Event: 35.370 Thread 0x000001ecad277550 Unloading class 0x000001ecb0421000 'java/lang/invoke/LambdaForm$DMH+0x000001ecb0421000'
Event: 35.370 Thread 0x000001ecad277550 Unloading class 0x000001ecb0420c00 'java/lang/invoke/LambdaForm$DMH+0x000001ecb0420c00'
Event: 35.370 Thread 0x000001ecad277550 Unloading class 0x000001ecb0421c00 'java/lang/invoke/LambdaForm$DMH+0x000001ecb0421c00'
Event: 35.370 Thread 0x000001ecad277550 Unloading class 0x000001ecb0420400 'java/lang/invoke/LambdaForm$DMH+0x000001ecb0420400'
Event: 35.370 Thread 0x000001ecad277550 Unloading class 0x000001ecb03d5800 'java/lang/invoke/LambdaForm$DMH+0x000001ecb03d5800'
Event: 35.370 Thread 0x000001ecad277550 Unloading class 0x000001ecb03d5400 'java/lang/invoke/LambdaForm$DMH+0x000001ecb03d5400'
Event: 35.370 Thread 0x000001ecad277550 Unloading class 0x000001ecb03d5c00 'java/lang/invoke/LambdaForm$DMH+0x000001ecb03d5c00'
Event: 35.370 Thread 0x000001ecad277550 Unloading class 0x000001ecb03d6000 'java/lang/invoke/LambdaForm$DMH+0x000001ecb03d6000'
Event: 35.370 Thread 0x000001ecad277550 Unloading class 0x000001ecb03d5000 'java/lang/invoke/LambdaForm$DMH+0x000001ecb03d5000'
Event: 35.370 Thread 0x000001ecad277550 Unloading class 0x000001ecb03d4c00 'java/lang/invoke/LambdaForm$DMH+0x000001ecb03d4c00'
Event: 35.370 Thread 0x000001ecad277550 Unloading class 0x000001ecb03d4800 'java/lang/invoke/LambdaForm$DMH+0x000001ecb03d4800'
Event: 35.370 Thread 0x000001ecad277550 Unloading class 0x000001ecb03d4400 'java/lang/invoke/LambdaForm$DMH+0x000001ecb03d4400'

Classes redefined (0 events):
No events

Internal exceptions (20 events):
Event: 35.366 Thread 0x000001ec843da1c0 Exception <a 'sun/nio/fs/WindowsException'{0x0000000094254b20}> (0x0000000094254b20) 
thrown [s\src\hotspot\share\prims\jni.cpp, line 531]
Event: 35.366 Thread 0x000001ec843da1c0 Exception <a 'sun/nio/fs/WindowsException'{0x00000000942568f8}> (0x00000000942568f8) 
thrown [s\src\hotspot\share\prims\jni.cpp, line 531]
Event: 35.384 Thread 0x000001ecfba3d000 Exception <a 'sun/nio/fs/WindowsException'{0x0000000094fcb0a0}> (0x0000000094fcb0a0) 
thrown [s\src\hotspot\share\prims\jni.cpp, line 531]
Event: 35.388 Thread 0x000001ecfba3a780 Exception <a 'sun/nio/fs/WindowsException'{0x0000000094e59660}> (0x0000000094e59660) 
thrown [s\src\hotspot\share\prims\jni.cpp, line 531]
Event: 35.394 Thread 0x000001ecfba3a780 Exception <a 'sun/nio/fs/WindowsException'{0x0000000094dac230}> (0x0000000094dac230) 
thrown [s\src\hotspot\share\prims\jni.cpp, line 531]
Event: 35.416 Thread 0x000001ecf6020670 Exception <a 'sun/nio/fs/WindowsException'{0x0000000093d50ee8}> (0x0000000093d50ee8) 
thrown [s\src\hotspot\share\prims\jni.cpp, line 531]
Event: 35.416 Thread 0x000001ecf6020670 Exception <a 'sun/nio/fs/WindowsException'{0x0000000093d52078}> (0x0000000093d52078) 
thrown [s\src\hotspot\share\prims\jni.cpp, line 531]
Event: 35.416 Thread 0x000001ecf6020670 Exception <a 'sun/nio/fs/WindowsException'{0x0000000093d52228}> (0x0000000093d52228) 
thrown [s\src\hotspot\share\prims\jni.cpp, line 531]
Event: 35.416 Thread 0x000001ecf6020670 Exception <a 'sun/nio/fs/WindowsException'{0x0000000093d53618}> (0x0000000093d53618) 
thrown [s\src\hotspot\share\prims\jni.cpp, line 531]
Event: 35.416 Thread 0x000001ecf6020670 Exception <a 'sun/nio/fs/WindowsException'{0x0000000093d54788}> (0x0000000093d54788) 
thrown [s\src\hotspot\share\prims\jni.cpp, line 531]
Event: 35.416 Thread 0x000001ecf6020670 Exception <a 'sun/nio/fs/WindowsException'{0x0000000093d54918}> (0x0000000093d54918) 
thrown [s\src\hotspot\share\prims\jni.cpp, line 531]
Event: 35.416 Thread 0x000001ecf6020670 Exception <a 'sun/nio/fs/WindowsException'{0x0000000093d55cd0}> (0x0000000093d55cd0) 
thrown [s\src\hotspot\share\prims\jni.cpp, line 531]
Event: 35.416 Thread 0x000001ecf6020670 Exception <a 'sun/nio/fs/WindowsException'{0x0000000093d56e58}> (0x0000000093d56e58) 
thrown [s\src\hotspot\share\prims\jni.cpp, line 531]
Event: 35.416 Thread 0x000001ecf6020670 Exception <a 'sun/nio/fs/WindowsException'{0x0000000093d57000}> (0x0000000093d57000) 
thrown [s\src\hotspot\share\prims\jni.cpp, line 531]
Event: 35.416 Thread 0x000001ecf6020670 Exception <a 'sun/nio/fs/WindowsException'{0x0000000093d9f7e0}> (0x0000000093d9f7e0) 
thrown [s\src\hotspot\share\prims\jni.cpp, line 531]
Event: 35.417 Thread 0x000001ecf6020670 Exception <a 'sun/nio/fs/WindowsException'{0x0000000093da0938}> (0x0000000093da0938) 
thrown [s\src\hotspot\share\prims\jni.cpp, line 531]
Event: 35.417 Thread 0x000001ecf6020670 Exception <a 'sun/nio/fs/WindowsException'{0x0000000093da0ab0}> (0x0000000093da0ab0) 
thrown [s\src\hotspot\share\prims\jni.cpp, line 531]
Event: 35.417 Thread 0x000001ecf6020670 Exception <a 'sun/nio/fs/WindowsException'{0x0000000093da1e20}> (0x0000000093da1e20) 
thrown [s\src\hotspot\share\prims\jni.cpp, line 531]
Event: 35.422 Thread 0x000001ecf6020670 Exception <a 'java/lang/NoSuchMethodError'{0x0000000093ba7fd8}: static Lcom/android/builder/internal/aapt/AaptOptions;.<clinit>()V> (0x0000000093ba7fd8) 
thrown [s\src\hotspot\share\prims\jni.cpp, line 1127]
Event: 35.423 Thread 0x000001ecf6020670 Exception <a 'java/lang/NoSuchMethodError'{0x0000000093bbee08}: static Ljava/lang/Object;.<clinit>()V> (0x0000000093bbee08) 
thrown [s\src\hotspot\share\prims\jni.cpp, line 1127]

VM Operations (20 events):
Event: 35.571 Executing VM operation: G1TryInitiateConcMark done
Event: 35.610 Executing VM operation: G1PauseRemark
Event: 35.614 Executing VM operation: G1PauseRemark done
Event: 35.633 Executing VM operation: G1PauseCleanup
Event: 35.633 Executing VM operation: G1PauseCleanup done
Event: 35.684 Executing VM operation: G1CollectForAllocation
Event: 35.690 Executing VM operation: G1CollectForAllocation done
Event: 35.719 Executing VM operation: G1CollectForAllocation
Event: 36.592 Executing VM operation: G1CollectForAllocation done
Event: 36.614 Executing VM operation: HandshakeAllThreads
Event: 36.614 Executing VM operation: HandshakeAllThreads done
Event: 36.637 Executing VM operation: HandshakeAllThreads
Event: 36.637 Executing VM operation: HandshakeAllThreads done
Event: 36.640 Executing VM operation: G1CollectForAllocation
Event: 36.648 Executing VM operation: G1CollectForAllocation done
Event: 36.688 Executing VM operation: G1CollectForAllocation
Event: 36.695 Executing VM operation: G1CollectForAllocation done
Event: 36.743 Executing VM operation: G1CollectForAllocation
Event: 36.751 Executing VM operation: G1CollectForAllocation done
Event: 36.800 Executing VM operation: G1CollectForAllocation

Memory protections (0 events):
No events

Nmethod flushes (20 events):
Event: 21.676 Thread 0x000001ecad80f4d0 flushing  nmethod 0x000001ec97e73a90
Event: 35.286 Thread 0x000001ecad80f4d0 flushing  nmethod 0x000001ec9d528e90
Event: 35.286 Thread 0x000001ecad80f4d0 flushing  nmethod 0x000001ec9d529710
Event: 35.286 Thread 0x000001ecad80f4d0 flushing  nmethod 0x000001ec9d5d4210
Event: 35.287 Thread 0x000001ecad80f4d0 flushing  nmethod 0x000001ec9d71d410
Event: 35.288 Thread 0x000001ecad80f4d0 flushing  nmethod 0x000001ec9db18790
Event: 35.288 Thread 0x000001ecad80f4d0 flushing  nmethod 0x000001ec9dc45910
Event: 35.288 Thread 0x000001ecad80f4d0 flushing  nmethod 0x000001ec9dc86810
Event: 35.288 Thread 0x000001ecad80f4d0 flushing  nmethod 0x000001ec9dc8f290
Event: 35.288 Thread 0x000001ecad80f4d0 flushing  nmethod 0x000001ec9dd8f910
Event: 35.289 Thread 0x000001ecad80f4d0 flushing  nmethod 0x000001ec956cb390
Event: 35.290 Thread 0x000001ecad80f4d0 flushing  nmethod 0x000001ec958b2210
Event: 35.290 Thread 0x000001ecad80f4d0 flushing  nmethod 0x000001ec95a70790
Event: 35.290 Thread 0x000001ecad80f4d0 flushing  nmethod 0x000001ec95a7ce10
Event: 35.295 Thread 0x000001ecad80f4d0 flushing  nmethod 0x000001ec965f7690
Event: 35.299 Thread 0x000001ecad80f4d0 flushing  nmethod 0x000001ec96e65b10
Event: 35.299 Thread 0x000001ecad80f4d0 flushing  nmethod 0x000001ec96ebe210
Event: 35.299 Thread 0x000001ecad80f4d0 flushing  nmethod 0x000001ec96ebe810
Event: 35.301 Thread 0x000001ecad80f4d0 flushing  nmethod 0x000001ec97469090
Event: 35.306 Thread 0x000001ecad80f4d0 flushing  nmethod 0x000001ec97e86290

Events (20 events):
Event: 35.712 Thread 0x000001ecad8bc310 Thread added: 0x000001ecfe68a2f0
Event: 35.713 Thread 0x000001ecfe68a2f0 Thread added: 0x000001ecfe88f8f0
Event: 35.713 Thread 0x000001ecfe88f8f0 Thread added: 0x000001ecf43535d0
Event: 35.713 Thread 0x000001ecf43535d0 Thread added: 0x000001ecf5c86fa0
Event: 35.713 Thread 0x000001ecf5c86fa0 Thread added: 0x000001ecfe007490
Event: 35.714 Thread 0x000001ecfe007490 Thread added: 0x000001ecfc10eff0
Event: 35.714 Thread 0x000001ecfc10eff0 Thread added: 0x000001ecfe0092f0
Event: 35.714 Thread 0x000001ecfe0092f0 Thread added: 0x000001ecfe689de0
Event: 35.714 Thread 0x000001ecfe689de0 Thread added: 0x000001ecf729fc80
Event: 35.714 Thread 0x000001ecf729fc80 Thread added: 0x000001ecfb0e1c70
Event: 35.715 Thread 0x000001ecfb0e1c70 Thread added: 0x000001ecfbba1fc0
Event: 35.715 Thread 0x000001ecfbba1fc0 Thread added: 0x000001ecfba3b1a0
Event: 35.715 Thread 0x000001ecfba3b1a0 Thread added: 0x000001ecf60ff040
Event: 35.715 Thread 0x000001ecf60ff040 Thread added: 0x000001ecf78fedc0
Event: 35.715 Thread 0x000001ecf78fedc0 Thread added: 0x000001ecf8cf4730
Event: 35.716 Thread 0x000001ecf8cf4730 Thread added: 0x000001ecf6021ab0
Event: 35.716 Thread 0x000001ecf6021ab0 Thread added: 0x000001ecfba3ee60
Event: 35.716 Thread 0x000001ecfba3ee60 Thread added: 0x000001ecf8bfd040
Event: 35.716 Thread 0x000001ecf8bfd040 Thread added: 0x000001ecf5c89820
Event: 35.717 Thread 0x000001ecf5c89820 Thread added: 0x000001ecfbba2ef0


Dynamic libraries:
0x00007ff682a10000 - 0x00007ff682a1a000 	C:\Users\Wire\.jdks\jbr-17.0.14\bin\java.exe
0x00007ff995760000 - 0x00007ff9959c6000 	C:\WINDOWS\SYSTEM32\ntdll.dll
0x00007ff994360000 - 0x00007ff994429000 	C:\WINDOWS\System32\KERNEL32.DLL
0x00007ff992980000 - 0x00007ff992d7e000 	C:\WINDOWS\System32\KERNELBASE.dll
0x00007ff9931c0000 - 0x00007ff99330c000 	C:\WINDOWS\System32\ucrtbase.dll
0x00007ff9711e0000 - 0x00007ff9711f7000 	C:\Users\Wire\.jdks\jbr-17.0.14\bin\jli.dll
0x00007ff994650000 - 0x00007ff994817000 	C:\WINDOWS\System32\USER32.dll
0x00007ff993190000 - 0x00007ff9931b7000 	C:\WINDOWS\System32\win32u.dll
0x00007ff993590000 - 0x00007ff9935bb000 	C:\WINDOWS\System32\GDI32.dll
0x00007ff992d90000 - 0x00007ff992eba000 	C:\WINDOWS\System32\gdi32full.dll
0x00007ff9933e0000 - 0x00007ff993483000 	C:\WINDOWS\System32\msvcp_win.dll
0x00007ff95ed00000 - 0x00007ff95ed1b000 	C:\Users\Wire\.jdks\jbr-17.0.14\bin\VCRUNTIME140.dll
0x00007ff979b90000 - 0x00007ff979e22000 	C:\WINDOWS\WinSxS\amd64_microsoft.windows.common-controls_6595b64144ccf1df_6.0.26100.8875_none_3e0d5d42e32fe9dd\COMCTL32.dll
0x00007ff993c20000 - 0x00007ff993cc9000 	C:\WINDOWS\System32\msvcrt.dll
0x00007ff995650000 - 0x00007ff995682000 	C:\WINDOWS\System32\IMM32.DLL
0x00007ff974390000 - 0x00007ff97439c000 	C:\Users\Wire\.jdks\jbr-17.0.14\bin\vcruntime140_1.dll
0x00007ff95df90000 - 0x00007ff95e01d000 	C:\Users\Wire\.jdks\jbr-17.0.14\bin\msvcp140.dll
0x00007ff877270000 - 0x00007ff877efe000 	C:\Users\Wire\.jdks\jbr-17.0.14\bin\server\jvm.dll
0x00007ff995350000 - 0x00007ff995407000 	C:\WINDOWS\System32\ADVAPI32.dll
0x00007ff994fc0000 - 0x00007ff99506a000 	C:\WINDOWS\System32\sechost.dll
0x00007ff9944b0000 - 0x00007ff9945c8000 	C:\WINDOWS\System32\RPCRT4.dll
0x00007ff9952c0000 - 0x00007ff995340000 	C:\WINDOWS\System32\WS2_32.dll
0x00007ff9927e0000 - 0x00007ff99283e000 	C:\WINDOWS\SYSTEM32\POWRPROF.dll
0x00007ff983720000 - 0x00007ff983756000 	C:\WINDOWS\SYSTEM32\WINMM.dll
0x00007ff98bd30000 - 0x00007ff98bd3b000 	C:\WINDOWS\SYSTEM32\VERSION.dll
0x00007ff9927c0000 - 0x00007ff9927d4000 	C:\WINDOWS\SYSTEM32\UMPDC.dll
0x00007ff991620000 - 0x00007ff99163b000 	C:\WINDOWS\SYSTEM32\kernel.appcore.dll
0x00007ff9742f0000 - 0x00007ff9742fa000 	C:\Users\Wire\.jdks\jbr-17.0.14\bin\jimage.dll
0x00007ff980eb0000 - 0x00007ff9810f2000 	C:\WINDOWS\SYSTEM32\DBGHELP.DLL
0x00007ff993860000 - 0x00007ff993be3000 	C:\WINDOWS\System32\combase.dll
0x00007ff9935c0000 - 0x00007ff993699000 	C:\WINDOWS\System32\OLEAUT32.dll
0x00007ff972710000 - 0x00007ff97274b000 	C:\WINDOWS\SYSTEM32\dbgcore.DLL
0x00007ff992ec0000 - 0x00007ff992f6c000 	C:\WINDOWS\System32\bcryptPrimitives.dll
0x00007ff971370000 - 0x00007ff97137e000 	C:\Users\Wire\.jdks\jbr-17.0.14\bin\instrument.dll
0x00007ff95ea60000 - 0x00007ff95ea85000 	C:\Users\Wire\.jdks\jbr-17.0.14\bin\java.dll
0x00007ff95d7f0000 - 0x00007ff95d8c7000 	C:\Users\Wire\.jdks\jbr-17.0.14\bin\jsvml.dll
0x00007ff994820000 - 0x00007ff994fb2000 	C:\WINDOWS\System32\SHELL32.dll
0x00007ff990430000 - 0x00007ff990cc2000 	C:\WINDOWS\SYSTEM32\windows.storage.dll
0x00007ff993490000 - 0x00007ff993587000 	C:\WINDOWS\System32\SHCORE.dll
0x00007ff994430000 - 0x00007ff994497000 	C:\WINDOWS\System32\shlwapi.dll
0x00007ff9928a0000 - 0x00007ff9928c9000 	C:\WINDOWS\SYSTEM32\profapi.dll
0x00007ff95eca0000 - 0x00007ff95ecb8000 	C:\Users\Wire\.jdks\jbr-17.0.14\bin\zip.dll
0x00007ff95ebc0000 - 0x00007ff95ebd9000 	C:\Users\Wire\.jdks\jbr-17.0.14\bin\net.dll
0x00007ff98b910000 - 0x00007ff98ba37000 	C:\WINDOWS\SYSTEM32\WINHTTP.dll
0x00007ff991bd0000 - 0x00007ff991c3c000 	C:\WINDOWS\system32\mswsock.dll
0x00007ff95e350000 - 0x00007ff95e366000 	C:\Users\Wire\.jdks\jbr-17.0.14\bin\nio.dll
0x00007ff971230000 - 0x00007ff971240000 	C:\Users\Wire\.jdks\jbr-17.0.14\bin\verify.dll
0x00007ff95df40000 - 0x00007ff95df67000 	C:\Users\Wire\.gradle\native\1def1411415f61bf3af743bc5b6707747c0891f09f0c88961ee8f79bc544acac\windows-amd64\native-platform.dll
0x00007ff95dc80000 - 0x00007ff95dcf8000 	C:\Users\Wire\.gradle\native\0.2.7\x86_64-windows-gnu\gradle-fileevents.dll
0x00007ff9710e0000 - 0x00007ff9710e9000 	C:\Users\Wire\.jdks\jbr-17.0.14\bin\management.dll
0x00007ff95ead0000 - 0x00007ff95eadb000 	C:\Users\Wire\.jdks\jbr-17.0.14\bin\management_ext.dll
0x00007ff993850000 - 0x00007ff993858000 	C:\WINDOWS\System32\PSAPI.DLL
0x00007ff991000000 - 0x00007ff991033000 	C:\WINDOWS\SYSTEM32\IPHLPAPI.DLL
0x00007ff995640000 - 0x00007ff99564a000 	C:\WINDOWS\System32\NSI.dll
0x00007ff98bd40000 - 0x00007ff98bd5d000 	C:\WINDOWS\SYSTEM32\dhcpcsvc6.DLL
0x00007ff98b1c0000 - 0x00007ff98b1e5000 	C:\WINDOWS\SYSTEM32\dhcpcsvc.DLL
0x00007ff991040000 - 0x00007ff991196000 	C:\WINDOWS\SYSTEM32\DNSAPI.dll
0x00007ff9919b0000 - 0x00007ff9919bd000 	C:\WINDOWS\SYSTEM32\DSPARSE.dll
0x00007ff95ea50000 - 0x00007ff95ea59000 	C:\Users\Wire\.jdks\jbr-17.0.14\bin\extnet.dll
0x00007ff991ef0000 - 0x00007ff991f0b000 	C:\WINDOWS\SYSTEM32\CRYPTSP.dll
0x00007ff991580000 - 0x00007ff9915b9000 	C:\WINDOWS\system32\rsaenh.dll
0x00007ff991c90000 - 0x00007ff991cc2000 	C:\WINDOWS\SYSTEM32\USERENV.dll
0x00007ff992870000 - 0x00007ff99289a000 	C:\WINDOWS\SYSTEM32\bcrypt.dll
0x00007ff991ed0000 - 0x00007ff991edc000 	C:\WINDOWS\SYSTEM32\CRYPTBASE.dll
0x00007ff95e340000 - 0x00007ff95e34e000 	C:\Users\Wire\.jdks\jbr-17.0.14\bin\sunmscapi.dll
0x00007ff992f80000 - 0x00007ff9930f8000 	C:\WINDOWS\System32\CRYPT32.dll
0x00007ff992150000 - 0x00007ff992180000 	C:\WINDOWS\SYSTEM32\ncrypt.dll
0x00007ff992100000 - 0x00007ff99213f000 	C:\WINDOWS\SYSTEM32\NTASN1.dll
0x00007ff96d160000 - 0x00007ff96d168000 	C:\WINDOWS\system32\wshunix.dll
0x00007ff98a4c0000 - 0x00007ff98a4cb000 	C:\Windows\System32\rasadhlp.dll
0x00007ff98a640000 - 0x00007ff98a6c6000 	C:\WINDOWS\System32\fwpuclnt.dll
0x00007ff96d660000 - 0x00007ff96d678000 	C:\WINDOWS\system32\napinsp.dll
0x00007ff96d5d0000 - 0x00007ff96d5e3000 	C:\WINDOWS\System32\winrnr.dll
0x00007ff96d570000 - 0x00007ff96d592000 	C:\WINDOWS\system32\nlansp_c.dll
0x00007ff96d4f0000 - 0x00007ff96d506000 	C:\WINDOWS\system32\wshbth.dll
0x00007ff95df80000 - 0x00007ff95df87000 	C:\Users\Wire\.jdks\jbr-17.0.14\bin\rmi.dll

dbghelp: loaded successfully - version: 4.0.5 - missing functions: none
symbol engine: initialized successfully - sym options: 0x614 - pdb path: .;C:\Users\Wire\.jdks\jbr-17.0.14\bin;C:\WINDOWS\SYSTEM32;C:\WINDOWS\WinSxS\amd64_microsoft.windows.common-controls_6595b64144ccf1df_6.0.26100.8875_none_3e0d5d42e32fe9dd;C:\Users\Wire\.jdks\jbr-17.0.14\bin\server;C:\Users\Wire\.gradle\native\1def1411415f61bf3af743bc5b6707747c0891f09f0c88961ee8f79bc544acac\windows-amd64;C:\Users\Wire\.gradle\native\0.2.7\x86_64-windows-gnu

VM Arguments:
jvm_args: --add-opens=java.base/java.lang=ALL-UNNAMED --add-opens=java.base/java.lang.invoke=ALL-UNNAMED --add-opens=java.base/java.util=ALL-UNNAMED --add-opens=java.prefs/java.util.prefs=ALL-UNNAMED --add-exports=jdk.compiler/com.sun.tools.javac.api=ALL-UNNAMED --add-exports=jdk.compiler/com.sun.tools.javac.util=ALL-UNNAMED --add-opens=java.base/java.util=ALL-UNNAMED --add-opens=java.prefs/java.util.prefs=ALL-UNNAMED --add-opens=java.base/java.nio.charset=ALL-UNNAMED --add-opens=java.base/java.net=ALL-UNNAMED --add-opens=java.base/java.util.concurrent.atomic=ALL-UNNAMED --add-opens=java.xml/javax.xml.namespace=ALL-UNNAMED -Xmx2048m -Dfile.encoding=UTF-8 -Duser.country=US -Duser.language=en -Duser.variant -javaagent:C:\Users\Wire\.gradle\wrapper\dists\gradle-8.13-bin\5xuhj0ry160q40clulazy9h7d\gradle-8.13\lib\agents\gradle-instrumentation-agent-8.13.jar 
java_command: org.gradle.launcher.daemon.bootstrap.GradleDaemon 8.13
java_class_path (initial): C:\Users\Wire\.gradle\wrapper\dists\gradle-8.13-bin\5xuhj0ry160q40clulazy9h7d\gradle-8.13\lib\gradle-daemon-main-8.13.jar
Launcher Type: SUN_STANDARD

[Global flags]
     intx CICompilerCount                          = 12                                        {product} {ergonomic}
     uint ConcGCThreads                            = 5                                         {product} {ergonomic}
     uint G1ConcRefinementThreads                  = 18                                        {product} {ergonomic}
   size_t G1HeapRegionSize                         = 1048576                                   {product} {ergonomic}
    uintx GCDrainStackTargetSize                   = 64                                        {product} {ergonomic}
   size_t InitialHeapSize                          = 536870912                                 {product} {ergonomic}
   size_t MarkStackSize                            = 4194304                                   {product} {ergonomic}
   size_t MaxHeapSize                              = 2147483648                                {product} {command line}
   size_t MaxNewSize                               = 1287651328                                {product} {ergonomic}
   size_t MinHeapDeltaBytes                        = 1048576                                   {product} {ergonomic}
   size_t MinHeapSize                              = 8388608                                   {product} {ergonomic}
    uintx NonNMethodCodeHeapSize                   = 7602480                                {pd product} {ergonomic}
    uintx NonProfiledCodeHeapSize                  = 122027880                              {pd product} {ergonomic}
    uintx ProfiledCodeHeapSize                     = 122027880                              {pd product} {ergonomic}
    uintx ReservedCodeCacheSize                    = 251658240                              {pd product} {ergonomic}
     bool SegmentedCodeCache                       = true                                      {product} {ergonomic}
   size_t SoftMaxHeapSize                          = 2147483648                             {manageable} {ergonomic}
     bool UseCompressedClassPointers               = true                           {product lp64_product} {ergonomic}
     bool UseCompressedOops                        = true                           {product lp64_product} {ergonomic}
     bool UseG1GC                                  = true                                      {product} {ergonomic}
     bool UseLargePagesIndividualAllocation        = false                                  {pd product} {ergonomic}

Logging:
Log output configuration:
 #0: stdout all=warning uptime,level,tags
 #1: stderr all=off uptime,level,tags

Environment Variables:
PATH=C:\Program Files (x86)\VMware\VMware Player\bin\;c:\windows\system32;c:\windows;c:\windows\system32\wbem;c:\windows\system32\windowspowershell\v1.0\;c:\windows\system32\openssh\;c:\program files\putty\;c:\program files\dotnet\;C:\WINDOWS\system32;C:\WINDOWS;C:\WINDOWS\System32\Wbem;C:\WINDOWS\System32\WindowsPowerShell\v1.0\;C:\WINDOWS\System32\OpenSSH\;C:\Program Files\WireGuard\;C:\Program Files (x86)\NVIDIA Corporation\PhysX\Common;C:\Program Files\Go\bin;C:\Program Files\Git\cmd;C:\Program Files\Microsoft SQL Server\170\DTS\Binn\;C:\Users\Wire\AppData\Local\Microsoft\WindowsApps;C:\Users\Wire\AppData\Local\Programs\Microsoft VS Code\bin;C:\Users\Wire\AppData\Local\Microsoft\WinGet\Packages\SQLite.SQLite_Microsoft.Winget.Source_8wekyb3d8bbwe;C:\Users\Wire\.dotnet\tools;C:\Users\Wire\go\bin;
USERNAME=Wire
OS=Windows_NT
PROCESSOR_IDENTIFIER=AMD64 Family 25 Model 33 Stepping 2, AuthenticAMD
TMP=C:\Users\Wire\AppData\Local\Temp
TEMP=C:\Users\Wire\AppData\Local\Temp



Periodic native trim disabled

JNI global refs:
JNI global refs: 43, weak refs: 21

JNI global refs memory usage: 843, weak refs: 841

Process memory usage:
Resident Set Size: 1005512K (3% of 33460476K total physical memory with 9531372K free physical memory)

OOME stack traces (most recent first):
Classloader memory used:
Loader org.gradle.internal.classloader.VisitableURLClassLoader$InstrumentingVisitableURLClassLoader: 7585K
Loader org.gradle.internal.classloader.VisitableURLClassLoader                         : 5901K
Loader bootstrap                                                                       : 2747K
Loader org.gradle.initialization.MixInLegacyTypesClassLoader                           : 1644K
Loader jdk.internal.loader.ClassLoaders$AppClassLoader                                 : 942K
Loader java.net.URLClassLoader                                                         : 256K
Loader jdk.internal.reflect.DelegatingClassLoader                                      : 198K
Loader jdk.internal.loader.ClassLoaders$PlatformClassLoader                            : 131K
Loader org.gradle.groovy.scripts.internal.DefaultScriptCompilationHandler$ScriptClassLoader: 36741B
Loader org.codehaus.groovy.runtime.callsite.CallSiteClassLoader                        : 4996B
Loader sun.reflect.misc.MethodUtil                                                     : 373B

Classes loaded by more than one classloader:
Class kotlin.io.CloseableKt                                                           : loaded 2 times (x 69B)
Class com.google.common.reflect.TypeCapture                                           : loaded 2 times (x 69B)
Class org.gradle.internal.installation.GradleInstallation                             : loaded 2 times (x 73B)
Class com.google.common.collect.Iterators$MergingIterator                             : loaded 2 times (x 79B)
Class kotlin.collections.AbstractList                                                 : loaded 2 times (x 157B)
Class kotlin.collections.AbstractCollection                                           : loaded 2 times (x 115B)
Class kotlin.collections.ArraysKt__ArraysJVMKt                                        : loaded 2 times (x 69B)
Class ijJvmDebugger1_2ji4yvz2nymw9ft1udyqzkuam$_run_closure1                          : loaded 2 times (x 137B)
Class org.objectweb.asm.ModuleVisitor                                                 : loaded 2 times (x 79B)
Class com.google.common.io.ByteSource                                                 : loaded 2 times (x 82B)
Class com.google.common.collect.Maps$IteratorBasedAbstractMap$1                       : loaded 2 times (x 136B)
Class kotlin.collections.CollectionsKt__IterablesKt                                   : loaded 2 times (x 69B)
Class [Lcom.google.common.collect.AbstractMapEntry;                                   : loaded 2 times (x 67B)
Class com.google.common.io.AppendableWriter                                           : loaded 2 times (x 98B)
Class com.google.common.collect.ImmutableRangeSet$AsSet                               : loaded 2 times (x 234B)
Class com.google.common.collect.SingletonImmutableList                                : loaded 2 times (x 167B)
Class com.google.common.cache.CacheLoader$SupplierToCacheLoader                       : loaded 2 times (x 73B)
Class org.gradle.internal.classpath.ClassPath                                         : loaded 2 times (x 68B)
Class com.google.common.io.FileWriteMode                                              : loaded 2 times (x 77B)
Class com.google.common.cache.RemovalListener                                         : loaded 2 times (x 68B)
Class org.gradle.api.internal.classpath.DefaultModuleRegistry                         : loaded 2 times (x 84B)
Class com.google.common.collect.FluentIterable$1                                      : loaded 2 times (x 79B)
Class com.google.common.collect.ImmutableBiMap$SerializedForm                         : loaded 2 times (x 73B)
Class com.google.common.collect.FluentIterable$2                                      : loaded 2 times (x 79B)
Class com.google.common.collect.FluentIterable$3                                      : loaded 2 times (x 79B)
Class com.google.common.collect.ImmutableEnumSet                                      : loaded 2 times (x 144B)
Class com.google.common.collect.ListMultimap                                          : loaded 2 times (x 68B)
Class com.google.common.collect.AbstractMultimap                                      : loaded 2 times (x 121B)
Class kotlin.io.FilesKt__FilePathComponentsKt                                         : loaded 2 times (x 69B)
Class kotlin.text.StringsKt__RegexExtensionsJVMKt                                     : loaded 2 times (x 69B)
Class kotlin.enums.EnumEntries                                                        : loaded 2 times (x 68B)
Class com.google.common.cache.CacheBuilder$OneWeigher                                 : loaded 2 times (x 80B)
Class org.gradle.api.Action                                                           : loaded 2 times (x 68B)
Class com.google.common.collect.ImmutableBiMap$Builder                                : loaded 2 times (x 80B)
Class kotlin.ranges.RangesKt                                                          : loaded 2 times (x 69B)
Class kotlin.enums.EnumEntriesKt                                                      : loaded 2 times (x 69B)
Class com.google.common.collect.Lists$StringAsImmutableList                           : loaded 2 times (x 167B)
Class com.google.common.collect.ImmutableEntry                                        : loaded 2 times (x 80B)
Class com.google.common.collect.ImmutableMap$SerializedForm                           : loaded 2 times (x 71B)
Class kotlin.text.StringsKt__AppendableKt                                             : loaded 2 times (x 69B)
Class com.google.common.cache.LocalCache$StrongEntry                                  : loaded 2 times (x 106B)
Class org.objectweb.asm.FieldWriter                                                   : loaded 2 times (x 76B)
Class kotlin.jvm.internal.CallableReference$NoReceiver                                : loaded 2 times (x 69B)
Class com.google.common.base.CharMatcher                                              : loaded 2 times (x 109B)
Class com.google.common.base.CharMatcher$IsNot                                        : loaded 2 times (x 109B)
Class com.google.common.collect.RegularImmutableSortedSet                             : loaded 2 times (x 234B)
Class com.google.common.collect.Maps$IteratorBasedAbstractMap                         : loaded 2 times (x 123B)
Class com.google.common.base.Splitter                                                 : loaded 2 times (x 70B)
Class [Lcom.google.common.cache.Weigher;                                              : loaded 2 times (x 67B)
Class com.google.common.collect.Iterators$ArrayItr                                    : loaded 2 times (x 95B)
Class com.google.common.cache.LocalCache$Segment                                      : loaded 2 times (x 152B)
Class org.gradle.api.internal.DefaultClassPathProvider                                : loaded 2 times (x 74B)
Class org.gradle.internal.installation.GradleInstallation$1                           : loaded 2 times (x 73B)
Class com.google.common.cache.LocalCache$AbstractReferenceEntry                       : loaded 2 times (x 105B)
Class org.objectweb.asm.Type                                                          : loaded 2 times (x 70B)
Class com.google.common.util.concurrent.AbstractFuture$Failure                        : loaded 2 times (x 70B)
Class com.google.common.base.CharMatcher$BitSetMatcher                                : loaded 2 times (x 110B)
Class com.google.common.collect.ImmutableMap$IteratorBasedImmutableMap                : loaded 2 times (x 124B)
Class com.google.common.reflect.Reflection                                            : loaded 2 times (x 69B)
Class com.google.common.io.Files$FileByteSource                                       : loaded 2 times (x 83B)
Class com.google.common.collect.ImmutableMap                                          : loaded 2 times (x 118B)
Class kotlin.jvm.internal.CallableReference                                           : loaded 2 times (x 104B)
Class com.google.common.base.Converter                                                : loaded 2 times (x 88B)
Class kotlin.Lazy                                                                     : loaded 2 times (x 68B)
Class com.google.common.collect.ImmutableSet$EmptySetBuilderImpl                      : loaded 2 times (x 74B)
Class kotlin.io.FilesKt                                                               : loaded 2 times (x 69B)
Class kotlin.collections.CollectionsKt__CollectionsKt                                 : loaded 2 times (x 69B)
Class kotlin.io.FileSystemException                                                   : loaded 2 times (x 80B)
Class com.google.common.base.Equivalence                                              : loaded 2 times (x 80B)
Class com.google.common.primitives.Ints                                               : loaded 2 times (x 69B)
Class com.google.common.cache.LocalCache$EntryFactory$1                               : loaded 2 times (x 81B)
Class kotlin.collections.ArraysKt__ArraysKt                                           : loaded 2 times (x 69B)
Class com.google.common.cache.LocalCache$EntryFactory$2                               : loaded 2 times (x 81B)
Class com.google.common.collect.ImmutableSet$SerializedForm                           : loaded 2 times (x 71B)
Class com.google.common.cache.LocalCache$EntryFactory$3                               : loaded 2 times (x 81B)
Class [Lcom.google.common.collect.Maps$EntryFunction;                                 : loaded 2 times (x 67B)
Class com.google.common.cache.LocalCache$EntryFactory$4                               : loaded 2 times (x 81B)
Class com.google.common.cache.LocalCache$EntryFactory$5                               : loaded 2 times (x 81B)
Class com.google.common.cache.LocalCache$EntryFactory$6                               : loaded 2 times (x 81B)
Class com.google.common.reflect.TypeResolver$TypeVariableKey                          : loaded 2 times (x 70B)
Class com.google.common.cache.LocalCache$EntryFactory$7                               : loaded 2 times (x 81B)
Class com.google.common.cache.LocalCache$EntryFactory$8                               : loaded 2 times (x 81B)
Class kotlin.reflect.KDeclarationContainer                                            : loaded 2 times (x 68B)
Class com.google.common.base.Predicate                                                : loaded 2 times (x 68B)
Class kotlin.text.StringsKt                                                           : loaded 2 times (x 69B)
Class com.google.common.cache.LocalCache$StrongValueReference                         : loaded 2 times (x 88B)
Class org.gradle.internal.classloader.FilteringClassLoader                            : loaded 2 times (x 103B)
Class com.google.common.collect.AbstractMapBasedMultimap$WrappedCollection            : loaded 2 times (x 122B)
Class com.google.common.reflect.TypeResolver$TypeTable                                : loaded 2 times (x 71B)
Class com.google.common.reflect.Invokable$MethodInvokable                             : loaded 2 times (x 103B)
Class com.google.common.collect.RegularImmutableSet                                   : loaded 2 times (x 147B)
Class kotlin.jvm.internal.Lambda                                                      : loaded 2 times (x 73B)
Class ijJvmDebugger1_2ji4yvz2nymw9ft1udyqzkuam                                        : loaded 2 times (x 177B)
Class kotlin.reflect.KCallable                                                        : loaded 2 times (x 68B)
Class [Lcom.google.common.cache.LocalCache$Strength;                                  : loaded 2 times (x 67B)
Class org.gradle.internal.classpath.DefaultClassPath$ImmutableUniqueList$Builder      : loaded 2 times (x 73B)
Class com.google.common.collect.AbstractRangeSet                                      : loaded 2 times (x 112B)
Class kotlin.UninitializedPropertyAccessException                                     : loaded 2 times (x 80B)
Class com.google.common.collect.Maps$8                                                : loaded 2 times (x 80B)
Class com.google.common.base.PatternCompiler                                          : loaded 2 times (x 68B)
Class [Lcom.google.common.cache.CacheBuilder$NullListener;                            : loaded 2 times (x 67B)
Class com.google.common.io.CharStreams$NullWriter                                     : loaded 2 times (x 97B)
Class com.google.common.base.CharMatcher$InRange                                      : loaded 2 times (x 109B)
Class com.google.common.collect.Maps$KeySet                                           : loaded 2 times (x 135B)
Class com.google.common.collect.ImmutableMultimap$EntryCollection                     : loaded 2 times (x 126B)
Class com.google.common.collect.Sets$SetView                                          : loaded 2 times (x 136B)
Class com.google.common.collect.Lists                                                 : loaded 2 times (x 69B)
Class com.google.common.collect.BiMap                                                 : loaded 2 times (x 68B)
Class org.objectweb.asm.AnnotationWriter                                              : loaded 2 times (x 77B)
Class org.apache.commons.io.output.ThresholdingOutputStream                           : loaded 2 times (x 93B)
Class com.google.common.math.IntMath$1                                                : loaded 2 times (x 69B)
Class org.gradle.internal.classloader.ClassLoaderVisitor                              : loaded 2 times (x 74B)
Class [Lcom.google.common.collect.HashBiMap$BiEntry;                                  : loaded 2 times (x 67B)
Class org.objectweb.asm.Label                                                         : loaded 2 times (x 71B)
Class kotlin.jvm.internal.TypeIntrinsics                                              : loaded 2 times (x 69B)
Class com.google.common.cache.CacheBuilder$NullListener                               : loaded 2 times (x 80B)
Class com.google.common.collect.ImmutableMultimap                                     : loaded 2 times (x 145B)
Class org.apache.commons.io.filefilter.IOFileFilter                                   : loaded 2 times (x 68B)
Class com.google.common.math.MathPreconditions                                        : loaded 2 times (x 69B)
Class kotlin.text.StringsKt__RegexExtensionsKt                                        : loaded 2 times (x 69B)
Class org.gradle.internal.service.DefaultServiceLocator                               : loaded 2 times (x 81B)
Class kotlin.text.StringsKt__StringBuilderJVMKt                                       : loaded 2 times (x 69B)
Class org.gradle.internal.service.UnknownServiceException                             : loaded 2 times (x 81B)
Class kotlin.collections.SetsKt___SetsKt                                              : loaded 2 times (x 69B)
Class com.google.common.collect.ArrayListMultimap                                     : loaded 2 times (x 170B)
Class com.google.common.util.concurrent.AbstractFuture$SynchronizedHelper             : loaded 2 times (x 76B)
Class com.google.common.collect.Collections2$FilteredCollection                       : loaded 2 times (x 117B)
Class kotlin.text.StringsKt__StringsJVMKt                                             : loaded 2 times (x 69B)
Class com.google.common.base.Strings                                                  : loaded 2 times (x 69B)
Class com.google.common.io.Closer                                                     : loaded 2 times (x 76B)
Class com.google.common.cache.CacheLoader$InvalidCacheLoadException                   : loaded 2 times (x 80B)
Class org.gradle.internal.classloader.DefaultClassLoaderFactory                       : loaded 2 times (x 80B)
Class com.google.common.collect.UnmodifiableIterator                                  : loaded 2 times (x 78B)
Class com.google.common.base.Stopwatch                                                : loaded 2 times (x 70B)
Class com.google.common.reflect.Types                                                 : loaded 2 times (x 69B)
Class com.google.common.base.Platform$JdkPatternCompiler                              : loaded 2 times (x 73B)
Class kotlin.collections.CollectionsKt__MutableCollectionsKt                          : loaded 2 times (x 69B)
Class com.google.common.cache.LocalCache$LoadingValueReference                        : loaded 2 times (x 94B)
Class org.apache.commons.io.output.ByteArrayOutputStream                              : loaded 2 times (x 100B)
Class com.google.common.collect.Hashing                                               : loaded 2 times (x 69B)
Class com.google.common.collect.ImmutableRangeSet$ComplementRanges                    : loaded 2 times (x 167B)
Class [Lcom.google.common.reflect.Types$ClassOwnership;                               : loaded 2 times (x 67B)
Class kotlin.collections.CollectionsKt__ReversedViewsKt                               : loaded 2 times (x 69B)
Class com.google.common.base.JdkPattern                                               : loaded 2 times (x 73B)
Class com.google.common.base.Optional                                                 : loaded 2 times (x 78B)
Class com.google.common.collect.Multimap                                              : loaded 2 times (x 68B)
Class com.google.common.base.FunctionalEquivalence                                    : loaded 2 times (x 81B)
Class org.objectweb.asm.AnnotationVisitor                                             : loaded 2 times (x 76B)
Class org.objectweb.asm.RecordComponentWriter                                         : loaded 2 times (x 76B)
Class com.google.common.cache.LocalCache$1                                            : loaded 2 times (x 87B)
Class com.google.common.cache.LocalCache$2                                            : loaded 2 times (x 140B)
Class com.google.common.collect.RegularImmutableBiMap                                 : loaded 2 times (x 147B)
Class kotlin.sequences.SequencesKt__SequenceBuilderKt                                 : loaded 2 times (x 69B)
Class kotlin.text.StringsKt__StringNumberConversionsKt                                : loaded 2 times (x 69B)
Class org.gradle.internal.classloader.VisitableURLClassLoader$Spec                    : loaded 2 times (x 72B)
Class settings_8an8lvvuhe8n69gayy8h9a9jb$_run_closure1                                : loaded 2 times (x 137B)
Class org.gradle.api.GradleException                                                  : loaded 2 times (x 80B)
Class org.gradle.api.internal.classpath.ModuleRegistry                                : loaded 2 times (x 68B)
Class com.google.common.collect.ForwardingObject                                      : loaded 2 times (x 70B)
Class com.google.common.reflect.TypeToken$1                                           : loaded 2 times (x 106B)
Class com.google.common.cache.CacheBuilder                                            : loaded 2 times (x 70B)
Class com.google.common.reflect.TypeToken$2                                           : loaded 2 times (x 106B)
Class org.objectweb.asm.ByteVector                                                    : loaded 2 times (x 77B)
Class com.google.common.collect.ImmutableCollection                                   : loaded 2 times (x 123B)
Class com.google.common.collect.ImmutableRangeSet                                     : loaded 2 times (x 113B)
Class kotlin.jvm.internal.markers.KMappedMarker                                       : loaded 2 times (x 68B)
Class com.google.common.base.PairwiseEquivalence                                      : loaded 2 times (x 81B)
Class com.google.common.base.Ticker                                                   : loaded 2 times (x 70B)
Class org.gradle.api.internal.ClassPathProvider                                       : loaded 2 times (x 68B)
Class com.google.common.base.Ascii                                                    : loaded 2 times (x 69B)
Class com.google.common.collect.RegularImmutableMap$Values                            : loaded 2 times (x 167B)
Class org.objectweb.asm.ModuleWriter                                                  : loaded 2 times (x 80B)
Class org.gradle.internal.classloader.ClasspathUtil$1                                 : loaded 2 times (x 74B)
Class com.google.common.collect.ImmutableEnumMap                                      : loaded 2 times (x 124B)
Class ijJvmDebugger1_2ji4yvz2nymw9ft1udyqzkuam$_run_closure1$_closure2                : loaded 2 times (x 138B)
Class com.google.common.collect.ImmutableList$ReverseImmutableList                    : loaded 2 times (x 169B)
Class kotlin.collections.CollectionsKt__MutableCollectionsJVMKt                       : loaded 2 times (x 69B)
Class kotlin.collections.EmptyList                                                    : loaded 2 times (x 134B)
Class com.google.common.cache.AbstractCache$StatsCounter                              : loaded 2 times (x 68B)
Class com.google.common.collect.Maps$EntryFunction$1                                  : loaded 2 times (x 89B)
Class com.google.common.collect.Maps$EntryFunction$2                                  : loaded 2 times (x 89B)
Class org.objectweb.asm.FieldVisitor                                                  : loaded 2 times (x 75B)
Class org.objectweb.asm.Symbol                                                        : loaded 2 times (x 71B)
Class com.google.common.reflect.TypeToken                                             : loaded 2 times (x 71B)
Class com.google.common.cache.LocalCache$Strength$1                                   : loaded 2 times (x 79B)
Class com.google.common.collect.EmptyImmutableListMultimap                            : loaded 2 times (x 174B)
Class com.google.common.cache.LocalCache$Strength$2                                   : loaded 2 times (x 79B)
Class com.google.common.cache.LocalCache$Strength$3                                   : loaded 2 times (x 79B)
Class org.gradle.internal.classloader.ClassLoaderFactory                              : loaded 2 times (x 68B)
Class com.google.common.collect.ObjectArrays                                          : loaded 2 times (x 69B)
Class kotlin.io.LinesSequence$iterator$1                                              : loaded 2 times (x 77B)
Class com.google.common.base.Absent                                                   : loaded 2 times (x 78B)
Class com.google.common.util.concurrent.AbstractFuture$Waiter                         : loaded 2 times (x 70B)
Class kotlin.jvm.internal.FunctionReference                                           : loaded 2 times (x 120B)
Class com.google.common.util.concurrent.Uninterruptibles                              : loaded 2 times (x 69B)
Class com.google.common.collect.ImmutableList                                         : loaded 2 times (x 166B)
Class org.gradle.api.internal.classpath.ManifestUtil                                  : loaded 2 times (x 69B)
Class org.gradle.api.specs.Spec                                                       : loaded 2 times (x 68B)
Class com.google.common.collect.RangeSet                                              : loaded 2 times (x 68B)
Class kotlin.jvm.internal.Intrinsics                                                  : loaded 2 times (x 69B)
Class com.google.common.cache.CacheLoader$UnsupportedLoadingOperationException        : loaded 2 times (x 80B)
Class com.google.common.base.CharMatcher$Whitespace                                   : loaded 2 times (x 110B)
Class com.google.common.util.concurrent.ListenableFuture                              : loaded 2 times (x 68B)
Class kotlin.text.StringsKt___StringsJvmKt                                            : loaded 2 times (x 69B)
Class com.google.common.collect.Iterators$1                                           : loaded 2 times (x 79B)
Class com.google.common.collect.BaseImmutableMultimap                                 : loaded 2 times (x 121B)
Class com.google.common.collect.Iterators$4                                           : loaded 2 times (x 80B)
Class com.google.common.collect.RegularImmutableMap$BucketOverflowException           : loaded 2 times (x 80B)
Class com.google.common.collect.Iterators$5                                           : loaded 2 times (x 80B)
Class com.google.common.collect.Iterators$6                                           : loaded 2 times (x 79B)
Class com.google.common.util.concurrent.AbstractFuture$UnsafeAtomicHelper             : loaded 2 times (x 76B)
Class com.google.common.base.Joiner                                                   : loaded 2 times (x 77B)
Class com.google.common.base.Equivalence$Equals                                       : loaded 2 times (x 80B)
Class com.google.common.base.Preconditions                                            : loaded 2 times (x 69B)
Class com.google.common.base.Function                                                 : loaded 2 times (x 68B)
Class com.google.common.collect.Iterators$9                                           : loaded 2 times (x 79B)
Class org.gradle.internal.IoActions                                                   : loaded 2 times (x 69B)
Class com.google.common.cache.ReferenceEntry                                          : loaded 2 times (x 68B)
Class com.google.common.collect.CollectPreconditions                                  : loaded 2 times (x 69B)
Class com.google.common.collect.RegularImmutableMap$KeySet                            : loaded 2 times (x 150B)
Class kotlin.sequences.SequencesKt                                                    : loaded 2 times (x 69B)
Class [Lcom.google.common.base.Function;                                              : loaded 2 times (x 67B)
Class com.google.common.primitives.IntsMethodsForWeb                                  : loaded 2 times (x 69B)
Class com.google.common.collect.RangeGwtSerializationDependencies                     : loaded 2 times (x 69B)
Class kotlin.io.TextStreamsKt                                                         : loaded 2 times (x 69B)
Class kotlin.collections.EmptyIterator                                                : loaded 2 times (x 87B)
Class com.google.common.collect.Maps                                                  : loaded 2 times (x 69B)
Class com.google.common.collect.RegularImmutableMap                                   : loaded 2 times (x 119B)
Class com.google.common.collect.AbstractIndexedListIterator                           : loaded 2 times (x 94B)
Class com.google.common.collect.ImmutableMultimap$Builder                             : loaded 2 times (x 84B)
Class com.google.common.base.CharMatcher$None                                         : loaded 2 times (x 110B)
Class [Lorg.apache.commons.io.StandardLineSeparator;                                  : loaded 2 times (x 67B)
Class org.gradle.api.internal.classpath.EffectiveClassPath                            : loaded 2 times (x 88B)
Class org.apache.commons.io.StandardLineSeparator                                     : loaded 2 times (x 77B)
Class org.apache.commons.io.output.AppendableWriter                                   : loaded 2 times (x 98B)
Class com.google.common.collect.UnmodifiableListIterator                              : loaded 2 times (x 93B)
Class com.google.common.io.Files                                                      : loaded 2 times (x 69B)
Class com.google.common.cache.CacheLoader$FunctionToCacheLoader                       : loaded 2 times (x 73B)
Class com.google.common.cache.CacheBuilder$1                                          : loaded 2 times (x 83B)
Class com.google.common.base.Splitter$Strategy                                        : loaded 2 times (x 68B)
Class com.google.common.cache.CacheBuilder$2                                          : loaded 2 times (x 77B)
Class com.google.common.collect.ImmutableList$1                                       : loaded 2 times (x 95B)
Class com.google.common.cache.CacheBuilder$3                                          : loaded 2 times (x 70B)
Class com.google.common.io.CharStreams                                                : loaded 2 times (x 69B)
Class com.google.common.collect.ImmutableMapEntrySet$RegularEntrySet                  : loaded 2 times (x 150B)
Class com.google.common.base.Predicates$CompositionPredicate                          : loaded 2 times (x 86B)
Class [Lcom.google.common.cache.RemovalListener;                                      : loaded 2 times (x 67B)
Class [Lcom.google.common.collect.ImmutableMapEntry;                                  : loaded 2 times (x 67B)
Class org.gradle.internal.installation.CurrentGradleInstallation                      : loaded 2 times (x 71B)
Class kotlin.Metadata                                                                 : loaded 2 times (x 68B)
Class org.gradle.internal.installation.CurrentGradleInstallationLocator               : loaded 2 times (x 69B)
Class kotlin.collections.CollectionsKt__IteratorsJVMKt                                : loaded 2 times (x 69B)
Class [Lcom.google.common.cache.LocalCache$Segment;                                   : loaded 2 times (x 67B)
Class org.gradle.api.internal.classpath.Module                                        : loaded 2 times (x 68B)
Class com.google.common.collect.ImmutableSortedSet                                    : loaded 2 times (x 234B)
Class kotlin.annotation.Target                                                        : loaded 2 times (x 68B)
Class com.google.common.base.Splitter$1$1                                             : loaded 2 times (x 84B)
Class kotlin.sequences.SequencesKt__SequencesKt                                       : loaded 2 times (x 69B)
Class kotlin.LazyKt                                                                   : loaded 2 times (x 69B)
Class kotlin.sequences.SequencesKt__SequencesJVMKt                                    : loaded 2 times (x 69B)
Class com.google.common.collect.ImmutableSet$JdkBackedSetBuilderImpl                  : loaded 2 times (x 74B)
Class com.google.common.reflect.Types$TypeVariableInvocationHandler                   : loaded 2 times (x 73B)
Class com.google.common.reflect.Types$ClassOwnership                                  : loaded 2 times (x 78B)
Class com.google.common.collect.ImmutableSet$RegularSetBuilderImpl                    : loaded 2 times (x 75B)
Class [Lorg.objectweb.asm.AnnotationWriter;                                           : loaded 2 times (x 67B)
Class org.gradle.internal.service.CachingServiceLocator                               : loaded 2 times (x 80B)
Class kotlin.NoWhenBranchMatchedException                                             : loaded 2 times (x 80B)
Class [Lcom.google.common.collect.ImmutableEntry;                                     : loaded 2 times (x 67B)
Class kotlin.text.StringsKt__StringBuilderKt                                          : loaded 2 times (x 69B)
Class com.google.common.collect.Sets$ImprovedAbstractSet                              : loaded 2 times (x 133B)
Class com.google.common.collect.AbstractMapBasedMultimap$AsMap                        : loaded 2 times (x 126B)
Class org.gradle.internal.classpath.DefaultClassPath                                  : loaded 2 times (x 88B)
Class kotlin.annotation.Retention                                                     : loaded 2 times (x 68B)
Class com.google.common.util.concurrent.AbstractFuture$SetFuture                      : loaded 2 times (x 73B)
Class kotlin.collections.CollectionsKt__CollectionsJVMKt                              : loaded 2 times (x 69B)
Class kotlin.sequences.SequencesKt___SequencesKt                                      : loaded 2 times (x 69B)
Class com.google.common.collect.CollectCollectors                                     : loaded 2 times (x 69B)
Class kotlin.collections.SetsKt__SetsJVMKt                                            : loaded 2 times (x 69B)
Class kotlin.collections.MapsKt___MapsJvmKt                                           : loaded 2 times (x 69B)
Class com.google.common.collect.TransformedIterator                                   : loaded 2 times (x 78B)
Class com.google.common.base.Splitter$SplittingIterator                               : loaded 2 times (x 82B)
Class com.google.common.collect.ImmutableMultisetGwtSerializationDependencies         : loaded 2 times (x 123B)
Class com.google.common.reflect.TypeParameter                                         : loaded 2 times (x 70B)
Class kotlin.enums.EnumEntriesList                                                    : loaded 2 times (x 183B)
Class com.google.common.collect.ImmutableListMultimap                                 : loaded 2 times (x 174B)
Class com.google.common.cache.LocalCache$LocalManualCache$1                           : loaded 2 times (x 73B)
Class com.google.common.reflect.Types$ClassOwnership$1LocalClass                      : loaded 2 times (x 69B)
Class kotlin.jvm.functions.Function0                                                  : loaded 2 times (x 68B)
Class com.google.common.collect.Lists$RandomAccessReverseList                         : loaded 2 times (x 160B)
Class kotlin.jvm.functions.Function1                                                  : loaded 2 times (x 68B)
Class [Lcom.google.common.collect.AbstractIterator$State;                             : loaded 2 times (x 67B)
Class org.objectweb.asm.SymbolTable$Entry                                             : loaded 2 times (x 72B)
Class [Lcom.google.common.cache.LocalCache$EntryFactory;                              : loaded 2 times (x 67B)
Class kotlin.sequences.ConstrainedOnceSequence                                        : loaded 2 times (x 73B)
Class settings_8an8lvvuhe8n69gayy8h9a9jb                                              : loaded 2 times (x 177B)
Class com.google.common.base.CharMatcher$Is                                           : loaded 2 times (x 109B)
Class com.google.common.collect.Maps$AbstractFilteredMap                              : loaded 2 times (x 125B)
Class com.google.common.base.Platform                                                 : loaded 2 times (x 69B)
Class com.google.common.collect.RegularImmutableAsList                                : loaded 2 times (x 177B)
Class com.google.common.base.Suppliers$NonSerializableMemoizingSupplier               : loaded 2 times (x 77B)
Class com.google.common.collect.PeekingIterator                                       : loaded 2 times (x 68B)
Class kotlin.KotlinNullPointerException                                               : loaded 2 times (x 81B)
Class org.apache.commons.io.CloseableURLConnection                                    : loaded 2 times (x 114B)
Class com.google.common.reflect.TypeResolver$TypeTable$1                              : loaded 2 times (x 71B)
Class com.google.common.collect.ImmutableMapEntrySet                                  : loaded 2 times (x 150B)
Class com.google.common.cache.CacheLoader                                             : loaded 2 times (x 72B)
Class kotlin.io.NoSuchFileException                                                   : loaded 2 times (x 80B)
Class kotlin.reflect.KAnnotatedElement                                                : loaded 2 times (x 68B)
Class org.objectweb.asm.MethodTooLargeException                                       : loaded 2 times (x 81B)
Class kotlin.text.CharsKt                                                             : loaded 2 times (x 69B)
Class kotlin.ranges.RangesKt___RangesKt                                               : loaded 2 times (x 69B)
Class com.google.common.collect.HashBiMap$Inverse                                     : loaded 2 times (x 140B)
Class ijKotlinCoroutineJvmDebugInit1_47wgggy7g3aoyc50ehuy0dbm0                        : loaded 2 times (x 177B)
Class kotlin.collections.CollectionsKt___CollectionsKt                                : loaded 2 times (x 69B)
Class org.apache.commons.io.output.NullWriter                                         : loaded 2 times (x 97B)
Class com.google.common.cache.Cache                                                   : loaded 2 times (x 68B)
Class com.google.common.collect.Maps$EntrySet                                         : loaded 2 times (x 134B)
Class kotlin.UNINITIALIZED_VALUE                                                      : loaded 2 times (x 69B)
Class org.gradle.internal.classloader.SystemClassLoaderSpec                           : loaded 2 times (x 69B)
Class com.google.common.io.LineBuffer                                                 : loaded 2 times (x 73B)
Class com.google.common.util.concurrent.internal.InternalFutureFailureAccess          : loaded 2 times (x 70B)
Class com.google.common.base.Charsets                                                 : loaded 2 times (x 69B)
Class com.google.common.collect.SingletonImmutableSet                                 : loaded 2 times (x 144B)
Class [Lcom.google.common.base.AbstractIterator$State;                                : loaded 2 times (x 67B)
Class com.google.common.reflect.Types$TypeVariableImpl                                : loaded 2 times (x 70B)
Class com.google.common.collect.ImmutableMap$Builder                                  : loaded 2 times (x 80B)
Class com.google.common.io.LineReader$1                                               : loaded 2 times (x 73B)
Class kotlin.io.FileAlreadyExistsException                                            : loaded 2 times (x 80B)
Class com.google.common.base.AbstractIterator                                         : loaded 2 times (x 78B)
Class org.objectweb.asm.ClassWriter                                                   : loaded 2 times (x 104B)
Class kotlin.text.Charsets                                                            : loaded 2 times (x 69B)
Class com.google.common.collect.Range                                                 : loaded 2 times (x 85B)
Class org.apache.commons.io.IOUtils                                                   : loaded 2 times (x 69B)
Class kotlin.jvm.internal.FunctionBase                                                : loaded 2 times (x 68B)
Class kotlin.collections.SetsKt                                                       : loaded 2 times (x 69B)
Class kotlin.io.LinesSequence                                                         : loaded 2 times (x 73B)
Class kotlin.collections.MapWithDefault                                               : loaded 2 times (x 68B)
Class kotlin.Function                                                                 : loaded 2 times (x 68B)
Class [Lcom.google.common.cache.CacheBuilder$OneWeigher;                              : loaded 2 times (x 67B)
Class com.google.common.collect.Iterators                                             : loaded 2 times (x 69B)
Class com.google.common.base.CharMatcher$Ascii                                        : loaded 2 times (x 110B)
Class com.google.common.base.CharMatcher$1                                            : loaded 2 times (x 111B)
Class com.google.common.cache.LocalCache$ComputingValueReference                      : loaded 2 times (x 94B)
Class com.google.common.collect.ImmutableList$SerializedForm                          : loaded 2 times (x 71B)
Class org.gradle.api.UncheckedIOException                                             : loaded 2 times (x 80B)
Class com.google.common.base.CharMatcher$And                                          : loaded 2 times (x 110B)
Class build_b4r1rbaiu50w5g4wgrtlvtexx                                                 : loaded 2 times (x 178B)
Class kotlin.io.FilesKt__FileReadWriteKt                                              : loaded 2 times (x 69B)
Class [Lcom.google.common.io.FileWriteMode;                                           : loaded 2 times (x 67B)
Class com.google.common.io.Files$FileByteSink                                         : loaded 2 times (x 75B)
Class com.google.common.collect.IndexedImmutableSet                                   : loaded 2 times (x 150B)
Class com.google.common.base.ExtraObjectsMethodsForWeb                                : loaded 2 times (x 69B)
Class com.google.common.collect.AbstractListMultimap                                  : loaded 2 times (x 170B)
Class org.apache.commons.io.output.UnsynchronizedByteArrayOutputStream                : loaded 2 times (x 100B)
Class com.google.common.cache.LocalCache$Strength                                     : loaded 2 times (x 79B)
Class com.google.common.collect.AbstractMapBasedMultimap$KeySet                       : loaded 2 times (x 135B)
Class com.google.common.collect.SortedIterable                                        : loaded 2 times (x 68B)
Class com.google.common.collect.ArrayListMultimapGwtSerializationDependencies         : loaded 2 times (x 170B)
Class kotlin.Unit                                                                     : loaded 2 times (x 69B)
Class kotlin.io.FilePathComponents                                                    : loaded 2 times (x 70B)
Class com.google.common.collect.AbstractMapBasedMultimap$RandomAccessWrappedList      : loaded 2 times (x 165B)
Class org.objectweb.asm.Handler                                                       : loaded 2 times (x 70B)
Class org.gradle.api.internal.classpath.GlobalCacheRootsProvider                      : loaded 2 times (x 68B)
Class kotlin.collections.CollectionsKt                                                : loaded 2 times (x 69B)
Class kotlin.collections.ArraysKt___ArraysJvmKt                                       : loaded 2 times (x 69B)
Class com.google.common.collect.ImmutableList$SubList                                 : loaded 2 times (x 169B)
Class kotlin.collections.CollectionsKt___CollectionsJvmKt                             : loaded 2 times (x 69B)
Class com.google.common.cache.LocalCache$ValueReference                               : loaded 2 times (x 68B)
Class com.google.common.collect.CollectSpliterators                                   : loaded 2 times (x 69B)
Class com.google.common.io.Java8Compatibility                                         : loaded 2 times (x 69B)
Class org.gradle.internal.classloader.ClasspathUtil                                   : loaded 2 times (x 69B)
Class kotlin.ranges.RangesKt__RangesKt                                                : loaded 2 times (x 69B)
Class org.apache.commons.io.FileUtils                                                 : loaded 2 times (x 69B)
Class org.objectweb.asm.CurrentFrame                                                  : loaded 2 times (x 71B)
Class com.google.common.util.concurrent.AbstractFuture                                : loaded 2 times (x 93B)
Class kotlin.NotImplementedError                                                      : loaded 2 times (x 80B)
Class com.google.common.reflect.TypeResolver                                          : loaded 2 times (x 70B)
Class build_b4r1rbaiu50w5g4wgrtlvtexx$_run_closure1                                   : loaded 2 times (x 137B)
Class kotlin.collections.CollectionsKt__IteratorsKt                                   : loaded 2 times (x 69B)
Class com.google.common.base.Splitter$1                                               : loaded 2 times (x 75B)
Class com.google.common.base.Ticker$1                                                 : loaded 2 times (x 70B)
Class com.google.common.collect.Maps$BiMapConverter                                   : loaded 2 times (x 88B)
Class org.gradle.api.internal.DefaultClassPathRegistry                                : loaded 2 times (x 74B)
Class com.google.common.collect.AbstractIterator$State                                : loaded 2 times (x 77B)
Class com.google.common.util.concurrent.AbstractFuture$Cancellation                   : loaded 2 times (x 70B)
Class [Lorg.objectweb.asm.Symbol;                                                     : loaded 2 times (x 67B)
Class com.google.common.collect.Interner                                              : loaded 2 times (x 68B)
Class com.google.common.base.Predicates                                               : loaded 2 times (x 69B)
Class com.google.common.collect.ImmutableSet$SetBuilderImpl                           : loaded 2 times (x 74B)
Class org.gradle.api.internal.classpath.DefaultModuleRegistry$DefaultModule           : loaded 2 times (x 84B)
Class com.google.common.io.LineReader                                                 : loaded 2 times (x 70B)
Class com.google.common.collect.ImmutableMap$1                                        : loaded 2 times (x 79B)
Class com.google.common.base.CharMatcher$Or                                           : loaded 2 times (x 110B)
Class kotlin.text.StringsKt__StringsKt                                                : loaded 2 times (x 69B)
Class com.google.common.base.Suppliers$SupplierOfInstance                             : loaded 2 times (x 77B)
Class org.objectweb.asm.RecordComponentVisitor                                        : loaded 2 times (x 75B)
Class com.google.common.reflect.Types$ClassOwnership$1                                : loaded 2 times (x 78B)
Class com.google.common.reflect.Invokable                                             : loaded 2 times (x 99B)
Class com.google.common.reflect.Types$ClassOwnership$2                                : loaded 2 times (x 78B)
Class com.google.common.reflect.Types$ClassOwnership$3                                : loaded 2 times (x 69B)
Class com.google.common.collect.Iterables                                             : loaded 2 times (x 69B)
Class org.objectweb.asm.ClassTooLargeException                                        : loaded 2 times (x 81B)
Class org.gradle.api.internal.classpath.UnknownModuleException                        : loaded 2 times (x 80B)
Class kotlin.collections.MapsKt__MapsJVMKt                                            : loaded 2 times (x 69B)
Class com.google.common.collect.FluentIterable                                        : loaded 2 times (x 79B)
Class com.google.common.util.concurrent.AbstractFuture$Listener                       : loaded 2 times (x 70B)
Class com.google.common.collect.CollectSpliterators$1                                 : loaded 2 times (x 88B)
Class org.apache.commons.io.output.AbstractByteArrayOutputStream                      : loaded 2 times (x 100B)
Class com.google.common.collect.Iterables$4                                           : loaded 2 times (x 79B)
Class com.google.common.collect.Iterables$5                                           : loaded 2 times (x 79B)
Class org.objectweb.asm.Edge                                                          : loaded 2 times (x 70B)
Class com.google.common.collect.Maps$EntryTransformer                                 : loaded 2 times (x 68B)
Class com.google.common.collect.ImmutableCollection$Builder                           : loaded 2 times (x 74B)
Class kotlin.collections.ArraysKt___ArraysKt                                          : loaded 2 times (x 69B)
Class kotlin.text.StringsKt__StringNumberConversionsJVMKt                             : loaded 2 times (x 69B)
Class [Lorg.objectweb.asm.SymbolTable$Entry;                                          : loaded 2 times (x 67B)
Class com.google.common.reflect.Types$JavaVersion                                     : loaded 2 times (x 81B)
Class com.google.common.collect.SingletonImmutableBiMap                               : loaded 2 times (x 141B)
Class kotlin.TuplesKt                                                                 : loaded 2 times (x 69B)
Class kotlin.text.CharsKt__CharJVMKt                                                  : loaded 2 times (x 69B)
Class org.apache.commons.io.file.PathFilter                                           : loaded 2 times (x 68B)
Class com.google.common.base.CommonPattern                                            : loaded 2 times (x 72B)
Class com.google.common.base.Suppliers$MemoizingSupplier                              : loaded 2 times (x 77B)
Class com.google.common.base.Suppliers                                                : loaded 2 times (x 69B)
Class kotlin.LazyKt__LazyJVMKt                                                        : loaded 2 times (x 69B)
Class kotlin.text.StringsKt__IndentKt                                                 : loaded 2 times (x 69B)
Class org.objectweb.asm.ClassVisitor                                                  : loaded 2 times (x 86B)
Class com.google.common.cache.LoadingCache                                            : loaded 2 times (x 68B)
Class org.gradle.internal.service.ServiceLookupException                              : loaded 2 times (x 80B)
Class kotlin.collections.MapsKt__MapWithDefaultKt                                     : loaded 2 times (x 69B)
Class com.google.common.base.Present                                                  : loaded 2 times (x 79B)
Class kotlin.collections.EmptySet                                                     : loaded 2 times (x 120B)
Class com.google.common.base.CharMatcher$NegatedFastMatcher                           : loaded 2 times (x 111B)
Class [Lorg.gradle.api.internal.ClassPathProvider;                                    : loaded 2 times (x 67B)
Class com.google.common.util.concurrent.AbstractFuture$SafeAtomicHelper               : loaded 2 times (x 77B)
Class com.google.common.collect.ImmutableMultimap$Values                              : loaded 2 times (x 124B)
Class kotlin.collections.MapsKt                                                       : loaded 2 times (x 69B)
Class org.gradle.util.internal.GUtil                                                  : loaded 2 times (x 69B)
Class com.google.common.math.IntMath                                                  : loaded 2 times (x 69B)
Class [Lcom.google.common.reflect.Types$JavaVersion;                                  : loaded 2 times (x 67B)
Class com.google.common.collect.AbstractIterator                                      : loaded 2 times (x 80B)
Class org.gradle.internal.classloader.ClassLoaderSpec                                 : loaded 2 times (x 69B)
Class com.google.common.io.LineProcessor                                              : loaded 2 times (x 68B)
Class com.google.common.base.NullnessCasts                                            : loaded 2 times (x 69B)
Class com.google.common.io.CharSink                                                   : loaded 2 times (x 77B)
Class org.objectweb.asm.Frame                                                         : loaded 2 times (x 71B)
Class com.google.common.cache.LocalCache$LocalManualCache                             : loaded 2 times (x 97B)
Class com.google.common.collect.AbstractMapEntry                                      : loaded 2 times (x 79B)
Class com.google.common.collect.ImmutableList$Builder                                 : loaded 2 times (x 75B)
Class com.google.common.base.CharMatcher$Negated                                      : loaded 2 times (x 111B)
Class com.google.common.cache.CacheLoader$1                                           : loaded 2 times (x 73B)
Class com.google.common.util.concurrent.AbstractFuture$TrustedFuture                  : loaded 2 times (x 95B)
Class [Lkotlin.Pair;                                                                  : loaded 2 times (x 67B)
Class org.gradle.internal.classloader.InstrumentingClassLoader                        : loaded 2 times (x 68B)
Class org.apache.commons.io.FileExistsException                                       : loaded 2 times (x 80B)
Class com.google.common.collect.Maps$ViewCachingAbstractMap                           : loaded 2 times (x 123B)
Class com.google.common.collect.Sets                                                  : loaded 2 times (x 69B)
Class org.apache.commons.io.output.QueueOutputStream                                  : loaded 2 times (x 85B)
Class kotlin.io.FilesKt__UtilsKt                                                      : loaded 2 times (x 69B)
Class com.google.common.collect.ImmutableSet$Builder                                  : loaded 2 times (x 83B)
Class com.google.common.collect.Sets$FilteredSet                                      : loaded 2 times (x 135B)
Class com.google.common.base.CharMatcher$ForPredicate                                 : loaded 2 times (x 110B)
Class com.google.common.collect.ImmutableMap$MapViewOfValuesAsSingletonSets           : loaded 2 times (x 124B)
Class org.apache.commons.io.output.StringBuilderWriter                                : loaded 2 times (x 98B)
Class com.google.common.base.MoreObjects                                              : loaded 2 times (x 69B)
Class com.google.common.collect.SortedMapDifference                                   : loaded 2 times (x 68B)
Class org.objectweb.asm.SymbolTable                                                   : loaded 2 times (x 70B)
Class [Lorg.objectweb.asm.AnnotationVisitor;                                          : loaded 2 times (x 67B)
Class com.google.common.cache.CacheStats                                              : loaded 2 times (x 69B)
Class org.objectweb.asm.Attribute                                                     : loaded 2 times (x 75B)
Class org.gradle.internal.classloader.VisitableURLClassLoader                         : loaded 2 times (x 115B)
Class com.google.common.cache.LocalCache$LocalLoadingCache                            : loaded 2 times (x 132B)
Class com.google.common.base.Supplier                                                 : loaded 2 times (x 68B)
Class com.google.common.collect.HashBiMap$BiEntry                                     : loaded 2 times (x 81B)
Class kotlin.io.FilesKt__FileTreeWalkKt                                               : loaded 2 times (x 69B)
Class com.google.common.collect.ImmutableMultimap$Keys                                : loaded 2 times (x 164B)
Class com.google.common.base.Objects                                                  : loaded 2 times (x 69B)
Class com.google.common.util.concurrent.AbstractFuture$AtomicHelper                   : loaded 2 times (x 76B)
Class com.google.common.collect.ImmutableBiMap                                        : loaded 2 times (x 141B)
Class org.gradle.internal.Cast                                                        : loaded 2 times (x 69B)
Class com.google.common.hash.PrimitiveSink                                            : loaded 2 times (x 68B)
Class org.gradle.api.internal.ClassPathRegistry                                       : loaded 2 times (x 68B)
Class com.google.common.cache.LocalCache$EntryFactory                                 : loaded 2 times (x 81B)
Class com.google.common.util.concurrent.UncheckedExecutionException                   : loaded 2 times (x 80B)
Class com.google.common.collect.ImmutableSet                                          : loaded 2 times (x 143B)
Class org.gradle.internal.classloader.VisitableURLClassLoader$InstrumentingVisitableURLClassLoader: loaded 2 times (x 121B)
Class org.gradle.internal.classloader.ClassLoaderHierarchy                            : loaded 2 times (x 68B)
Class kotlin.sequences.SequencesKt___SequencesJvmKt                                   : loaded 2 times (x 69B)
Class kotlin.collections.MapsKt__MapsKt                                               : loaded 2 times (x 69B)
Class org.apache.commons.io.file.DeleteOption                                         : loaded 2 times (x 68B)
Class kotlin.collections.ArraysKt                                                     : loaded 2 times (x 69B)
Class kotlin.text.CharsKt__CharKt                                                     : loaded 2 times (x 69B)
Class com.google.common.collect.Lists$ReverseList                                     : loaded 2 times (x 160B)
Class com.google.common.io.Closer$Suppressor                                          : loaded 2 times (x 68B)
Class kotlin.collections.MapsKt___MapsKt                                              : loaded 2 times (x 69B)
Class com.google.common.collect.AbstractMapBasedMultimap$WrappedList                  : loaded 2 times (x 165B)
Class [Lorg.objectweb.asm.Type;                                                       : loaded 2 times (x 67B)
Class com.google.common.base.AbstractIterator$State                                   : loaded 2 times (x 77B)
Class com.google.common.collect.Lists$ReverseList$1                                   : loaded 2 times (x 97B)
Class com.google.common.cache.Weigher                                                 : loaded 2 times (x 68B)
Class com.google.common.base.CharMatcher$NamedFastMatcher                             : loaded 2 times (x 110B)
Class org.gradle.internal.InternalTransformer                                         : loaded 2 times (x 68B)
Class com.google.common.collect.AbstractMapBasedMultimap$AsMap$AsMapEntries           : loaded 2 times (x 136B)
Class org.apache.commons.io.output.NullOutputStream                                   : loaded 2 times (x 83B)
Class kotlin.sequences.Sequence                                                       : loaded 2 times (x 68B)
Class org.gradle.internal.service.ServiceLocator                                      : loaded 2 times (x 68B)
Class com.google.common.collect.ImmutableRangeSet$1                                   : loaded 2 times (x 170B)
Class com.google.common.util.concurrent.SettableFuture                                : loaded 2 times (x 95B)
Class com.google.common.io.Files$2                                                    : loaded 2 times (x 74B)
Class com.google.common.collect.ImmutableMapEntry                                     : loaded 2 times (x 83B)
Class com.google.common.reflect.Types$ParameterizedTypeImpl                           : loaded 2 times (x 79B)
Class com.google.common.collect.Maps$EntryFunction                                    : loaded 2 times (x 89B)
Class kotlin.reflect.KFunction                                                        : loaded 2 times (x 68B)
Class com.google.common.base.Joiner$1                                                 : loaded 2 times (x 78B)
Class kotlin.LazyKt__LazyKt                                                           : loaded 2 times (x 69B)
Class kotlin.jvm.KotlinReflectionNotSupportedError                                    : loaded 2 times (x 80B)
Class com.google.common.base.Joiner$2                                                 : loaded 2 times (x 77B)
Class com.google.common.collect.HashBiMap                                             : loaded 2 times (x 141B)
Class kotlin.io.TerminateException                                                    : loaded 2 times (x 80B)
Class ijKotlinCoroutineJvmDebugInit1_47wgggy7g3aoyc50ehuy0dbm0$_run_closure1$_closure2: loaded 2 times (x 137B)
Class com.google.common.collect.ImmutableMultiset                                     : loaded 2 times (x 161B)
Class com.google.common.reflect.Types$JavaVersion$1                                   : loaded 2 times (x 81B)
Class com.google.common.base.CharMatcher$FastMatcher                                  : loaded 2 times (x 109B)
Class com.google.common.reflect.Types$JavaVersion$2                                   : loaded 2 times (x 81B)
Class com.google.common.reflect.Types$JavaVersion$3                                   : loaded 2 times (x 81B)
Class org.gradle.internal.classpath.DefaultClassPath$ImmutableUniqueList              : loaded 2 times (x 159B)
Class com.google.common.reflect.Types$JavaVersion$4                                   : loaded 2 times (x 81B)
Class com.google.common.reflect.Types$JavaVersion$5                                   : loaded 2 times (x 69B)
Class com.google.common.collect.ImmutableMultimap$1                                   : loaded 2 times (x 80B)
Class com.google.common.collect.ImmutableMultimap$2                                   : loaded 2 times (x 79B)
Class org.gradle.internal.classpath.TransformedClassPath                              : loaded 2 times (x 94B)
Class com.google.common.collect.MapDifference                                         : loaded 2 times (x 68B)
Class com.google.common.reflect.TypeToken$SimpleTypeToken                             : loaded 2 times (x 71B)
Class com.google.common.collect.Sets$1                                                : loaded 2 times (x 137B)
Class com.google.common.collect.Sets$2                                                : loaded 2 times (x 137B)
Class com.google.common.util.concurrent.AbstractFuture$Trusted                        : loaded 2 times (x 68B)
Class com.google.common.collect.Sets$3                                                : loaded 2 times (x 137B)
Class com.google.common.graph.SuccessorsFunction                                      : loaded 2 times (x 68B)
Class com.google.common.collect.Sets$4                                                : loaded 2 times (x 137B)
Class kotlin.text.StringsKt___StringsKt                                               : loaded 2 times (x 69B)
Class com.google.common.reflect.Types$NativeTypeVariableEquals                        : loaded 2 times (x 69B)
Class kotlin.Pair                                                                     : loaded 2 times (x 70B)
Class com.google.common.io.ByteSink                                                   : loaded 2 times (x 74B)
Class org.objectweb.asm.MethodWriter                                                  : loaded 2 times (x 104B)
Class kotlin.collections.AbstractList$Companion                                       : loaded 2 times (x 69B)
Class com.google.common.collect.Platform                                              : loaded 2 times (x 69B)
Class com.google.common.collect.ImmutableAsList                                       : loaded 2 times (x 169B)
Class kotlin.SynchronizedLazyImpl                                                     : loaded 2 times (x 74B)
Class com.google.common.util.concurrent.ExecutionError                                : loaded 2 times (x 80B)
Class com.google.common.io.ByteSink$AsCharSink                                        : loaded 2 times (x 78B)
Class com.google.common.base.Equivalence$Identity                                     : loaded 2 times (x 80B)
Class com.google.common.base.CharMatcher$AnyOf                                        : loaded 2 times (x 110B)
Class com.google.common.base.CharMatcher$IsEither                                     : loaded 2 times (x 109B)
Class ijKotlinCoroutineJvmDebugInit1_47wgggy7g3aoyc50ehuy0dbm0$_run_closure1          : loaded 2 times (x 137B)
Class kotlin.collections.SetsKt__SetsKt                                               : loaded 2 times (x 69B)
Class com.google.common.cache.LocalCache                                              : loaded 2 times (x 185B)
Class com.google.common.collect.ImmutableRangeSet$Builder                             : loaded 2 times (x 75B)
Class com.google.common.collect.RegularImmutableList                                  : loaded 2 times (x 173B)
Class com.google.common.util.concurrent.AbstractFuture$UnsafeAtomicHelper$1           : loaded 2 times (x 74B)
Class [Lorg.apache.commons.io.file.DeleteOption;                                      : loaded 2 times (x 67B)
Class org.apache.commons.io.file.PathUtils                                            : loaded 2 times (x 69B)
Class com.google.common.collect.Multiset                                              : loaded 2 times (x 68B)
Class com.google.common.collect.ImmutableSet$CachingAsList                            : loaded 2 times (x 146B)
Class kotlin.collections.EmptyMap                                                     : loaded 2 times (x 107B)
Class com.google.common.reflect.Invokable$ConstructorInvokable                        : loaded 2 times (x 103B)
Class org.objectweb.asm.MethodVisitor                                                 : loaded 2 times (x 103B)
Class com.google.common.collect.AbstractMapBasedMultimap$KeySet$1                     : loaded 2 times (x 80B)
Class com.google.common.collect.ImmutableMapEntry$NonTerminalImmutableMapEntry        : loaded 2 times (x 83B)
Class com.google.common.collect.AbstractMapBasedMultimap                              : loaded 2 times (x 137B)


---------------  S Y S T E M  ---------------

OS:
 Windows 11 , 64 bit Build 26100 (10.0.26100.8875)
OS uptime: 4 days 10:47 hours

CPU: total 24 (initial active 24) (24 cores per cpu, 2 threads per core) family 25 model 33 stepping 2 microcode 0xa201210, cx8, cmov, fxsr, ht, mmx, 3dnowpref, sse, sse2, sse3, ssse3, sse4a, sse4.1, sse4.2, popcnt, lzcnt, tsc, tscinvbit, avx, avx2, aes, erms, clmul, bmi1, bmi2, adx, sha, fma, vzeroupper, clflush, clflushopt
Processor Information for all 24 processors :
  Max Mhz: 3700, Current Mhz: 3700, Mhz Limit: 3700

Memory: 4k page, system-wide physical 32676M (9306M free)
TotalPageFile size 42676M (AvailPageFile size 74M)
current process WorkingSet (physical memory assigned to process): 983M, peak: 983M
current process commit charge ("private bytes"): 1376M, peak: 1869M

vm_info: OpenJDK 64-Bit Server VM (17.0.14+1-b1367.22) for windows-amd64 JRE (17.0.14+1-b1367.22), built on 2025-01-30 by "builduser" with MS VC++ 16.10 / 16.11 (VS2019)

END.
